Sexo;Comunidad autónoma;Familia profesional;Total
AMBOS SEXOS;TOTAL;ACTIVIDADES FÍSICAS Y DEPORTIVAS;73,8
AMBOS SEXOS;TOTAL;ADMINISTRACIÓN Y GESTIÓN;73,7
AMBOS SEXOS;TOTAL;AGRARIA;74,4
AMBOS SEXOS;TOTAL;ARTES GRÁFICAS;76,3
AMBOS SEXOS;TOTAL;ARTES Y ARTESANÍAS;.
AMBOS SEXOS;TOTAL;COMERCIO Y MARKETING;75,2
AMBOS SEXOS;TOTAL;EDIFICACIÓN Y OBRA CIVIL;68,2
AMBOS SEXOS;TOTAL;ELECTRICIDAD Y ELECTRÓNICA;69,6
AMBOS SEXOS;TOTAL;ENERGÍA Y AGUA;.
AMBOS SEXOS;TOTAL;FABRICACIÓN MECÁNICA;72,4
AMBOS SEXOS;TOTAL;HOSTELERÍA Y TURISMO;73,6
AMBOS SEXOS;TOTAL;IMAGEN PERSONAL;71,8
AMBOS SEXOS;TOTAL;IMAGEN Y SONIDO;.
AMBOS SEXOS;TOTAL;INDUSTRIAS ALIMENTARIAS;75,9
AMBOS SEXOS;TOTAL;INDUSTRIAS EXTRACTIVAS;.
AMBOS SEXOS;TOTAL;INFORMÁTICA Y COMUNICACIONES;73,5
AMBOS SEXOS;TOTAL;INSTALACIÓN Y MANTENIMIENTO;76,0
AMBOS SEXOS;TOTAL;MADERA, MUEBLE Y CORCHO;73,0
AMBOS SEXOS;TOTAL;MARÍTIMO-PESQUERA;69,7
AMBOS SEXOS;TOTAL;QUÍMICA;.
AMBOS SEXOS;TOTAL;SANIDAD;.
AMBOS SEXOS;TOTAL;SEGURIDAD Y MEDIO AMBIENTE;.
AMBOS SEXOS;TOTAL;SERVICIOS SOCIOCULTURALES Y A LA COMUNIDAD;81,4
AMBOS SEXOS;TOTAL;TEXTIL, CONFECCIÓN Y PIEL;66,5
AMBOS SEXOS;TOTAL;TRANSPORTE Y MANTENIMIENTO DE VEHÍCULOS;67,8
AMBOS SEXOS;TOTAL;VIDRIO Y CERÁMICA;79,3
AMBOS SEXOS;Andalucía;ACTIVIDADES FÍSICAS Y DEPORTIVAS;61,5
AMBOS SEXOS;Andalucía;ADMINISTRACIÓN Y GESTIÓN;75,8
AMBOS SEXOS;Andalucía;AGRARIA;73,5
AMBOS SEXOS;Andalucía;ARTES GRÁFICAS;76,0
AMBOS SEXOS;Andalucía;ARTES Y ARTESANÍAS;.
AMBOS SEXOS;Andalucía;COMERCIO Y MARKETING;73,6
AMBOS SEXOS;Andalucía;EDIFICACIÓN Y OBRA CIVIL;68,1
AMBOS SEXOS;Andalucía;ELECTRICIDAD Y ELECTRÓNICA;73,7
AMBOS SEXOS;Andalucía;ENERGÍA Y AGUA;.
AMBOS SEXOS;Andalucía;FABRICACIÓN MECÁNICA;74,6
AMBOS SEXOS;Andalucía;HOSTELERÍA Y TURISMO;72,7
AMBOS SEXOS;Andalucía;IMAGEN PERSONAL;72,3
AMBOS SEXOS;Andalucía;IMAGEN Y SONIDO;.
AMBOS SEXOS;Andalucía;INDUSTRIAS ALIMENTARIAS;82,5
AMBOS SEXOS;Andalucía;INDUSTRIAS EXTRACTIVAS;.
AMBOS SEXOS;Andalucía;INFORMÁTICA Y COMUNICACIONES;74,9
AMBOS SEXOS;Andalucía;INSTALACIÓN Y MANTENIMIENTO;.
AMBOS SEXOS;Andalucía;MADERA, MUEBLE Y CORCHO;68,9
AMBOS SEXOS;Andalucía;MARÍTIMO-PESQUERA;.
AMBOS SEXOS;Andalucía;QUÍMICA;.
AMBOS SEXOS;Andalucía;SANIDAD;.
AMBOS SEXOS;Andalucía;SEGURIDAD Y MEDIO AMBIENTE;.
AMBOS SEXOS;Andalucía;SERVICIOS SOCIOCULTURALES Y A LA COMUNIDAD;76,6
AMBOS SEXOS;Andalucía;TEXTIL, CONFECCIÓN Y PIEL;68,2
AMBOS SEXOS;Andalucía;TRANSPORTE Y MANTENIMIENTO DE VEHÍCULOS;69,9
AMBOS SEXOS;Andalucía;VIDRIO Y CERÁMICA;72,2
AMBOS SEXOS;Aragón;ACTIVIDADES FÍSICAS Y DEPORTIVAS;.
AMBOS SEXOS;Aragón;ADMINISTRACIÓN Y GESTIÓN;65,5
AMBOS SEXOS;Aragón;AGRARIA;69,7
AMBOS SEXOS;Aragón;ARTES GRÁFICAS;67,8
AMBOS SEXOS;Aragón;ARTES Y ARTESANÍAS;.
AMBOS SEXOS;Aragón;COMERCIO Y MARKETING;72,4
AMBOS SEXOS;Aragón;EDIFICACIÓN Y OBRA CIVIL;90,8
AMBOS SEXOS;Aragón;ELECTRICIDAD Y ELECTRÓNICA;60,1
AMBOS SEXOS;Aragón;ENERGÍA Y AGUA;.
AMBOS SEXOS;Aragón;FABRICACIÓN MECÁNICA;75,6
AMBOS SEXOS;Aragón;HOSTELERÍA Y TURISMO;75,7
AMBOS SEXOS;Aragón;IMAGEN PERSONAL;67,1
AMBOS SEXOS;Aragón;IMAGEN Y SONIDO;.
AMBOS SEXOS;Aragón;INDUSTRIAS ALIMENTARIAS;69,3
AMBOS SEXOS;Aragón;INDUSTRIAS EXTRACTIVAS;.
AMBOS SEXOS;Aragón;INFORMÁTICA Y COMUNICACIONES;71,2
AMBOS SEXOS;Aragón;INSTALACIÓN Y MANTENIMIENTO;47,1
AMBOS SEXOS;Aragón;MADERA, MUEBLE Y CORCHO;72,6
AMBOS SEXOS;Aragón;MARÍTIMO-PESQUERA;.
AMBOS SEXOS;Aragón;QUÍMICA;.
AMBOS SEXOS;Aragón;SANIDAD;.
AMBOS SEXOS;Aragón;SEGURIDAD Y MEDIO AMBIENTE;.
AMBOS SEXOS;Aragón;SERVICIOS SOCIOCULTURALES Y A LA COMUNIDAD;.
AMBOS SEXOS;Aragón;TEXTIL, CONFECCIÓN Y PIEL;70,7
AMBOS SEXOS;Aragón;TRANSPORTE Y MANTENIMIENTO DE VEHÍCULOS;72,6
AMBOS SEXOS;Aragón;VIDRIO Y CERÁMICA;.
AMBOS SEXOS;Asturias, Principado de;ACTIVIDADES FÍSICAS Y DEPORTIVAS;.
AMBOS SEXOS;Asturias, Principado de;ADMINISTRACIÓN Y GESTIÓN;60,3
AMBOS SEXOS;Asturias, Principado de;AGRARIA;100,0
AMBOS SEXOS;Asturias, Principado de;ARTES GRÁFICAS;.
AMBOS SEXOS;Asturias, Principado de;ARTES Y ARTESANÍAS;.
AMBOS SEXOS;Asturias, Principado de;COMERCIO Y MARKETING;54,4
AMBOS SEXOS;Asturias, Principado de;EDIFICACIÓN Y OBRA CIVIL;.
AMBOS SEXOS;Asturias, Principado de;ELECTRICIDAD Y ELECTRÓNICA;48,3
AMBOS SEXOS;Asturias, Principado de;ENERGÍA Y AGUA;.
AMBOS SEXOS;Asturias, Principado de;FABRICACIÓN MECÁNICA;61,1
AMBOS SEXOS;Asturias, Principado de;HOSTELERÍA Y TURISMO;68,3
AMBOS SEXOS;Asturias, Principado de;IMAGEN PERSONAL;58,5
AMBOS SEXOS;Asturias, Principado de;IMAGEN Y SONIDO;.
AMBOS SEXOS;Asturias, Principado de;INDUSTRIAS ALIMENTARIAS;.
AMBOS SEXOS;Asturias, Principado de;INDUSTRIAS EXTRACTIVAS;.
AMBOS SEXOS;Asturias, Principado de;INFORMÁTICA Y COMUNICACIONES;66,3
AMBOS SEXOS;Asturias, Principado de;INSTALACIÓN Y MANTENIMIENTO;.
AMBOS SEXOS;Asturias, Principado de;MADERA, MUEBLE Y CORCHO;67,2
AMBOS SEXOS;Asturias, Principado de;MARÍTIMO-PESQUERA;.
AMBOS SEXOS;Asturias, Principado de;QUÍMICA;.
AMBOS SEXOS;Asturias, Principado de;SANIDAD;.
AMBOS SEXOS;Asturias, Principado de;SEGURIDAD Y MEDIO AMBIENTE;.
AMBOS SEXOS;Asturias, Principado de;SERVICIOS SOCIOCULTURALES Y A LA COMUNIDAD;.
AMBOS SEXOS;Asturias, Principado de;TEXTIL, CONFECCIÓN Y PIEL;.
AMBOS SEXOS;Asturias, Principado de;TRANSPORTE Y MANTENIMIENTO DE VEHÍCULOS;60,4
AMBOS SEXOS;Asturias, Principado de;VIDRIO Y CERÁMICA;.
AMBOS SEXOS;Balears, Illes;ACTIVIDADES FÍSICAS Y DEPORTIVAS;78,8
AMBOS SEXOS;Balears, Illes;ADMINISTRACIÓN Y GESTIÓN;74,4
AMBOS SEXOS;Balears, Illes;AGRARIA;77,2
AMBOS SEXOS;Balears, Illes;ARTES GRÁFICAS;96,1
AMBOS SEXOS;Balears, Illes;ARTES Y ARTESANÍAS;.
AMBOS SEXOS;Balears, Illes;COMERCIO Y MARKETING;80,1
AMBOS SEXOS;Balears, Illes;EDIFICACIÓN Y OBRA CIVIL;.
AMBOS SEXOS;Balears, Illes;ELECTRICIDAD Y ELECTRÓNICA;81,0
AMBOS SEXOS;Balears, Illes;ENERGÍA Y AGUA;.
AMBOS SEXOS;Balears, Illes;FABRICACIÓN MECÁNICA;75,5
AMBOS SEXOS;Balears, Illes;HOSTELERÍA Y TURISMO;79,1
AMBOS SEXOS;Balears, Illes;IMAGEN PERSONAL;75,5
AMBOS SEXOS;Balears, Illes;IMAGEN Y SONIDO;.
AMBOS SEXOS;Balears, Illes;INDUSTRIAS ALIMENTARIAS;.
AMBOS SEXOS;Balears, Illes;INDUSTRIAS EXTRACTIVAS;.
AMBOS SEXOS;Balears, Illes;INFORMÁTICA Y COMUNICACIONES;77,6
AMBOS SEXOS;Balears, Illes;INSTALACIÓN Y MANTENIMIENTO;80,6
AMBOS SEXOS;Balears, Illes;MADERA, MUEBLE Y CORCHO;51,8
AMBOS SEXOS;Balears, Illes;MARÍTIMO-PESQUERA;.
AMBOS SEXOS;Balears, Illes;QUÍMICA;.
AMBOS SEXOS;Balears, Illes;SANIDAD;.
AMBOS SEXOS;Balears, Illes;SEGURIDAD Y MEDIO AMBIENTE;.
AMBOS SEXOS;Balears, Illes;SERVICIOS SOCIOCULTURALES Y A LA COMUNIDAD;.
AMBOS SEXOS;Balears, Illes;TEXTIL, CONFECCIÓN Y PIEL;.
AMBOS SEXOS;Balears, Illes;TRANSPORTE Y MANTENIMIENTO DE VEHÍCULOS;78,6
AMBOS SEXOS;Balears, Illes;VIDRIO Y CERÁMICA;.
AMBOS SEXOS;Canarias;ACTIVIDADES FÍSICAS Y DEPORTIVAS;.
AMBOS SEXOS;Canarias;ADMINISTRACIÓN Y GESTIÓN;66,6
AMBOS SEXOS;Canarias;AGRARIA;66,2
AMBOS SEXOS;Canarias;ARTES GRÁFICAS;.
AMBOS SEXOS;Canarias;ARTES Y ARTESANÍAS;.
AMBOS SEXOS;Canarias;COMERCIO Y MARKETING;72,6
AMBOS SEXOS;Canarias;EDIFICACIÓN Y OBRA CIVIL;64,2
AMBOS SEXOS;Canarias;ELECTRICIDAD Y ELECTRÓNICA;62,1
AMBOS SEXOS;Canarias;ENERGÍA Y AGUA;.
AMBOS SEXOS;Canarias;FABRICACIÓN MECÁNICA;62,2
AMBOS SEXOS;Canarias;HOSTELERÍA Y TURISMO;71,8
AMBOS SEXOS;Canarias;IMAGEN PERSONAL;65,9
AMBOS SEXOS;Canarias;IMAGEN Y SONIDO;.
AMBOS SEXOS;Canarias;INDUSTRIAS ALIMENTARIAS;.
AMBOS SEXOS;Canarias;INDUSTRIAS EXTRACTIVAS;.
AMBOS SEXOS;Canarias;INFORMÁTICA Y COMUNICACIONES;67,4
AMBOS SEXOS;Canarias;INSTALACIÓN Y MANTENIMIENTO;65,0
AMBOS SEXOS;Canarias;MADERA, MUEBLE Y CORCHO;68,5
AMBOS SEXOS;Canarias;MARÍTIMO-PESQUERA;.
AMBOS SEXOS;Canarias;QUÍMICA;.
AMBOS SEXOS;Canarias;SANIDAD;.
AMBOS SEXOS;Canarias;SEGURIDAD Y MEDIO AMBIENTE;.
AMBOS SEXOS;Canarias;SERVICIOS SOCIOCULTURALES Y A LA COMUNIDAD;75,1
AMBOS SEXOS;Canarias;TEXTIL, CONFECCIÓN Y PIEL;64,9
AMBOS SEXOS;Canarias;TRANSPORTE Y MANTENIMIENTO DE VEHÍCULOS;62,0
AMBOS SEXOS;Canarias;VIDRIO Y CERÁMICA;.
AMBOS SEXOS;Cantabria;ACTIVIDADES FÍSICAS Y DEPORTIVAS;.
AMBOS SEXOS;Cantabria;ADMINISTRACIÓN Y GESTIÓN;92,0
AMBOS SEXOS;Cantabria;AGRARIA;87,9
AMBOS SEXOS;Cantabria;ARTES GRÁFICAS;96,1
AMBOS SEXOS;Cantabria;ARTES Y ARTESANÍAS;.
AMBOS SEXOS;Cantabria;COMERCIO Y MARKETING;87,6
AMBOS SEXOS;Cantabria;EDIFICACIÓN Y OBRA CIVIL;100,0
AMBOS SEXOS;Cantabria;ELECTRICIDAD Y ELECTRÓNICA;78,1
AMBOS SEXOS;Cantabria;ENERGÍA Y AGUA;.
AMBOS SEXOS;Cantabria;FABRICACIÓN MECÁNICA;71,6
AMBOS SEXOS;Cantabria;HOSTELERÍA Y TURISMO;78,8
AMBOS SEXOS;Cantabria;IMAGEN PERSONAL;80,8
AMBOS SEXOS;Cantabria;IMAGEN Y SONIDO;.
AMBOS SEXOS;Cantabria;INDUSTRIAS ALIMENTARIAS;72,0
AMBOS SEXOS;Cantabria;INDUSTRIAS EXTRACTIVAS;.
AMBOS SEXOS;Cantabria;INFORMÁTICA Y COMUNICACIONES;92,4
AMBOS SEXOS;Cantabria;INSTALACIÓN Y MANTENIMIENTO;.
AMBOS SEXOS;Cantabria;MADERA, MUEBLE Y CORCHO;86,4
AMBOS SEXOS;Cantabria;MARÍTIMO-PESQUERA;.
AMBOS SEXOS;Cantabria;QUÍMICA;.
AMBOS SEXOS;Cantabria;SANIDAD;.
AMBOS SEXOS;Cantabria;SEGURIDAD Y MEDIO AMBIENTE;.
AMBOS SEXOS;Cantabria;SERVICIOS SOCIOCULTURALES Y A LA COMUNIDAD;.
AMBOS SEXOS;Cantabria;TEXTIL, CONFECCIÓN Y PIEL;88,0
AMBOS SEXOS;Cantabria;TRANSPORTE Y MANTENIMIENTO DE VEHÍCULOS;71,2
AMBOS SEXOS;Cantabria;VIDRIO Y CERÁMICA;.
AMBOS SEXOS;Castilla y León;ACTIVIDADES FÍSICAS Y DEPORTIVAS;.
AMBOS SEXOS;Castilla y León;ADMINISTRACIÓN Y GESTIÓN;67,8
AMBOS SEXOS;Castilla y León;AGRARIA;63,3
AMBOS SEXOS;Castilla y León;ARTES GRÁFICAS;.
AMBOS SEXOS;Castilla y León;ARTES Y ARTESANÍAS;.
AMBOS SEXOS;Castilla y León;COMERCIO Y MARKETING;70,5
AMBOS SEXOS;Castilla y León;EDIFICACIÓN Y OBRA CIVIL;75,3
AMBOS SEXOS;Castilla y León;ELECTRICIDAD Y ELECTRÓNICA;66,2
AMBOS SEXOS;Castilla y León;ENERGÍA Y AGUA;.
AMBOS SEXOS;Castilla y León;FABRICACIÓN MECÁNICA;65,4
AMBOS SEXOS;Castilla y León;HOSTELERÍA Y TURISMO;64,5
AMBOS SEXOS;Castilla y León;IMAGEN PERSONAL;63,1
AMBOS SEXOS;Castilla y León;IMAGEN Y SONIDO;.
AMBOS SEXOS;Castilla y León;INDUSTRIAS ALIMENTARIAS;54,9
AMBOS SEXOS;Castilla y León;INDUSTRIAS EXTRACTIVAS;.
AMBOS SEXOS;Castilla y León;INFORMÁTICA Y COMUNICACIONES;66,1
AMBOS SEXOS;Castilla y León;INSTALACIÓN Y MANTENIMIENTO;.
AMBOS SEXOS;Castilla y León;MADERA, MUEBLE Y CORCHO;70,4
AMBOS SEXOS;Castilla y León;MARÍTIMO-PESQUERA;.
AMBOS SEXOS;Castilla y León;QUÍMICA;.
AMBOS SEXOS;Castilla y León;SANIDAD;.
AMBOS SEXOS;Castilla y León;SEGURIDAD Y MEDIO AMBIENTE;.
AMBOS SEXOS;Castilla y León;SERVICIOS SOCIOCULTURALES Y A LA COMUNIDAD;.
AMBOS SEXOS;Castilla y León;TEXTIL, CONFECCIÓN Y PIEL;67,6
AMBOS SEXOS;Castilla y León;TRANSPORTE Y MANTENIMIENTO DE VEHÍCULOS;66,3
AMBOS SEXOS;Castilla y León;VIDRIO Y CERÁMICA;.
AMBOS SEXOS;Castilla.La Mancha;ACTIVIDADES FÍSICAS Y DEPORTIVAS;72,5
AMBOS SEXOS;Castilla.La Mancha;ADMINISTRACIÓN Y GESTIÓN;77,8
AMBOS SEXOS;Castilla.La Mancha;AGRARIA;73,8
AMBOS SEXOS;Castilla.La Mancha;ARTES GRÁFICAS;67,6
AMBOS SEXOS;Castilla.La Mancha;ARTES Y ARTESANÍAS;.
AMBOS SEXOS;Castilla.La Mancha;COMERCIO Y MARKETING;72,3
AMBOS SEXOS;Castilla.La Mancha;EDIFICACIÓN Y OBRA CIVIL;.
AMBOS SEXOS;Castilla.La Mancha;ELECTRICIDAD Y ELECTRÓNICA;72,7
AMBOS SEXOS;Castilla.La Mancha;ENERGÍA Y AGUA;.
AMBOS SEXOS;Castilla.La Mancha;FABRICACIÓN MECÁNICA;69,3
AMBOS SEXOS;Castilla.La Mancha;HOSTELERÍA Y TURISMO;75,5
AMBOS SEXOS;Castilla.La Mancha;IMAGEN PERSONAL;75,9
AMBOS SEXOS;Castilla.La Mancha;IMAGEN Y SONIDO;.
AMBOS SEXOS;Castilla.La Mancha;INDUSTRIAS ALIMENTARIAS;76,7
AMBOS SEXOS;Castilla.La Mancha;INDUSTRIAS EXTRACTIVAS;.
AMBOS SEXOS;Castilla.La Mancha;INFORMÁTICA Y COMUNICACIONES;74,8
AMBOS SEXOS;Castilla.La Mancha;INSTALACIÓN Y MANTENIMIENTO;70,0
AMBOS SEXOS;Castilla.La Mancha;MADERA, MUEBLE Y CORCHO;89,2
AMBOS SEXOS;Castilla.La Mancha;MARÍTIMO-PESQUERA;.
AMBOS SEXOS;Castilla.La Mancha;QUÍMICA;.
AMBOS SEXOS;Castilla.La Mancha;SANIDAD;.
AMBOS SEXOS;Castilla.La Mancha;SEGURIDAD Y MEDIO AMBIENTE;.
AMBOS SEXOS;Castilla.La Mancha;SERVICIOS SOCIOCULTURALES Y A LA COMUNIDAD;.
AMBOS SEXOS;Castilla.La Mancha;TEXTIL, CONFECCIÓN Y PIEL;61,9
AMBOS SEXOS;Castilla.La Mancha;TRANSPORTE Y MANTENIMIENTO DE VEHÍCULOS;67,9
AMBOS SEXOS;Castilla.La Mancha;VIDRIO Y CERÁMICA;.
AMBOS SEXOS;Cataluña;ACTIVIDADES FÍSICAS Y DEPORTIVAS;..
AMBOS SEXOS;Cataluña;ADMINISTRACIÓN Y GESTIÓN;..
AMBOS SEXOS;Cataluña;AGRARIA;..
AMBOS SEXOS;Cataluña;ARTES GRÁFICAS;..
AMBOS SEXOS;Cataluña;ARTES Y ARTESANÍAS;..
AMBOS SEXOS;Cataluña;COMERCIO Y MARKETING;..
AMBOS SEXOS;Cataluña;EDIFICACIÓN Y OBRA CIVIL;..
AMBOS SEXOS;Cataluña;ELECTRICIDAD Y ELECTRÓNICA;..
AMBOS SEXOS;Cataluña;ENERGÍA Y AGUA;..
AMBOS SEXOS;Cataluña;FABRICACIÓN MECÁNICA;..
AMBOS SEXOS;Cataluña;HOSTELERÍA Y TURISMO;..
AMBOS SEXOS;Cataluña;IMAGEN PERSONAL;..
AMBOS SEXOS;Cataluña;IMAGEN Y SONIDO;..
AMBOS SEXOS;Cataluña;INDUSTRIAS ALIMENTARIAS;..
AMBOS SEXOS;Cataluña;INDUSTRIAS EXTRACTIVAS;..
AMBOS SEXOS;Cataluña;INFORMÁTICA Y COMUNICACIONES;..
AMBOS SEXOS;Cataluña;INSTALACIÓN Y MANTENIMIENTO;..
AMBOS SEXOS;Cataluña;MADERA, MUEBLE Y CORCHO;..
AMBOS SEXOS;Cataluña;MARÍTIMO-PESQUERA;..
AMBOS SEXOS;Cataluña;QUÍMICA;..
AMBOS SEXOS;Cataluña;SANIDAD;..
AMBOS SEXOS;Cataluña;SEGURIDAD Y MEDIO AMBIENTE;..
AMBOS SEXOS;Cataluña;SERVICIOS SOCIOCULTURALES Y A LA COMUNIDAD;..
AMBOS SEXOS;Cataluña;TEXTIL, CONFECCIÓN Y PIEL;..
AMBOS SEXOS;Cataluña;TRANSPORTE Y MANTENIMIENTO DE VEHÍCULOS;..
AMBOS SEXOS;Cataluña;VIDRIO Y CERÁMICA;..
AMBOS SEXOS;Comunitat Valenciana;ACTIVIDADES FÍSICAS Y DEPORTIVAS;86,8
AMBOS SEXOS;Comunitat Valenciana;ADMINISTRACIÓN Y GESTIÓN;79,8
AMBOS SEXOS;Comunitat Valenciana;AGRARIA;77,4
AMBOS SEXOS;Comunitat Valenciana;ARTES GRÁFICAS;78,0
AMBOS SEXOS;Comunitat Valenciana;ARTES Y ARTESANÍAS;.
AMBOS SEXOS;Comunitat Valenciana;COMERCIO Y MARKETING;78,6
AMBOS SEXOS;Comunitat Valenciana;EDIFICACIÓN Y OBRA CIVIL;65,6
AMBOS SEXOS;Comunitat Valenciana;ELECTRICIDAD Y ELECTRÓNICA;75,3
AMBOS SEXOS;Comunitat Valenciana;ENERGÍA Y AGUA;.
AMBOS SEXOS;Comunitat Valenciana;FABRICACIÓN MECÁNICA;74,3
AMBOS SEXOS;Comunitat Valenciana;HOSTELERÍA Y TURISMO;76,2
AMBOS SEXOS;Comunitat Valenciana;IMAGEN PERSONAL;75,9
AMBOS SEXOS;Comunitat Valenciana;IMAGEN Y SONIDO;.
AMBOS SEXOS;Comunitat Valenciana;INDUSTRIAS ALIMENTARIAS;84,2
AMBOS SEXOS;Comunitat Valenciana;INDUSTRIAS EXTRACTIVAS;.
AMBOS SEXOS;Comunitat Valenciana;INFORMÁTICA Y COMUNICACIONES;79,9
AMBOS SEXOS;Comunitat Valenciana;INSTALACIÓN Y MANTENIMIENTO;67,2
AMBOS SEXOS;Comunitat Valenciana;MADERA, MUEBLE Y CORCHO;76,8
AMBOS SEXOS;Comunitat Valenciana;MARÍTIMO-PESQUERA;61,0
AMBOS SEXOS;Comunitat Valenciana;QUÍMICA;.
AMBOS SEXOS;Comunitat Valenciana;SANIDAD;.
AMBOS SEXOS;Comunitat Valenciana;SEGURIDAD Y MEDIO AMBIENTE;.
AMBOS SEXOS;Comunitat Valenciana;SERVICIOS SOCIOCULTURALES Y A LA COMUNIDAD;57,7
AMBOS SEXOS;Comunitat Valenciana;TEXTIL, CONFECCIÓN Y PIEL;77,6
AMBOS SEXOS;Comunitat Valenciana;TRANSPORTE Y MANTENIMIENTO DE VEHÍCULOS;78,4
AMBOS SEXOS;Comunitat Valenciana;VIDRIO Y CERÁMICA;81,5
AMBOS SEXOS;Extremadura;ACTIVIDADES FÍSICAS Y DEPORTIVAS;.
AMBOS SEXOS;Extremadura;ADMINISTRACIÓN Y GESTIÓN;73,6
AMBOS SEXOS;Extremadura;AGRARIA;76,2
AMBOS SEXOS;Extremadura;ARTES GRÁFICAS;72,3
AMBOS SEXOS;Extremadura;ARTES Y ARTESANÍAS;.
AMBOS SEXOS;Extremadura;COMERCIO Y MARKETING;74,5
AMBOS SEXOS;Extremadura;EDIFICACIÓN Y OBRA CIVIL;75,1
AMBOS SEXOS;Extremadura;ELECTRICIDAD Y ELECTRÓNICA;68,5
AMBOS SEXOS;Extremadura;ENERGÍA Y AGUA;.
AMBOS SEXOS;Extremadura;FABRICACIÓN MECÁNICA;67,9
AMBOS SEXOS;Extremadura;HOSTELERÍA Y TURISMO;69,7
AMBOS SEXOS;Extremadura;IMAGEN PERSONAL;64,9
AMBOS SEXOS;Extremadura;IMAGEN Y SONIDO;.
AMBOS SEXOS;Extremadura;INDUSTRIAS ALIMENTARIAS;78,6
AMBOS SEXOS;Extremadura;INDUSTRIAS EXTRACTIVAS;.
AMBOS SEXOS;Extremadura;INFORMÁTICA Y COMUNICACIONES;63,3
AMBOS SEXOS;Extremadura;INSTALACIÓN Y MANTENIMIENTO;.
AMBOS SEXOS;Extremadura;MADERA, MUEBLE Y CORCHO;60,0
AMBOS SEXOS;Extremadura;MARÍTIMO-PESQUERA;.
AMBOS SEXOS;Extremadura;QUÍMICA;.
AMBOS SEXOS;Extremadura;SANIDAD;.
AMBOS SEXOS;Extremadura;SEGURIDAD Y MEDIO AMBIENTE;.
AMBOS SEXOS;Extremadura;SERVICIOS SOCIOCULTURALES Y A LA COMUNIDAD;98,7
AMBOS SEXOS;Extremadura;TEXTIL, CONFECCIÓN Y PIEL;.
AMBOS SEXOS;Extremadura;TRANSPORTE Y MANTENIMIENTO DE VEHÍCULOS;65,0
AMBOS SEXOS;Extremadura;VIDRIO Y CERÁMICA;.
AMBOS SEXOS;Galicia;ACTIVIDADES FÍSICAS Y DEPORTIVAS;.
AMBOS SEXOS;Galicia;ADMINISTRACIÓN Y GESTIÓN;80,2
AMBOS SEXOS;Galicia;AGRARIA;79,5
AMBOS SEXOS;Galicia;ARTES GRÁFICAS;81,6
AMBOS SEXOS;Galicia;ARTES Y ARTESANÍAS;.
AMBOS SEXOS;Galicia;COMERCIO Y MARKETING;81,8
AMBOS SEXOS;Galicia;EDIFICACIÓN Y OBRA CIVIL;67,7
AMBOS SEXOS;Galicia;ELECTRICIDAD Y ELECTRÓNICA;76,1
AMBOS SEXOS;Galicia;ENERGÍA Y AGUA;.
AMBOS SEXOS;Galicia;FABRICACIÓN MECÁNICA;76,3
AMBOS SEXOS;Galicia;HOSTELERÍA Y TURISMO;84,4
AMBOS SEXOS;Galicia;IMAGEN PERSONAL;70,8
AMBOS SEXOS;Galicia;IMAGEN Y SONIDO;.
AMBOS SEXOS;Galicia;INDUSTRIAS ALIMENTARIAS;85,3
AMBOS SEXOS;Galicia;INDUSTRIAS EXTRACTIVAS;.
AMBOS SEXOS;Galicia;INFORMÁTICA Y COMUNICACIONES;81,7
AMBOS SEXOS;Galicia;INSTALACIÓN Y MANTENIMIENTO;69,6
AMBOS SEXOS;Galicia;MADERA, MUEBLE Y CORCHO;74,4
AMBOS SEXOS;Galicia;MARÍTIMO-PESQUERA;88,2
AMBOS SEXOS;Galicia;QUÍMICA;.
AMBOS SEXOS;Galicia;SANIDAD;.
AMBOS SEXOS;Galicia;SEGURIDAD Y MEDIO AMBIENTE;.
AMBOS SEXOS;Galicia;SERVICIOS SOCIOCULTURALES Y A LA COMUNIDAD;95,9
AMBOS SEXOS;Galicia;TEXTIL, CONFECCIÓN Y PIEL;53,2
AMBOS SEXOS;Galicia;TRANSPORTE Y MANTENIMIENTO DE VEHÍCULOS;70,3
AMBOS SEXOS;Galicia;VIDRIO Y CERÁMICA;.
AMBOS SEXOS;Madrid, Comunidad de;ACTIVIDADES FÍSICAS Y DEPORTIVAS;.
AMBOS SEXOS;Madrid, Comunidad de;ADMINISTRACIÓN Y GESTIÓN;65,4
AMBOS SEXOS;Madrid, Comunidad de;AGRARIA;72,7
AMBOS SEXOS;Madrid, Comunidad de;ARTES GRÁFICAS;68,9
AMBOS SEXOS;Madrid, Comunidad de;ARTES Y ARTESANÍAS;.
AMBOS SEXOS;Madrid, Comunidad de;COMERCIO Y MARKETING;68,1
AMBOS SEXOS;Madrid, Comunidad de;EDIFICACIÓN Y OBRA CIVIL;.
AMBOS SEXOS;Madrid, Comunidad de;ELECTRICIDAD Y ELECTRÓNICA;59,6
AMBOS SEXOS;Madrid, Comunidad de;ENERGÍA Y AGUA;.
AMBOS SEXOS;Madrid, Comunidad de;FABRICACIÓN MECÁNICA;65,1
AMBOS SEXOS;Madrid, Comunidad de;HOSTELERÍA Y TURISMO;68,5
AMBOS SEXOS;Madrid, Comunidad de;IMAGEN PERSONAL;64,5
AMBOS SEXOS;Madrid, Comunidad de;IMAGEN Y SONIDO;.
AMBOS SEXOS;Madrid, Comunidad de;INDUSTRIAS ALIMENTARIAS;.
AMBOS SEXOS;Madrid, Comunidad de;INDUSTRIAS EXTRACTIVAS;.
AMBOS SEXOS;Madrid, Comunidad de;INFORMÁTICA Y COMUNICACIONES;65,2
AMBOS SEXOS;Madrid, Comunidad de;INSTALACIÓN Y MANTENIMIENTO;.
AMBOS SEXOS;Madrid, Comunidad de;MADERA, MUEBLE Y CORCHO;73,1
AMBOS SEXOS;Madrid, Comunidad de;MARÍTIMO-PESQUERA;.
AMBOS SEXOS;Madrid, Comunidad de;QUÍMICA;.
AMBOS SEXOS;Madrid, Comunidad de;SANIDAD;.
AMBOS SEXOS;Madrid, Comunidad de;SEGURIDAD Y MEDIO AMBIENTE;.
AMBOS SEXOS;Madrid, Comunidad de;SERVICIOS SOCIOCULTURALES Y A LA COMUNIDAD;.
AMBOS SEXOS;Madrid, Comunidad de;TEXTIL, CONFECCIÓN Y PIEL;.
AMBOS SEXOS;Madrid, Comunidad de;TRANSPORTE Y MANTENIMIENTO DE VEHÍCULOS;57,6
AMBOS SEXOS;Madrid, Comunidad de;VIDRIO Y CERÁMICA;.
AMBOS SEXOS;Murcia (Región de );ACTIVIDADES FÍSICAS Y DEPORTIVAS;..
AMBOS SEXOS;Murcia (Región de );ADMINISTRACIÓN Y GESTIÓN;70,8
AMBOS SEXOS;Murcia (Región de );AGRARIA;79,6
AMBOS SEXOS;Murcia (Región de );ARTES GRÁFICAS;81,7
AMBOS SEXOS;Murcia (Región de );ARTES Y ARTESANÍAS;..
AMBOS SEXOS;Murcia (Región de );COMERCIO Y MARKETING;79,2
AMBOS SEXOS;Murcia (Región de );EDIFICACIÓN Y OBRA CIVIL;..
AMBOS SEXOS;Murcia (Región de );ELECTRICIDAD Y ELECTRÓNICA;67,5
AMBOS SEXOS;Murcia (Región de );ENERGÍA Y AGUA;..
AMBOS SEXOS;Murcia (Región de );FABRICACIÓN MECÁNICA;73,0
AMBOS SEXOS;Murcia (Región de );HOSTELERÍA Y TURISMO;74,9
AMBOS SEXOS;Murcia (Región de );IMAGEN PERSONAL;78,0
AMBOS SEXOS;Murcia (Región de );IMAGEN Y SONIDO;..
AMBOS SEXOS;Murcia (Región de );INDUSTRIAS ALIMENTARIAS;75,9
AMBOS SEXOS;Murcia (Región de );INDUSTRIAS EXTRACTIVAS;..
AMBOS SEXOS;Murcia (Región de );INFORMÁTICA Y COMUNICACIONES;71,9
AMBOS SEXOS;Murcia (Región de );INSTALACIÓN Y MANTENIMIENTO;65,0
AMBOS SEXOS;Murcia (Región de );MADERA, MUEBLE Y CORCHO;59,6
AMBOS SEXOS;Murcia (Región de );MARÍTIMO-PESQUERA;..
AMBOS SEXOS;Murcia (Región de );QUÍMICA;..
AMBOS SEXOS;Murcia (Región de );SANIDAD;..
AMBOS SEXOS;Murcia (Región de );SEGURIDAD Y MEDIO AMBIENTE;..
AMBOS SEXOS;Murcia (Región de );SERVICIOS SOCIOCULTURALES Y A LA COMUNIDAD;..
AMBOS SEXOS;Murcia (Región de );TEXTIL, CONFECCIÓN Y PIEL;39,8
AMBOS SEXOS;Murcia (Región de );TRANSPORTE Y MANTENIMIENTO DE VEHÍCULOS;69,2
AMBOS SEXOS;Murcia (Región de );VIDRIO Y CERÁMICA;..
AMBOS SEXOS;Navarra, Comunidad Foral de;ACTIVIDADES FÍSICAS Y DEPORTIVAS;.
AMBOS SEXOS;Navarra, Comunidad Foral de;ADMINISTRACIÓN Y GESTIÓN;93,4
AMBOS SEXOS;Navarra, Comunidad Foral de;AGRARIA;74,3
AMBOS SEXOS;Navarra, Comunidad Foral de;ARTES GRÁFICAS;69,1
AMBOS SEXOS;Navarra, Comunidad Foral de;ARTES Y ARTESANÍAS;.
AMBOS SEXOS;Navarra, Comunidad Foral de;COMERCIO Y MARKETING;74,1
AMBOS SEXOS;Navarra, Comunidad Foral de;EDIFICACIÓN Y OBRA CIVIL;60,2
AMBOS SEXOS;Navarra, Comunidad Foral de;ELECTRICIDAD Y ELECTRÓNICA;80,3
AMBOS SEXOS;Navarra, Comunidad Foral de;ENERGÍA Y AGUA;.
AMBOS SEXOS;Navarra, Comunidad Foral de;FABRICACIÓN MECÁNICA;80,1
AMBOS SEXOS;Navarra, Comunidad Foral de;HOSTELERÍA Y TURISMO;88,2
AMBOS SEXOS;Navarra, Comunidad Foral de;IMAGEN PERSONAL;83,7
AMBOS SEXOS;Navarra, Comunidad Foral de;IMAGEN Y SONIDO;.
AMBOS SEXOS;Navarra, Comunidad Foral de;INDUSTRIAS ALIMENTARIAS;50,5
AMBOS SEXOS;Navarra, Comunidad Foral de;INDUSTRIAS EXTRACTIVAS;.
AMBOS SEXOS;Navarra, Comunidad Foral de;INFORMÁTICA Y COMUNICACIONES;83,0
AMBOS SEXOS;Navarra, Comunidad Foral de;INSTALACIÓN Y MANTENIMIENTO;.
AMBOS SEXOS;Navarra, Comunidad Foral de;MADERA, MUEBLE Y CORCHO;98,7
AMBOS SEXOS;Navarra, Comunidad Foral de;MARÍTIMO-PESQUERA;.
AMBOS SEXOS;Navarra, Comunidad Foral de;QUÍMICA;.
AMBOS SEXOS;Navarra, Comunidad Foral de;SANIDAD;.
AMBOS SEXOS;Navarra, Comunidad Foral de;SEGURIDAD Y MEDIO AMBIENTE;.
AMBOS SEXOS;Navarra, Comunidad Foral de;SERVICIOS SOCIOCULTURALES Y A LA COMUNIDAD;.
AMBOS SEXOS;Navarra, Comunidad Foral de;TEXTIL, CONFECCIÓN Y PIEL;76,8
AMBOS SEXOS;Navarra, Comunidad Foral de;TRANSPORTE Y MANTENIMIENTO DE VEHÍCULOS;80,6
AMBOS SEXOS;Navarra, Comunidad Foral de;VIDRIO Y CERÁMICA;.
AMBOS SEXOS;País Vasco;ACTIVIDADES FÍSICAS Y DEPORTIVAS;.
AMBOS SEXOS;País Vasco;ADMINISTRACIÓN Y GESTIÓN;96,1
AMBOS SEXOS;País Vasco;AGRARIA;88,8
AMBOS SEXOS;País Vasco;ARTES GRÁFICAS;95,7
AMBOS SEXOS;País Vasco;ARTES Y ARTESANÍAS;.
AMBOS SEXOS;País Vasco;COMERCIO Y MARKETING;88,4
AMBOS SEXOS;País Vasco;EDIFICACIÓN Y OBRA CIVIL;96,7
AMBOS SEXOS;País Vasco;ELECTRICIDAD Y ELECTRÓNICA;80,3
AMBOS SEXOS;País Vasco;ENERGÍA Y AGUA;.
AMBOS SEXOS;País Vasco;FABRICACIÓN MECÁNICA;78,0
AMBOS SEXOS;País Vasco;HOSTELERÍA Y TURISMO;79,8
AMBOS SEXOS;País Vasco;IMAGEN PERSONAL;90,9
AMBOS SEXOS;País Vasco;IMAGEN Y SONIDO;.
AMBOS SEXOS;País Vasco;INDUSTRIAS ALIMENTARIAS;36,4
AMBOS SEXOS;País Vasco;INDUSTRIAS EXTRACTIVAS;.
AMBOS SEXOS;País Vasco;INFORMÁTICA Y COMUNICACIONES;91,7
AMBOS SEXOS;País Vasco;INSTALACIÓN Y MANTENIMIENTO;84,7
AMBOS SEXOS;País Vasco;MADERA, MUEBLE Y CORCHO;78,4
AMBOS SEXOS;País Vasco;MARÍTIMO-PESQUERA;.
AMBOS SEXOS;País Vasco;QUÍMICA;.
AMBOS SEXOS;País Vasco;SANIDAD;.
AMBOS SEXOS;País Vasco;SEGURIDAD Y MEDIO AMBIENTE;.
AMBOS SEXOS;País Vasco;SERVICIOS SOCIOCULTURALES Y A LA COMUNIDAD;95,9
AMBOS SEXOS;País Vasco;TEXTIL, CONFECCIÓN Y PIEL;56,0
AMBOS SEXOS;País Vasco;TRANSPORTE Y MANTENIMIENTO DE VEHÍCULOS;85,5
AMBOS SEXOS;País Vasco;VIDRIO Y CERÁMICA;.
AMBOS SEXOS;Rioja, La;ACTIVIDADES FÍSICAS Y DEPORTIVAS;61,5
AMBOS SEXOS;Rioja, La;ADMINISTRACIÓN Y GESTIÓN;70,8
AMBOS SEXOS;Rioja, La;AGRARIA;66,5
AMBOS SEXOS;Rioja, La;ARTES GRÁFICAS;.
AMBOS SEXOS;Rioja, La;ARTES Y ARTESANÍAS;.
AMBOS SEXOS;Rioja, La;COMERCIO Y MARKETING;80,4
AMBOS SEXOS;Rioja, La;EDIFICACIÓN Y OBRA CIVIL;.
AMBOS SEXOS;Rioja, La;ELECTRICIDAD Y ELECTRÓNICA;59,5
AMBOS SEXOS;Rioja, La;ENERGÍA Y AGUA;.
AMBOS SEXOS;Rioja, La;FABRICACIÓN MECÁNICA;63,4
AMBOS SEXOS;Rioja, La;HOSTELERÍA Y TURISMO;58,6
AMBOS SEXOS;Rioja, La;IMAGEN PERSONAL;61,3
AMBOS SEXOS;Rioja, La;IMAGEN Y SONIDO;.
AMBOS SEXOS;Rioja, La;INDUSTRIAS ALIMENTARIAS;.
AMBOS SEXOS;Rioja, La;INDUSTRIAS EXTRACTIVAS;.
AMBOS SEXOS;Rioja, La;INFORMÁTICA Y COMUNICACIONES;61,0
AMBOS SEXOS;Rioja, La;INSTALACIÓN Y MANTENIMIENTO;.
AMBOS SEXOS;Rioja, La;MADERA, MUEBLE Y CORCHO;78,2
AMBOS SEXOS;Rioja, La;MARÍTIMO-PESQUERA;.
AMBOS SEXOS;Rioja, La;QUÍMICA;.
AMBOS SEXOS;Rioja, La;SANIDAD;.
AMBOS SEXOS;Rioja, La;SEGURIDAD Y MEDIO AMBIENTE;.
AMBOS SEXOS;Rioja, La;SERVICIOS SOCIOCULTURALES Y A LA COMUNIDAD;46,9
AMBOS SEXOS;Rioja, La;TEXTIL, CONFECCIÓN Y PIEL;85,3
AMBOS SEXOS;Rioja, La;TRANSPORTE Y MANTENIMIENTO DE VEHÍCULOS;74,7
AMBOS SEXOS;Rioja, La;VIDRIO Y CERÁMICA;.
AMBOS SEXOS;Ceuta;ACTIVIDADES FÍSICAS Y DEPORTIVAS;93,0
AMBOS SEXOS;Ceuta;ADMINISTRACIÓN Y GESTIÓN;0,0
AMBOS SEXOS;Ceuta;AGRARIA;43,3
AMBOS SEXOS;Ceuta;ARTES GRÁFICAS;.
AMBOS SEXOS;Ceuta;ARTES Y ARTESANÍAS;.
AMBOS SEXOS;Ceuta;COMERCIO Y MARKETING;69,1
AMBOS SEXOS;Ceuta;EDIFICACIÓN Y OBRA CIVIL;42,5
AMBOS SEXOS;Ceuta;ELECTRICIDAD Y ELECTRÓNICA;58,4
AMBOS SEXOS;Ceuta;ENERGÍA Y AGUA;.
AMBOS SEXOS;Ceuta;FABRICACIÓN MECÁNICA;.
AMBOS SEXOS;Ceuta;HOSTELERÍA Y TURISMO;37,0
AMBOS SEXOS;Ceuta;IMAGEN PERSONAL;72,9
AMBOS SEXOS;Ceuta;IMAGEN Y SONIDO;.
AMBOS SEXOS;Ceuta;INDUSTRIAS ALIMENTARIAS;.
AMBOS SEXOS;Ceuta;INDUSTRIAS EXTRACTIVAS;.
AMBOS SEXOS;Ceuta;INFORMÁTICA Y COMUNICACIONES;0,0
AMBOS SEXOS;Ceuta;INSTALACIÓN Y MANTENIMIENTO;57,5
AMBOS SEXOS;Ceuta;MADERA, MUEBLE Y CORCHO;.
AMBOS SEXOS;Ceuta;MARÍTIMO-PESQUERA;.
AMBOS SEXOS;Ceuta;QUÍMICA;.
AMBOS SEXOS;Ceuta;SANIDAD;.
AMBOS SEXOS;Ceuta;SEGURIDAD Y MEDIO AMBIENTE;.
AMBOS SEXOS;Ceuta;SERVICIOS SOCIOCULTURALES Y A LA COMUNIDAD;.
AMBOS SEXOS;Ceuta;TEXTIL, CONFECCIÓN Y PIEL;.
AMBOS SEXOS;Ceuta;TRANSPORTE Y MANTENIMIENTO DE VEHÍCULOS;30,9
AMBOS SEXOS;Ceuta;VIDRIO Y CERÁMICA;.
AMBOS SEXOS;Melilla;ACTIVIDADES FÍSICAS Y DEPORTIVAS;64,0
AMBOS SEXOS;Melilla;ADMINISTRACIÓN Y GESTIÓN;59,1
AMBOS SEXOS;Melilla;AGRARIA;.
AMBOS SEXOS;Melilla;ARTES GRÁFICAS;86,9
AMBOS SEXOS;Melilla;ARTES Y ARTESANÍAS;.
AMBOS SEXOS;Melilla;COMERCIO Y MARKETING;56,8
AMBOS SEXOS;Melilla;EDIFICACIÓN Y OBRA CIVIL;.
AMBOS SEXOS;Melilla;ELECTRICIDAD Y ELECTRÓNICA;36,6
AMBOS SEXOS;Melilla;ENERGÍA Y AGUA;.
AMBOS SEXOS;Melilla;FABRICACIÓN MECÁNICA;58,3
AMBOS SEXOS;Melilla;HOSTELERÍA Y TURISMO;57,1
AMBOS SEXOS;Melilla;IMAGEN PERSONAL;59,2
AMBOS SEXOS;Melilla;IMAGEN Y SONIDO;.
AMBOS SEXOS;Melilla;INDUSTRIAS ALIMENTARIAS;.
AMBOS SEXOS;Melilla;INDUSTRIAS EXTRACTIVAS;.
AMBOS SEXOS;Melilla;INFORMÁTICA Y COMUNICACIONES;63,4
AMBOS SEXOS;Melilla;INSTALACIÓN Y MANTENIMIENTO;.
AMBOS SEXOS;Melilla;MADERA, MUEBLE Y CORCHO;68,5
AMBOS SEXOS;Melilla;MARÍTIMO-PESQUERA;.
AMBOS SEXOS;Melilla;QUÍMICA;.
AMBOS SEXOS;Melilla;SANIDAD;.
AMBOS SEXOS;Melilla;SEGURIDAD Y MEDIO AMBIENTE;.
AMBOS SEXOS;Melilla;SERVICIOS SOCIOCULTURALES Y A LA COMUNIDAD;.
AMBOS SEXOS;Melilla;TEXTIL, CONFECCIÓN Y PIEL;.
AMBOS SEXOS;Melilla;TRANSPORTE Y MANTENIMIENTO DE VEHÍCULOS;47,7
AMBOS SEXOS;Melilla;VIDRIO Y CERÁMICA;.
Hombres;TOTAL;ACTIVIDADES FÍSICAS Y DEPORTIVAS;72,4
Hombres;TOTAL;ADMINISTRACIÓN Y GESTIÓN;73,1
Hombres;TOTAL;AGRARIA;75,0
Hombres;TOTAL;ARTES GRÁFICAS;76,5
Hombres;TOTAL;ARTES Y ARTESANÍAS;.
Hombres;TOTAL;COMERCIO Y MARKETING;74,5
Hombres;TOTAL;EDIFICACIÓN Y OBRA CIVIL;68,3
Hombres;TOTAL;ELECTRICIDAD Y ELECTRÓNICA;69,7
Hombres;TOTAL;ENERGÍA Y AGUA;.
Hombres;TOTAL;FABRICACIÓN MECÁNICA;72,3
Hombres;TOTAL;HOSTELERÍA Y TURISMO;73,2
Hombres;TOTAL;IMAGEN PERSONAL;65,1
Hombres;TOTAL;IMAGEN Y SONIDO;.
Hombres;TOTAL;INDUSTRIAS ALIMENTARIAS;74,5
Hombres;TOTAL;INDUSTRIAS EXTRACTIVAS;.
Hombres;TOTAL;INFORMÁTICA Y COMUNICACIONES;73,8
Hombres;TOTAL;INSTALACIÓN Y MANTENIMIENTO;76,6
Hombres;TOTAL;MADERA, MUEBLE Y CORCHO;73,0
Hombres;TOTAL;MARÍTIMO-PESQUERA;69,6
Hombres;TOTAL;QUÍMICA;.
Hombres;TOTAL;SANIDAD;.
Hombres;TOTAL;SEGURIDAD Y MEDIO AMBIENTE;.
Hombres;TOTAL;SERVICIOS SOCIOCULTURALES Y A LA COMUNIDAD;80,8
Hombres;TOTAL;TEXTIL, CONFECCIÓN Y PIEL;64,3
Hombres;TOTAL;TRANSPORTE Y MANTENIMIENTO DE VEHÍCULOS;67,9
Hombres;TOTAL;VIDRIO Y CERÁMICA;81,2
Hombres;Andalucía;ACTIVIDADES FÍSICAS Y DEPORTIVAS;54,5
Hombres;Andalucía;ADMINISTRACIÓN Y GESTIÓN;76,3
Hombres;Andalucía;AGRARIA;75,5
Hombres;Andalucía;ARTES GRÁFICAS;81,9
Hombres;Andalucía;ARTES Y ARTESANÍAS;.
Hombres;Andalucía;COMERCIO Y MARKETING;73,5
Hombres;Andalucía;EDIFICACIÓN Y OBRA CIVIL;67,0
Hombres;Andalucía;ELECTRICIDAD Y ELECTRÓNICA;74,2
Hombres;Andalucía;ENERGÍA Y AGUA;.
Hombres;Andalucía;FABRICACIÓN MECÁNICA;74,7
Hombres;Andalucía;HOSTELERÍA Y TURISMO;75,3
Hombres;Andalucía;IMAGEN PERSONAL;67,8
Hombres;Andalucía;IMAGEN Y SONIDO;.
Hombres;Andalucía;INDUSTRIAS ALIMENTARIAS;83,1
Hombres;Andalucía;INDUSTRIAS EXTRACTIVAS;.
Hombres;Andalucía;INFORMÁTICA Y COMUNICACIONES;75,3
Hombres;Andalucía;INSTALACIÓN Y MANTENIMIENTO;.
Hombres;Andalucía;MADERA, MUEBLE Y CORCHO;68,8
Hombres;Andalucía;MARÍTIMO-PESQUERA;.
Hombres;Andalucía;QUÍMICA;.
Hombres;Andalucía;SANIDAD;.
Hombres;Andalucía;SEGURIDAD Y MEDIO AMBIENTE;.
Hombres;Andalucía;SERVICIOS SOCIOCULTURALES Y A LA COMUNIDAD;76,2
Hombres;Andalucía;TEXTIL, CONFECCIÓN Y PIEL;78,0
Hombres;Andalucía;TRANSPORTE Y MANTENIMIENTO DE VEHÍCULOS;69,8
Hombres;Andalucía;VIDRIO Y CERÁMICA;83,8
Hombres;Aragón;ACTIVIDADES FÍSICAS Y DEPORTIVAS;.
Hombres;Aragón;ADMINISTRACIÓN Y GESTIÓN;69,9
Hombres;Aragón;AGRARIA;71,8
Hombres;Aragón;ARTES GRÁFICAS;58,8
Hombres;Aragón;ARTES Y ARTESANÍAS;.
Hombres;Aragón;COMERCIO Y MARKETING;75,6
Hombres;Aragón;EDIFICACIÓN Y OBRA CIVIL;90,8
Hombres;Aragón;ELECTRICIDAD Y ELECTRÓNICA;59,8
Hombres;Aragón;ENERGÍA Y AGUA;.
Hombres;Aragón;FABRICACIÓN MECÁNICA;75,2
Hombres;Aragón;HOSTELERÍA Y TURISMO;72,6
Hombres;Aragón;IMAGEN PERSONAL;58,1
Hombres;Aragón;IMAGEN Y SONIDO;.
Hombres;Aragón;INDUSTRIAS ALIMENTARIAS;66,4
Hombres;Aragón;INDUSTRIAS EXTRACTIVAS;.
Hombres;Aragón;INFORMÁTICA Y COMUNICACIONES;72,1
Hombres;Aragón;INSTALACIÓN Y MANTENIMIENTO;47,1
Hombres;Aragón;MADERA, MUEBLE Y CORCHO;70,1
Hombres;Aragón;MARÍTIMO-PESQUERA;.
Hombres;Aragón;QUÍMICA;.
Hombres;Aragón;SANIDAD;.
Hombres;Aragón;SEGURIDAD Y MEDIO AMBIENTE;.
Hombres;Aragón;SERVICIOS SOCIOCULTURALES Y A LA COMUNIDAD;.
Hombres;Aragón;TEXTIL, CONFECCIÓN Y PIEL;47,6
Hombres;Aragón;TRANSPORTE Y MANTENIMIENTO DE VEHÍCULOS;72,5
Hombres;Aragón;VIDRIO Y CERÁMICA;.
Hombres;Asturias, Principado de;ACTIVIDADES FÍSICAS Y DEPORTIVAS;.
Hombres;Asturias, Principado de;ADMINISTRACIÓN Y GESTIÓN;52,0
Hombres;Asturias, Principado de;AGRARIA;100,0
Hombres;Asturias, Principado de;ARTES GRÁFICAS;.
Hombres;Asturias, Principado de;ARTES Y ARTESANÍAS;.
Hombres;Asturias, Principado de;COMERCIO Y MARKETING;72,7
Hombres;Asturias, Principado de;EDIFICACIÓN Y OBRA CIVIL;.
Hombres;Asturias, Principado de;ELECTRICIDAD Y ELECTRÓNICA;48,2
Hombres;Asturias, Principado de;ENERGÍA Y AGUA;.
Hombres;Asturias, Principado de;FABRICACIÓN MECÁNICA;61,7
Hombres;Asturias, Principado de;HOSTELERÍA Y TURISMO;72,4
Hombres;Asturias, Principado de;IMAGEN PERSONAL;46,0
Hombres;Asturias, Principado de;IMAGEN Y SONIDO;.
Hombres;Asturias, Principado de;INDUSTRIAS ALIMENTARIAS;.
Hombres;Asturias, Principado de;INDUSTRIAS EXTRACTIVAS;.
Hombres;Asturias, Principado de;INFORMÁTICA Y COMUNICACIONES;69,3
Hombres;Asturias, Principado de;INSTALACIÓN Y MANTENIMIENTO;.
Hombres;Asturias, Principado de;MADERA, MUEBLE Y CORCHO;67,8
Hombres;Asturias, Principado de;MARÍTIMO-PESQUERA;.
Hombres;Asturias, Principado de;QUÍMICA;.
Hombres;Asturias, Principado de;SANIDAD;.
Hombres;Asturias, Principado de;SEGURIDAD Y MEDIO AMBIENTE;.
Hombres;Asturias, Principado de;SERVICIOS SOCIOCULTURALES Y A LA COMUNIDAD;.
Hombres;Asturias, Principado de;TEXTIL, CONFECCIÓN Y PIEL;.
Hombres;Asturias, Principado de;TRANSPORTE Y MANTENIMIENTO DE VEHÍCULOS;61,3
Hombres;Asturias, Principado de;VIDRIO Y CERÁMICA;.
Hombres;Balears, Illes;ACTIVIDADES FÍSICAS Y DEPORTIVAS;80,5
Hombres;Balears, Illes;ADMINISTRACIÓN Y GESTIÓN;75,6
Hombres;Balears, Illes;AGRARIA;76,3
Hombres;Balears, Illes;ARTES GRÁFICAS;100,0
Hombres;Balears, Illes;ARTES Y ARTESANÍAS;.
Hombres;Balears, Illes;COMERCIO Y MARKETING;77,0
Hombres;Balears, Illes;EDIFICACIÓN Y OBRA CIVIL;.
Hombres;Balears, Illes;ELECTRICIDAD Y ELECTRÓNICA;80,9
Hombres;Balears, Illes;ENERGÍA Y AGUA;.
Hombres;Balears, Illes;FABRICACIÓN MECÁNICA;75,0
Hombres;Balears, Illes;HOSTELERÍA Y TURISMO;77,8
Hombres;Balears, Illes;IMAGEN PERSONAL;72,3
Hombres;Balears, Illes;IMAGEN Y SONIDO;.
Hombres;Balears, Illes;INDUSTRIAS ALIMENTARIAS;.
Hombres;Balears, Illes;INDUSTRIAS EXTRACTIVAS;.
Hombres;Balears, Illes;INFORMÁTICA Y COMUNICACIONES;78,3
Hombres;Balears, Illes;INSTALACIÓN Y MANTENIMIENTO;80,6
Hombres;Balears, Illes;MADERA, MUEBLE Y CORCHO;51,8
Hombres;Balears, Illes;MARÍTIMO-PESQUERA;.
Hombres;Balears, Illes;QUÍMICA;.
Hombres;Balears, Illes;SANIDAD;.
Hombres;Balears, Illes;SEGURIDAD Y MEDIO AMBIENTE;.
Hombres;Balears, Illes;SERVICIOS SOCIOCULTURALES Y A LA COMUNIDAD;.
Hombres;Balears, Illes;TEXTIL, CONFECCIÓN Y PIEL;.
Hombres;Balears, Illes;TRANSPORTE Y MANTENIMIENTO DE VEHÍCULOS;78,6
Hombres;Balears, Illes;VIDRIO Y CERÁMICA;.
Hombres;Canarias;ACTIVIDADES FÍSICAS Y DEPORTIVAS;.
Hombres;Canarias;ADMINISTRACIÓN Y GESTIÓN;64,2
Hombres;Canarias;AGRARIA;66,2
Hombres;Canarias;ARTES GRÁFICAS;.
Hombres;Canarias;ARTES Y ARTESANÍAS;.
Hombres;Canarias;COMERCIO Y MARKETING;72,9
Hombres;Canarias;EDIFICACIÓN Y OBRA CIVIL;64,6
Hombres;Canarias;ELECTRICIDAD Y ELECTRÓNICA;62,3
Hombres;Canarias;ENERGÍA Y AGUA;.
Hombres;Canarias;FABRICACIÓN MECÁNICA;61,2
Hombres;Canarias;HOSTELERÍA Y TURISMO;69,7
Hombres;Canarias;IMAGEN PERSONAL;60,6
Hombres;Canarias;IMAGEN Y SONIDO;.
Hombres;Canarias;INDUSTRIAS ALIMENTARIAS;.
Hombres;Canarias;INDUSTRIAS EXTRACTIVAS;.
Hombres;Canarias;INFORMÁTICA Y COMUNICACIONES;68,9
Hombres;Canarias;INSTALACIÓN Y MANTENIMIENTO;67,6
Hombres;Canarias;MADERA, MUEBLE Y CORCHO;68,9
Hombres;Canarias;MARÍTIMO-PESQUERA;.
Hombres;Canarias;QUÍMICA;.
Hombres;Canarias;SANIDAD;.
Hombres;Canarias;SEGURIDAD Y MEDIO AMBIENTE;.
Hombres;Canarias;SERVICIOS SOCIOCULTURALES Y A LA COMUNIDAD;71,8
Hombres;Canarias;TEXTIL, CONFECCIÓN Y PIEL;77,7
Hombres;Canarias;TRANSPORTE Y MANTENIMIENTO DE VEHÍCULOS;62,4
Hombres;Canarias;VIDRIO Y CERÁMICA;.
Hombres;Cantabria;ACTIVIDADES FÍSICAS Y DEPORTIVAS;.
Hombres;Cantabria;ADMINISTRACIÓN Y GESTIÓN;86,4
Hombres;Cantabria;AGRARIA;90,3
Hombres;Cantabria;ARTES GRÁFICAS;94,0
Hombres;Cantabria;ARTES Y ARTESANÍAS;.
Hombres;Cantabria;COMERCIO Y MARKETING;100,0
Hombres;Cantabria;EDIFICACIÓN Y OBRA CIVIL;100,0
Hombres;Cantabria;ELECTRICIDAD Y ELECTRÓNICA;79,3
Hombres;Cantabria;ENERGÍA Y AGUA;.
Hombres;Cantabria;FABRICACIÓN MECÁNICA;71,6
Hombres;Cantabria;HOSTELERÍA Y TURISMO;75,4
Hombres;Cantabria;IMAGEN PERSONAL;0,0
Hombres;Cantabria;IMAGEN Y SONIDO;.
Hombres;Cantabria;INDUSTRIAS ALIMENTARIAS;80,0
Hombres;Cantabria;INDUSTRIAS EXTRACTIVAS;.
Hombres;Cantabria;INFORMÁTICA Y COMUNICACIONES;92,5
Hombres;Cantabria;INSTALACIÓN Y MANTENIMIENTO;.
Hombres;Cantabria;MADERA, MUEBLE Y CORCHO;87,4
Hombres;Cantabria;MARÍTIMO-PESQUERA;.
Hombres;Cantabria;QUÍMICA;.
Hombres;Cantabria;SANIDAD;.
Hombres;Cantabria;SEGURIDAD Y MEDIO AMBIENTE;.
Hombres;Cantabria;SERVICIOS SOCIOCULTURALES Y A LA COMUNIDAD;.
Hombres;Cantabria;TEXTIL, CONFECCIÓN Y PIEL;81,8
Hombres;Cantabria;TRANSPORTE Y MANTENIMIENTO DE VEHÍCULOS;71,8
Hombres;Cantabria;VIDRIO Y CERÁMICA;.
Hombres;Castilla y León;ACTIVIDADES FÍSICAS Y DEPORTIVAS;.
Hombres;Castilla y León;ADMINISTRACIÓN Y GESTIÓN;66,2
Hombres;Castilla y León;AGRARIA;63,0
Hombres;Castilla y León;ARTES GRÁFICAS;.
Hombres;Castilla y León;ARTES Y ARTESANÍAS;.
Hombres;Castilla y León;COMERCIO Y MARKETING;70,6
Hombres;Castilla y León;EDIFICACIÓN Y OBRA CIVIL;78,7
Hombres;Castilla y León;ELECTRICIDAD Y ELECTRÓNICA;66,0
Hombres;Castilla y León;ENERGÍA Y AGUA;.
Hombres;Castilla y León;FABRICACIÓN MECÁNICA;65,7
Hombres;Castilla y León;HOSTELERÍA Y TURISMO;64,8
Hombres;Castilla y León;IMAGEN PERSONAL;49,0
Hombres;Castilla y León;IMAGEN Y SONIDO;.
Hombres;Castilla y León;INDUSTRIAS ALIMENTARIAS;65,4
Hombres;Castilla y León;INDUSTRIAS EXTRACTIVAS;.
Hombres;Castilla y León;INFORMÁTICA Y COMUNICACIONES;66,9
Hombres;Castilla y León;INSTALACIÓN Y MANTENIMIENTO;.
Hombres;Castilla y León;MADERA, MUEBLE Y CORCHO;69,8
Hombres;Castilla y León;MARÍTIMO-PESQUERA;.
Hombres;Castilla y León;QUÍMICA;.
Hombres;Castilla y León;SANIDAD;.
Hombres;Castilla y León;SEGURIDAD Y MEDIO AMBIENTE;.
Hombres;Castilla y León;SERVICIOS SOCIOCULTURALES Y A LA COMUNIDAD;.
Hombres;Castilla y León;TEXTIL, CONFECCIÓN Y PIEL;55,6
Hombres;Castilla y León;TRANSPORTE Y MANTENIMIENTO DE VEHÍCULOS;66,2
Hombres;Castilla y León;VIDRIO Y CERÁMICA;.
Hombres;Castilla.La Mancha;ACTIVIDADES FÍSICAS Y DEPORTIVAS;69,1
Hombres;Castilla.La Mancha;ADMINISTRACIÓN Y GESTIÓN;78,6
Hombres;Castilla.La Mancha;AGRARIA;74,9
Hombres;Castilla.La Mancha;ARTES GRÁFICAS;65,9
Hombres;Castilla.La Mancha;ARTES Y ARTESANÍAS;.
Hombres;Castilla.La Mancha;COMERCIO Y MARKETING;69,0
Hombres;Castilla.La Mancha;EDIFICACIÓN Y OBRA CIVIL;.
Hombres;Castilla.La Mancha;ELECTRICIDAD Y ELECTRÓNICA;73,5
Hombres;Castilla.La Mancha;ENERGÍA Y AGUA;.
Hombres;Castilla.La Mancha;FABRICACIÓN MECÁNICA;68,9
Hombres;Castilla.La Mancha;HOSTELERÍA Y TURISMO;77,4
Hombres;Castilla.La Mancha;IMAGEN PERSONAL;64,6
Hombres;Castilla.La Mancha;IMAGEN Y SONIDO;.
Hombres;Castilla.La Mancha;INDUSTRIAS ALIMENTARIAS;64,7
Hombres;Castilla.La Mancha;INDUSTRIAS EXTRACTIVAS;.
Hombres;Castilla.La Mancha;INFORMÁTICA Y COMUNICACIONES;75,7
Hombres;Castilla.La Mancha;INSTALACIÓN Y MANTENIMIENTO;73,6
Hombres;Castilla.La Mancha;MADERA, MUEBLE Y CORCHO;93,4
Hombres;Castilla.La Mancha;MARÍTIMO-PESQUERA;.
Hombres;Castilla.La Mancha;QUÍMICA;.
Hombres;Castilla.La Mancha;SANIDAD;.
Hombres;Castilla.La Mancha;SEGURIDAD Y MEDIO AMBIENTE;.
Hombres;Castilla.La Mancha;SERVICIOS SOCIOCULTURALES Y A LA COMUNIDAD;.
Hombres;Castilla.La Mancha;TEXTIL, CONFECCIÓN Y PIEL;48,6
Hombres;Castilla.La Mancha;TRANSPORTE Y MANTENIMIENTO DE VEHÍCULOS;68,0
Hombres;Castilla.La Mancha;VIDRIO Y CERÁMICA;.
Hombres;Cataluña;ACTIVIDADES FÍSICAS Y DEPORTIVAS;..
Hombres;Cataluña;ADMINISTRACIÓN Y GESTIÓN;..
Hombres;Cataluña;AGRARIA;..
Hombres;Cataluña;ARTES GRÁFICAS;..
Hombres;Cataluña;ARTES Y ARTESANÍAS;..
Hombres;Cataluña;COMERCIO Y MARKETING;..
Hombres;Cataluña;EDIFICACIÓN Y OBRA CIVIL;..
Hombres;Cataluña;ELECTRICIDAD Y ELECTRÓNICA;..
Hombres;Cataluña;ENERGÍA Y AGUA;..
Hombres;Cataluña;FABRICACIÓN MECÁNICA;..
Hombres;Cataluña;HOSTELERÍA Y TURISMO;..
Hombres;Cataluña;IMAGEN PERSONAL;..
Hombres;Cataluña;IMAGEN Y SONIDO;..
Hombres;Cataluña;INDUSTRIAS ALIMENTARIAS;..
Hombres;Cataluña;INDUSTRIAS EXTRACTIVAS;..
Hombres;Cataluña;INFORMÁTICA Y COMUNICACIONES;..
Hombres;Cataluña;INSTALACIÓN Y MANTENIMIENTO;..
Hombres;Cataluña;MADERA, MUEBLE Y CORCHO;..
Hombres;Cataluña;MARÍTIMO-PESQUERA;..
Hombres;Cataluña;QUÍMICA;..
Hombres;Cataluña;SANIDAD;..
Hombres;Cataluña;SEGURIDAD Y MEDIO AMBIENTE;..
Hombres;Cataluña;SERVICIOS SOCIOCULTURALES Y A LA COMUNIDAD;..
Hombres;Cataluña;TEXTIL, CONFECCIÓN Y PIEL;..
Hombres;Cataluña;TRANSPORTE Y MANTENIMIENTO DE VEHÍCULOS;..
Hombres;Cataluña;VIDRIO Y CERÁMICA;..
Hombres;Comunitat Valenciana;ACTIVIDADES FÍSICAS Y DEPORTIVAS;82,7
Hombres;Comunitat Valenciana;ADMINISTRACIÓN Y GESTIÓN;78,9
Hombres;Comunitat Valenciana;AGRARIA;77,1
Hombres;Comunitat Valenciana;ARTES GRÁFICAS;78,6
Hombres;Comunitat Valenciana;ARTES Y ARTESANÍAS;.
Hombres;Comunitat Valenciana;COMERCIO Y MARKETING;76,6
Hombres;Comunitat Valenciana;EDIFICACIÓN Y OBRA CIVIL;68,6
Hombres;Comunitat Valenciana;ELECTRICIDAD Y ELECTRÓNICA;75,4
Hombres;Comunitat Valenciana;ENERGÍA Y AGUA;.
Hombres;Comunitat Valenciana;FABRICACIÓN MECÁNICA;73,9
Hombres;Comunitat Valenciana;HOSTELERÍA Y TURISMO;74,3
Hombres;Comunitat Valenciana;IMAGEN PERSONAL;66,8
Hombres;Comunitat Valenciana;IMAGEN Y SONIDO;.
Hombres;Comunitat Valenciana;INDUSTRIAS ALIMENTARIAS;83,2
Hombres;Comunitat Valenciana;INDUSTRIAS EXTRACTIVAS;.
Hombres;Comunitat Valenciana;INFORMÁTICA Y COMUNICACIONES;79,8
Hombres;Comunitat Valenciana;INSTALACIÓN Y MANTENIMIENTO;66,6
Hombres;Comunitat Valenciana;MADERA, MUEBLE Y CORCHO;76,3
Hombres;Comunitat Valenciana;MARÍTIMO-PESQUERA;60,6
Hombres;Comunitat Valenciana;QUÍMICA;.
Hombres;Comunitat Valenciana;SANIDAD;.
Hombres;Comunitat Valenciana;SEGURIDAD Y MEDIO AMBIENTE;.
Hombres;Comunitat Valenciana;SERVICIOS SOCIOCULTURALES Y A LA COMUNIDAD;52,4
Hombres;Comunitat Valenciana;TEXTIL, CONFECCIÓN Y PIEL;66,1
Hombres;Comunitat Valenciana;TRANSPORTE Y MANTENIMIENTO DE VEHÍCULOS;78,8
Hombres;Comunitat Valenciana;VIDRIO Y CERÁMICA;80,2
Hombres;Extremadura;ACTIVIDADES FÍSICAS Y DEPORTIVAS;.
Hombres;Extremadura;ADMINISTRACIÓN Y GESTIÓN;71,1
Hombres;Extremadura;AGRARIA;76,1
Hombres;Extremadura;ARTES GRÁFICAS;75,2
Hombres;Extremadura;ARTES Y ARTESANÍAS;.
Hombres;Extremadura;COMERCIO Y MARKETING;76,4
Hombres;Extremadura;EDIFICACIÓN Y OBRA CIVIL;74,4
Hombres;Extremadura;ELECTRICIDAD Y ELECTRÓNICA;68,9
Hombres;Extremadura;ENERGÍA Y AGUA;.
Hombres;Extremadura;FABRICACIÓN MECÁNICA;67,7
Hombres;Extremadura;HOSTELERÍA Y TURISMO;70,8
Hombres;Extremadura;IMAGEN PERSONAL;53,5
Hombres;Extremadura;IMAGEN Y SONIDO;.
Hombres;Extremadura;INDUSTRIAS ALIMENTARIAS;85,1
Hombres;Extremadura;INDUSTRIAS EXTRACTIVAS;.
Hombres;Extremadura;INFORMÁTICA Y COMUNICACIONES;67,4
Hombres;Extremadura;INSTALACIÓN Y MANTENIMIENTO;.
Hombres;Extremadura;MADERA, MUEBLE Y CORCHO;62,8
Hombres;Extremadura;MARÍTIMO-PESQUERA;.
Hombres;Extremadura;QUÍMICA;.
Hombres;Extremadura;SANIDAD;.
Hombres;Extremadura;SEGURIDAD Y MEDIO AMBIENTE;.
Hombres;Extremadura;SERVICIOS SOCIOCULTURALES Y A LA COMUNIDAD;99,2
Hombres;Extremadura;TEXTIL, CONFECCIÓN Y PIEL;.
Hombres;Extremadura;TRANSPORTE Y MANTENIMIENTO DE VEHÍCULOS;64,3
Hombres;Extremadura;VIDRIO Y CERÁMICA;.
Hombres;Galicia;ACTIVIDADES FÍSICAS Y DEPORTIVAS;.
Hombres;Galicia;ADMINISTRACIÓN Y GESTIÓN;78,7
Hombres;Galicia;AGRARIA;78,0
Hombres;Galicia;ARTES GRÁFICAS;73,9
Hombres;Galicia;ARTES Y ARTESANÍAS;.
Hombres;Galicia;COMERCIO Y MARKETING;78,3
Hombres;Galicia;EDIFICACIÓN Y OBRA CIVIL;66,7
Hombres;Galicia;ELECTRICIDAD Y ELECTRÓNICA;75,3
Hombres;Galicia;ENERGÍA Y AGUA;.
Hombres;Galicia;FABRICACIÓN MECÁNICA;75,9
Hombres;Galicia;HOSTELERÍA Y TURISMO;87,1
Hombres;Galicia;IMAGEN PERSONAL;77,1
Hombres;Galicia;IMAGEN Y SONIDO;.
Hombres;Galicia;INDUSTRIAS ALIMENTARIAS;80,4
Hombres;Galicia;INDUSTRIAS EXTRACTIVAS;.
Hombres;Galicia;INFORMÁTICA Y COMUNICACIONES;81,5
Hombres;Galicia;INSTALACIÓN Y MANTENIMIENTO;71,4
Hombres;Galicia;MADERA, MUEBLE Y CORCHO;74,6
Hombres;Galicia;MARÍTIMO-PESQUERA;88,2
Hombres;Galicia;QUÍMICA;.
Hombres;Galicia;SANIDAD;.
Hombres;Galicia;SEGURIDAD Y MEDIO AMBIENTE;.
Hombres;Galicia;SERVICIOS SOCIOCULTURALES Y A LA COMUNIDAD;92,9
Hombres;Galicia;TEXTIL, CONFECCIÓN Y PIEL;46,2
Hombres;Galicia;TRANSPORTE Y MANTENIMIENTO DE VEHÍCULOS;70,8
Hombres;Galicia;VIDRIO Y CERÁMICA;.
Hombres;Madrid, Comunidad de;ACTIVIDADES FÍSICAS Y DEPORTIVAS;.
Hombres;Madrid, Comunidad de;ADMINISTRACIÓN Y GESTIÓN;61,5
Hombres;Madrid, Comunidad de;AGRARIA;74,8
Hombres;Madrid, Comunidad de;ARTES GRÁFICAS;71,3
Hombres;Madrid, Comunidad de;ARTES Y ARTESANÍAS;.
Hombres;Madrid, Comunidad de;COMERCIO Y MARKETING;66,0
Hombres;Madrid, Comunidad de;EDIFICACIÓN Y OBRA CIVIL;.
Hombres;Madrid, Comunidad de;ELECTRICIDAD Y ELECTRÓNICA;59,9
Hombres;Madrid, Comunidad de;ENERGÍA Y AGUA;.
Hombres;Madrid, Comunidad de;FABRICACIÓN MECÁNICA;65,3
Hombres;Madrid, Comunidad de;HOSTELERÍA Y TURISMO;66,7
Hombres;Madrid, Comunidad de;IMAGEN PERSONAL;58,0
Hombres;Madrid, Comunidad de;IMAGEN Y SONIDO;.
Hombres;Madrid, Comunidad de;INDUSTRIAS ALIMENTARIAS;.
Hombres;Madrid, Comunidad de;INDUSTRIAS EXTRACTIVAS;.
Hombres;Madrid, Comunidad de;INFORMÁTICA Y COMUNICACIONES;65,2
Hombres;Madrid, Comunidad de;INSTALACIÓN Y MANTENIMIENTO;.
Hombres;Madrid, Comunidad de;MADERA, MUEBLE Y CORCHO;72,9
Hombres;Madrid, Comunidad de;MARÍTIMO-PESQUERA;.
Hombres;Madrid, Comunidad de;QUÍMICA;.
Hombres;Madrid, Comunidad de;SANIDAD;.
Hombres;Madrid, Comunidad de;SEGURIDAD Y MEDIO AMBIENTE;.
Hombres;Madrid, Comunidad de;SERVICIOS SOCIOCULTURALES Y A LA COMUNIDAD;.
Hombres;Madrid, Comunidad de;TEXTIL, CONFECCIÓN Y PIEL;.
Hombres;Madrid, Comunidad de;TRANSPORTE Y MANTENIMIENTO DE VEHÍCULOS;57,7
Hombres;Madrid, Comunidad de;VIDRIO Y CERÁMICA;.
Hombres;Murcia (Región de );ACTIVIDADES FÍSICAS Y DEPORTIVAS;..
Hombres;Murcia (Región de );ADMINISTRACIÓN Y GESTIÓN;70,3
Hombres;Murcia (Región de );AGRARIA;80,3
Hombres;Murcia (Región de );ARTES GRÁFICAS;79,0
Hombres;Murcia (Región de );ARTES Y ARTESANÍAS;..
Hombres;Murcia (Región de );COMERCIO Y MARKETING;78,6
Hombres;Murcia (Región de );EDIFICACIÓN Y OBRA CIVIL;..
Hombres;Murcia (Región de );ELECTRICIDAD Y ELECTRÓNICA;67,5
Hombres;Murcia (Región de );ENERGÍA Y AGUA;..
Hombres;Murcia (Región de );FABRICACIÓN MECÁNICA;72,9
Hombres;Murcia (Región de );HOSTELERÍA Y TURISMO;80,9
Hombres;Murcia (Región de );IMAGEN PERSONAL;70,7
Hombres;Murcia (Región de );IMAGEN Y SONIDO;..
Hombres;Murcia (Región de );INDUSTRIAS ALIMENTARIAS;69,9
Hombres;Murcia (Región de );INDUSTRIAS EXTRACTIVAS;..
Hombres;Murcia (Región de );INFORMÁTICA Y COMUNICACIONES;72,8
Hombres;Murcia (Región de );INSTALACIÓN Y MANTENIMIENTO;68,4
Hombres;Murcia (Región de );MADERA, MUEBLE Y CORCHO;60,1
Hombres;Murcia (Región de );MARÍTIMO-PESQUERA;..
Hombres;Murcia (Región de );QUÍMICA;..
Hombres;Murcia (Región de );SANIDAD;..
Hombres;Murcia (Región de );SEGURIDAD Y MEDIO AMBIENTE;..
Hombres;Murcia (Región de );SERVICIOS SOCIOCULTURALES Y A LA COMUNIDAD;..
Hombres;Murcia (Región de );TEXTIL, CONFECCIÓN Y PIEL;41,9
Hombres;Murcia (Región de );TRANSPORTE Y MANTENIMIENTO DE VEHÍCULOS;69,3
Hombres;Murcia (Región de );VIDRIO Y CERÁMICA;..
Hombres;Navarra, Comunidad Foral de;ACTIVIDADES FÍSICAS Y DEPORTIVAS;.
Hombres;Navarra, Comunidad Foral de;ADMINISTRACIÓN Y GESTIÓN;93,9
Hombres;Navarra, Comunidad Foral de;AGRARIA;75,3
Hombres;Navarra, Comunidad Foral de;ARTES GRÁFICAS;66,7
Hombres;Navarra, Comunidad Foral de;ARTES Y ARTESANÍAS;.
Hombres;Navarra, Comunidad Foral de;COMERCIO Y MARKETING;73,1
Hombres;Navarra, Comunidad Foral de;EDIFICACIÓN Y OBRA CIVIL;59,0
Hombres;Navarra, Comunidad Foral de;ELECTRICIDAD Y ELECTRÓNICA;80,5
Hombres;Navarra, Comunidad Foral de;ENERGÍA Y AGUA;.
Hombres;Navarra, Comunidad Foral de;FABRICACIÓN MECÁNICA;80,3
Hombres;Navarra, Comunidad Foral de;HOSTELERÍA Y TURISMO;83,1
Hombres;Navarra, Comunidad Foral de;IMAGEN PERSONAL;72,4
Hombres;Navarra, Comunidad Foral de;IMAGEN Y SONIDO;.
Hombres;Navarra, Comunidad Foral de;INDUSTRIAS ALIMENTARIAS;51,7
Hombres;Navarra, Comunidad Foral de;INDUSTRIAS EXTRACTIVAS;.
Hombres;Navarra, Comunidad Foral de;INFORMÁTICA Y COMUNICACIONES;82,4
Hombres;Navarra, Comunidad Foral de;INSTALACIÓN Y MANTENIMIENTO;.
Hombres;Navarra, Comunidad Foral de;MADERA, MUEBLE Y CORCHO;98,6
Hombres;Navarra, Comunidad Foral de;MARÍTIMO-PESQUERA;.
Hombres;Navarra, Comunidad Foral de;QUÍMICA;.
Hombres;Navarra, Comunidad Foral de;SANIDAD;.
Hombres;Navarra, Comunidad Foral de;SEGURIDAD Y MEDIO AMBIENTE;.
Hombres;Navarra, Comunidad Foral de;SERVICIOS SOCIOCULTURALES Y A LA COMUNIDAD;.
Hombres;Navarra, Comunidad Foral de;TEXTIL, CONFECCIÓN Y PIEL;63,6
Hombres;Navarra, Comunidad Foral de;TRANSPORTE Y MANTENIMIENTO DE VEHÍCULOS;80,6
Hombres;Navarra, Comunidad Foral de;VIDRIO Y CERÁMICA;.
Hombres;País Vasco;ACTIVIDADES FÍSICAS Y DEPORTIVAS;.
Hombres;País Vasco;ADMINISTRACIÓN Y GESTIÓN;95,3
Hombres;País Vasco;AGRARIA;89,6
Hombres;País Vasco;ARTES GRÁFICAS;96,2
Hombres;País Vasco;ARTES Y ARTESANÍAS;.
Hombres;País Vasco;COMERCIO Y MARKETING;88,6
Hombres;País Vasco;EDIFICACIÓN Y OBRA CIVIL;96,7
Hombres;País Vasco;ELECTRICIDAD Y ELECTRÓNICA;80,2
Hombres;País Vasco;ENERGÍA Y AGUA;.
Hombres;País Vasco;FABRICACIÓN MECÁNICA;77,9
Hombres;País Vasco;HOSTELERÍA Y TURISMO;76,7
Hombres;País Vasco;IMAGEN PERSONAL;84,8
Hombres;País Vasco;IMAGEN Y SONIDO;.
Hombres;País Vasco;INDUSTRIAS ALIMENTARIAS;37,9
Hombres;País Vasco;INDUSTRIAS EXTRACTIVAS;.
Hombres;País Vasco;INFORMÁTICA Y COMUNICACIONES;92,1
Hombres;País Vasco;INSTALACIÓN Y MANTENIMIENTO;84,6
Hombres;País Vasco;MADERA, MUEBLE Y CORCHO;77,4
Hombres;País Vasco;MARÍTIMO-PESQUERA;.
Hombres;País Vasco;QUÍMICA;.
Hombres;País Vasco;SANIDAD;.
Hombres;País Vasco;SEGURIDAD Y MEDIO AMBIENTE;.
Hombres;País Vasco;SERVICIOS SOCIOCULTURALES Y A LA COMUNIDAD;96,1
Hombres;País Vasco;TEXTIL, CONFECCIÓN Y PIEL;67,5
Hombres;País Vasco;TRANSPORTE Y MANTENIMIENTO DE VEHÍCULOS;85,6
Hombres;País Vasco;VIDRIO Y CERÁMICA;.
Hombres;Rioja, La;ACTIVIDADES FÍSICAS Y DEPORTIVAS;63,6
Hombres;Rioja, La;ADMINISTRACIÓN Y GESTIÓN;70,4
Hombres;Rioja, La;AGRARIA;64,6
Hombres;Rioja, La;ARTES GRÁFICAS;.
Hombres;Rioja, La;ARTES Y ARTESANÍAS;.
Hombres;Rioja, La;COMERCIO Y MARKETING;78,8
Hombres;Rioja, La;EDIFICACIÓN Y OBRA CIVIL;.
Hombres;Rioja, La;ELECTRICIDAD Y ELECTRÓNICA;60,4
Hombres;Rioja, La;ENERGÍA Y AGUA;.
Hombres;Rioja, La;FABRICACIÓN MECÁNICA;63,1
Hombres;Rioja, La;HOSTELERÍA Y TURISMO;48,5
Hombres;Rioja, La;IMAGEN PERSONAL;72,0
Hombres;Rioja, La;IMAGEN Y SONIDO;.
Hombres;Rioja, La;INDUSTRIAS ALIMENTARIAS;.
Hombres;Rioja, La;INDUSTRIAS EXTRACTIVAS;.
Hombres;Rioja, La;INFORMÁTICA Y COMUNICACIONES;60,7
Hombres;Rioja, La;INSTALACIÓN Y MANTENIMIENTO;.
Hombres;Rioja, La;MADERA, MUEBLE Y CORCHO;78,2
Hombres;Rioja, La;MARÍTIMO-PESQUERA;.
Hombres;Rioja, La;QUÍMICA;.
Hombres;Rioja, La;SANIDAD;.
Hombres;Rioja, La;SEGURIDAD Y MEDIO AMBIENTE;.
Hombres;Rioja, La;SERVICIOS SOCIOCULTURALES Y A LA COMUNIDAD;33,3
Hombres;Rioja, La;TEXTIL, CONFECCIÓN Y PIEL;78,9
Hombres;Rioja, La;TRANSPORTE Y MANTENIMIENTO DE VEHÍCULOS;73,8
Hombres;Rioja, La;VIDRIO Y CERÁMICA;.
Hombres;Ceuta;ACTIVIDADES FÍSICAS Y DEPORTIVAS;92,2
Hombres;Ceuta;ADMINISTRACIÓN Y GESTIÓN;.
Hombres;Ceuta;AGRARIA;36,8
Hombres;Ceuta;ARTES GRÁFICAS;.
Hombres;Ceuta;ARTES Y ARTESANÍAS;.
Hombres;Ceuta;COMERCIO Y MARKETING;66,4
Hombres;Ceuta;EDIFICACIÓN Y OBRA CIVIL;42,5
Hombres;Ceuta;ELECTRICIDAD Y ELECTRÓNICA;58,0
Hombres;Ceuta;ENERGÍA Y AGUA;.
Hombres;Ceuta;FABRICACIÓN MECÁNICA;.
Hombres;Ceuta;HOSTELERÍA Y TURISMO;20,9
Hombres;Ceuta;IMAGEN PERSONAL;53,8
Hombres;Ceuta;IMAGEN Y SONIDO;.
Hombres;Ceuta;INDUSTRIAS ALIMENTARIAS;.
Hombres;Ceuta;INDUSTRIAS EXTRACTIVAS;.
Hombres;Ceuta;INFORMÁTICA Y COMUNICACIONES;.
Hombres;Ceuta;INSTALACIÓN Y MANTENIMIENTO;57,5
Hombres;Ceuta;MADERA, MUEBLE Y CORCHO;.
Hombres;Ceuta;MARÍTIMO-PESQUERA;.
Hombres;Ceuta;QUÍMICA;.
Hombres;Ceuta;SANIDAD;.
Hombres;Ceuta;SEGURIDAD Y MEDIO AMBIENTE;.
Hombres;Ceuta;SERVICIOS SOCIOCULTURALES Y A LA COMUNIDAD;.
Hombres;Ceuta;TEXTIL, CONFECCIÓN Y PIEL;.
Hombres;Ceuta;TRANSPORTE Y MANTENIMIENTO DE VEHÍCULOS;30,9
Hombres;Ceuta;VIDRIO Y CERÁMICA;.
Hombres;Melilla;ACTIVIDADES FÍSICAS Y DEPORTIVAS;63,8
Hombres;Melilla;ADMINISTRACIÓN Y GESTIÓN;59,6
Hombres;Melilla;AGRARIA;.
Hombres;Melilla;ARTES GRÁFICAS;82,2
Hombres;Melilla;ARTES Y ARTESANÍAS;.
Hombres;Melilla;COMERCIO Y MARKETING;64,3
Hombres;Melilla;EDIFICACIÓN Y OBRA CIVIL;.
Hombres;Melilla;ELECTRICIDAD Y ELECTRÓNICA;36,6
Hombres;Melilla;ENERGÍA Y AGUA;.
Hombres;Melilla;FABRICACIÓN MECÁNICA;58,3
Hombres;Melilla;HOSTELERÍA Y TURISMO;57,3
Hombres;Melilla;IMAGEN PERSONAL;66,7
Hombres;Melilla;IMAGEN Y SONIDO;.
Hombres;Melilla;INDUSTRIAS ALIMENTARIAS;.
Hombres;Melilla;INDUSTRIAS EXTRACTIVAS;.
Hombres;Melilla;INFORMÁTICA Y COMUNICACIONES;62,8
Hombres;Melilla;INSTALACIÓN Y MANTENIMIENTO;.
Hombres;Melilla;MADERA, MUEBLE Y CORCHO;67,5
Hombres;Melilla;MARÍTIMO-PESQUERA;.
Hombres;Melilla;QUÍMICA;.
Hombres;Melilla;SANIDAD;.
Hombres;Melilla;SEGURIDAD Y MEDIO AMBIENTE;.
Hombres;Melilla;SERVICIOS SOCIOCULTURALES Y A LA COMUNIDAD;.
Hombres;Melilla;TEXTIL, CONFECCIÓN Y PIEL;.
Hombres;Melilla;TRANSPORTE Y MANTENIMIENTO DE VEHÍCULOS;47,7
Hombres;Melilla;VIDRIO Y CERÁMICA;.
Mujeres;TOTAL;ACTIVIDADES FÍSICAS Y DEPORTIVAS;83,1
Mujeres;TOTAL;ADMINISTRACIÓN Y GESTIÓN;74,3
Mujeres;TOTAL;AGRARIA;72,0
Mujeres;TOTAL;ARTES GRÁFICAS;76,2
Mujeres;TOTAL;ARTES Y ARTESANÍAS;.
Mujeres;TOTAL;COMERCIO Y MARKETING;75,8
Mujeres;TOTAL;EDIFICACIÓN Y OBRA CIVIL;66,7
Mujeres;TOTAL;ELECTRICIDAD Y ELECTRÓNICA;67,7
Mujeres;TOTAL;ENERGÍA Y AGUA;.
Mujeres;TOTAL;FABRICACIÓN MECÁNICA;75,5
Mujeres;TOTAL;HOSTELERÍA Y TURISMO;74,2
Mujeres;TOTAL;IMAGEN PERSONAL;73,5
Mujeres;TOTAL;IMAGEN Y SONIDO;.
Mujeres;TOTAL;INDUSTRIAS ALIMENTARIAS;78,7
Mujeres;TOTAL;INDUSTRIAS EXTRACTIVAS;.
Mujeres;TOTAL;INFORMÁTICA Y COMUNICACIONES;72,0
Mujeres;TOTAL;INSTALACIÓN Y MANTENIMIENTO;52,2
Mujeres;TOTAL;MADERA, MUEBLE Y CORCHO;72,5
Mujeres;TOTAL;MARÍTIMO-PESQUERA;71,4
Mujeres;TOTAL;QUÍMICA;.
Mujeres;TOTAL;SANIDAD;.
Mujeres;TOTAL;SEGURIDAD Y MEDIO AMBIENTE;.
Mujeres;TOTAL;SERVICIOS SOCIOCULTURALES Y A LA COMUNIDAD;81,9
Mujeres;TOTAL;TEXTIL, CONFECCIÓN Y PIEL;68,2
Mujeres;TOTAL;TRANSPORTE Y MANTENIMIENTO DE VEHÍCULOS;64,6
Mujeres;TOTAL;VIDRIO Y CERÁMICA;76,5
Mujeres;Andalucía;ACTIVIDADES FÍSICAS Y DEPORTIVAS;100,0
Mujeres;Andalucía;ADMINISTRACIÓN Y GESTIÓN;75,2
Mujeres;Andalucía;AGRARIA;66,7
Mujeres;Andalucía;ARTES GRÁFICAS;68,2
Mujeres;Andalucía;ARTES Y ARTESANÍAS;.
Mujeres;Andalucía;COMERCIO Y MARKETING;73,7
Mujeres;Andalucía;EDIFICACIÓN Y OBRA CIVIL;77,2
Mujeres;Andalucía;ELECTRICIDAD Y ELECTRÓNICA;62,3
Mujeres;Andalucía;ENERGÍA Y AGUA;.
Mujeres;Andalucía;FABRICACIÓN MECÁNICA;71,7
Mujeres;Andalucía;HOSTELERÍA Y TURISMO;69,7
Mujeres;Andalucía;IMAGEN PERSONAL;74,2
Mujeres;Andalucía;IMAGEN Y SONIDO;.
Mujeres;Andalucía;INDUSTRIAS ALIMENTARIAS;81,5
Mujeres;Andalucía;INDUSTRIAS EXTRACTIVAS;.
Mujeres;Andalucía;INFORMÁTICA Y COMUNICACIONES;73,2
Mujeres;Andalucía;INSTALACIÓN Y MANTENIMIENTO;.
Mujeres;Andalucía;MADERA, MUEBLE Y CORCHO;69,8
Mujeres;Andalucía;MARÍTIMO-PESQUERA;.
Mujeres;Andalucía;QUÍMICA;.
Mujeres;Andalucía;SANIDAD;.
Mujeres;Andalucía;SEGURIDAD Y MEDIO AMBIENTE;.
Mujeres;Andalucía;SERVICIOS SOCIOCULTURALES Y A LA COMUNIDAD;77,1
Mujeres;Andalucía;TEXTIL, CONFECCIÓN Y PIEL;54,1
Mujeres;Andalucía;TRANSPORTE Y MANTENIMIENTO DE VEHÍCULOS;72,7
Mujeres;Andalucía;VIDRIO Y CERÁMICA;45,7
Mujeres;Aragón;ACTIVIDADES FÍSICAS Y DEPORTIVAS;.
Mujeres;Aragón;ADMINISTRACIÓN Y GESTIÓN;62,4
Mujeres;Aragón;AGRARIA;60,3
Mujeres;Aragón;ARTES GRÁFICAS;73,2
Mujeres;Aragón;ARTES Y ARTESANÍAS;.
Mujeres;Aragón;COMERCIO Y MARKETING;70,0
Mujeres;Aragón;EDIFICACIÓN Y OBRA CIVIL;.
Mujeres;Aragón;ELECTRICIDAD Y ELECTRÓNICA;70,5
Mujeres;Aragón;ENERGÍA Y AGUA;.
Mujeres;Aragón;FABRICACIÓN MECÁNICA;86,7
Mujeres;Aragón;HOSTELERÍA Y TURISMO;79,2
Mujeres;Aragón;IMAGEN PERSONAL;68,8
Mujeres;Aragón;IMAGEN Y SONIDO;.
Mujeres;Aragón;INDUSTRIAS ALIMENTARIAS;100,0
Mujeres;Aragón;INDUSTRIAS EXTRACTIVAS;.
Mujeres;Aragón;INFORMÁTICA Y COMUNICACIONES;65,2
Mujeres;Aragón;INSTALACIÓN Y MANTENIMIENTO;.
Mujeres;Aragón;MADERA, MUEBLE Y CORCHO;83,3
Mujeres;Aragón;MARÍTIMO-PESQUERA;.
Mujeres;Aragón;QUÍMICA;.
Mujeres;Aragón;SANIDAD;.
Mujeres;Aragón;SEGURIDAD Y MEDIO AMBIENTE;.
Mujeres;Aragón;SERVICIOS SOCIOCULTURALES Y A LA COMUNIDAD;.
Mujeres;Aragón;TEXTIL, CONFECCIÓN Y PIEL;75,5
Mujeres;Aragón;TRANSPORTE Y MANTENIMIENTO DE VEHÍCULOS;76,2
Mujeres;Aragón;VIDRIO Y CERÁMICA;.
Mujeres;Asturias, Principado de;ACTIVIDADES FÍSICAS Y DEPORTIVAS;.
Mujeres;Asturias, Principado de;ADMINISTRACIÓN Y GESTIÓN;66,9
Mujeres;Asturias, Principado de;AGRARIA;.
Mujeres;Asturias, Principado de;ARTES GRÁFICAS;.
Mujeres;Asturias, Principado de;ARTES Y ARTESANÍAS;.
Mujeres;Asturias, Principado de;COMERCIO Y MARKETING;48,9
Mujeres;Asturias, Principado de;EDIFICACIÓN Y OBRA CIVIL;.
Mujeres;Asturias, Principado de;ELECTRICIDAD Y ELECTRÓNICA;55,6
Mujeres;Asturias, Principado de;ENERGÍA Y AGUA;.
Mujeres;Asturias, Principado de;FABRICACIÓN MECÁNICA;0,0
Mujeres;Asturias, Principado de;HOSTELERÍA Y TURISMO;63,2
Mujeres;Asturias, Principado de;IMAGEN PERSONAL;61,7
Mujeres;Asturias, Principado de;IMAGEN Y SONIDO;.
Mujeres;Asturias, Principado de;INDUSTRIAS ALIMENTARIAS;.
Mujeres;Asturias, Principado de;INDUSTRIAS EXTRACTIVAS;.
Mujeres;Asturias, Principado de;INFORMÁTICA Y COMUNICACIONES;50,0
Mujeres;Asturias, Principado de;INSTALACIÓN Y MANTENIMIENTO;.
Mujeres;Asturias, Principado de;MADERA, MUEBLE Y CORCHO;50,0
Mujeres;Asturias, Principado de;MARÍTIMO-PESQUERA;.
Mujeres;Asturias, Principado de;QUÍMICA;.
Mujeres;Asturias, Principado de;SANIDAD;.
Mujeres;Asturias, Principado de;SEGURIDAD Y MEDIO AMBIENTE;.
Mujeres;Asturias, Principado de;SERVICIOS SOCIOCULTURALES Y A LA COMUNIDAD;.
Mujeres;Asturias, Principado de;TEXTIL, CONFECCIÓN Y PIEL;.
Mujeres;Asturias, Principado de;TRANSPORTE Y MANTENIMIENTO DE VEHÍCULOS;47,3
Mujeres;Asturias, Principado de;VIDRIO Y CERÁMICA;.
Mujeres;Balears, Illes;ACTIVIDADES FÍSICAS Y DEPORTIVAS;36,4
Mujeres;Balears, Illes;ADMINISTRACIÓN Y GESTIÓN;73,5
Mujeres;Balears, Illes;AGRARIA;80,4
Mujeres;Balears, Illes;ARTES GRÁFICAS;90,0
Mujeres;Balears, Illes;ARTES Y ARTESANÍAS;.
Mujeres;Balears, Illes;COMERCIO Y MARKETING;83,6
Mujeres;Balears, Illes;EDIFICACIÓN Y OBRA CIVIL;.
Mujeres;Balears, Illes;ELECTRICIDAD Y ELECTRÓNICA;100,0
Mujeres;Balears, Illes;ENERGÍA Y AGUA;.
Mujeres;Balears, Illes;FABRICACIÓN MECÁNICA;100,0
Mujeres;Balears, Illes;HOSTELERÍA Y TURISMO;81,3
Mujeres;Balears, Illes;IMAGEN PERSONAL;76,1
Mujeres;Balears, Illes;IMAGEN Y SONIDO;.
Mujeres;Balears, Illes;INDUSTRIAS ALIMENTARIAS;.
Mujeres;Balears, Illes;INDUSTRIAS EXTRACTIVAS;.
Mujeres;Balears, Illes;INFORMÁTICA Y COMUNICACIONES;71,3
Mujeres;Balears, Illes;INSTALACIÓN Y MANTENIMIENTO;.
Mujeres;Balears, Illes;MADERA, MUEBLE Y CORCHO;.
Mujeres;Balears, Illes;MARÍTIMO-PESQUERA;.
Mujeres;Balears, Illes;QUÍMICA;.
Mujeres;Balears, Illes;SANIDAD;.
Mujeres;Balears, Illes;SEGURIDAD Y MEDIO AMBIENTE;.
Mujeres;Balears, Illes;SERVICIOS SOCIOCULTURALES Y A LA COMUNIDAD;.
Mujeres;Balears, Illes;TEXTIL, CONFECCIÓN Y PIEL;.
Mujeres;Balears, Illes;TRANSPORTE Y MANTENIMIENTO DE VEHÍCULOS;78,3
Mujeres;Balears, Illes;VIDRIO Y CERÁMICA;.
Mujeres;Canarias;ACTIVIDADES FÍSICAS Y DEPORTIVAS;.
Mujeres;Canarias;ADMINISTRACIÓN Y GESTIÓN;70,1
Mujeres;Canarias;AGRARIA;65,8
Mujeres;Canarias;ARTES GRÁFICAS;.
Mujeres;Canarias;ARTES Y ARTESANÍAS;.
Mujeres;Canarias;COMERCIO Y MARKETING;72,2
Mujeres;Canarias;EDIFICACIÓN Y OBRA CIVIL;61,8
Mujeres;Canarias;ELECTRICIDAD Y ELECTRÓNICA;56,1
Mujeres;Canarias;ENERGÍA Y AGUA;.
Mujeres;Canarias;FABRICACIÓN MECÁNICA;75,0
Mujeres;Canarias;HOSTELERÍA Y TURISMO;76,9
Mujeres;Canarias;IMAGEN PERSONAL;69,1
Mujeres;Canarias;IMAGEN Y SONIDO;.
Mujeres;Canarias;INDUSTRIAS ALIMENTARIAS;.
Mujeres;Canarias;INDUSTRIAS EXTRACTIVAS;.
Mujeres;Canarias;INFORMÁTICA Y COMUNICACIONES;57,6
Mujeres;Canarias;INSTALACIÓN Y MANTENIMIENTO;0,0
Mujeres;Canarias;MADERA, MUEBLE Y CORCHO;63,5
Mujeres;Canarias;MARÍTIMO-PESQUERA;.
Mujeres;Canarias;QUÍMICA;.
Mujeres;Canarias;SANIDAD;.
Mujeres;Canarias;SEGURIDAD Y MEDIO AMBIENTE;.
Mujeres;Canarias;SERVICIOS SOCIOCULTURALES Y A LA COMUNIDAD;79,5
Mujeres;Canarias;TEXTIL, CONFECCIÓN Y PIEL;50,0
Mujeres;Canarias;TRANSPORTE Y MANTENIMIENTO DE VEHÍCULOS;46,7
Mujeres;Canarias;VIDRIO Y CERÁMICA;.
Mujeres;Cantabria;ACTIVIDADES FÍSICAS Y DEPORTIVAS;.
Mujeres;Cantabria;ADMINISTRACIÓN Y GESTIÓN;96,1
Mujeres;Cantabria;AGRARIA;79,4
Mujeres;Cantabria;ARTES GRÁFICAS;100,0
Mujeres;Cantabria;ARTES Y ARTESANÍAS;.
Mujeres;Cantabria;COMERCIO Y MARKETING;68,9
Mujeres;Cantabria;EDIFICACIÓN Y OBRA CIVIL;.
Mujeres;Cantabria;ELECTRICIDAD Y ELECTRÓNICA;53,8
Mujeres;Cantabria;ENERGÍA Y AGUA;.
Mujeres;Cantabria;FABRICACIÓN MECÁNICA;.
Mujeres;Cantabria;HOSTELERÍA Y TURISMO;84,0
Mujeres;Cantabria;IMAGEN PERSONAL;81,9
Mujeres;Cantabria;IMAGEN Y SONIDO;.
Mujeres;Cantabria;INDUSTRIAS ALIMENTARIAS;70,0
Mujeres;Cantabria;INDUSTRIAS EXTRACTIVAS;.
Mujeres;Cantabria;INFORMÁTICA Y COMUNICACIONES;92,2
Mujeres;Cantabria;INSTALACIÓN Y MANTENIMIENTO;.
Mujeres;Cantabria;MADERA, MUEBLE Y CORCHO;80,0
Mujeres;Cantabria;MARÍTIMO-PESQUERA;.
Mujeres;Cantabria;QUÍMICA;.
Mujeres;Cantabria;SANIDAD;.
Mujeres;Cantabria;SEGURIDAD Y MEDIO AMBIENTE;.
Mujeres;Cantabria;SERVICIOS SOCIOCULTURALES Y A LA COMUNIDAD;.
Mujeres;Cantabria;TEXTIL, CONFECCIÓN Y PIEL;92,9
Mujeres;Cantabria;TRANSPORTE Y MANTENIMIENTO DE VEHÍCULOS;60,9
Mujeres;Cantabria;VIDRIO Y CERÁMICA;.
Mujeres;Castilla y León;ACTIVIDADES FÍSICAS Y DEPORTIVAS;.
Mujeres;Castilla y León;ADMINISTRACIÓN Y GESTIÓN;69,3
Mujeres;Castilla y León;AGRARIA;64,6
Mujeres;Castilla y León;ARTES GRÁFICAS;.
Mujeres;Castilla y León;ARTES Y ARTESANÍAS;.
Mujeres;Castilla y León;COMERCIO Y MARKETING;70,5
Mujeres;Castilla y León;EDIFICACIÓN Y OBRA CIVIL;50,0
Mujeres;Castilla y León;ELECTRICIDAD Y ELECTRÓNICA;69,8
Mujeres;Castilla y León;ENERGÍA Y AGUA;.
Mujeres;Castilla y León;FABRICACIÓN MECÁNICA;55,9
Mujeres;Castilla y León;HOSTELERÍA Y TURISMO;64,0
Mujeres;Castilla y León;IMAGEN PERSONAL;64,9
Mujeres;Castilla y León;IMAGEN Y SONIDO;.
Mujeres;Castilla y León;INDUSTRIAS ALIMENTARIAS;26,3
Mujeres;Castilla y León;INDUSTRIAS EXTRACTIVAS;.
Mujeres;Castilla y León;INFORMÁTICA Y COMUNICACIONES;61,8
Mujeres;Castilla y León;INSTALACIÓN Y MANTENIMIENTO;.
Mujeres;Castilla y León;MADERA, MUEBLE Y CORCHO;75,0
Mujeres;Castilla y León;MARÍTIMO-PESQUERA;.
Mujeres;Castilla y León;QUÍMICA;.
Mujeres;Castilla y León;SANIDAD;.
Mujeres;Castilla y León;SEGURIDAD Y MEDIO AMBIENTE;.
Mujeres;Castilla y León;SERVICIOS SOCIOCULTURALES Y A LA COMUNIDAD;.
Mujeres;Castilla y León;TEXTIL, CONFECCIÓN Y PIEL;71,4
Mujeres;Castilla y León;TRANSPORTE Y MANTENIMIENTO DE VEHÍCULOS;70,8
Mujeres;Castilla y León;VIDRIO Y CERÁMICA;.
Mujeres;Castilla.La Mancha;ACTIVIDADES FÍSICAS Y DEPORTIVAS;90,6
Mujeres;Castilla.La Mancha;ADMINISTRACIÓN Y GESTIÓN;76,8
Mujeres;Castilla.La Mancha;AGRARIA;69,4
Mujeres;Castilla.La Mancha;ARTES GRÁFICAS;69,4
Mujeres;Castilla.La Mancha;ARTES Y ARTESANÍAS;.
Mujeres;Castilla.La Mancha;COMERCIO Y MARKETING;74,8
Mujeres;Castilla.La Mancha;EDIFICACIÓN Y OBRA CIVIL;.
Mujeres;Castilla.La Mancha;ELECTRICIDAD Y ELECTRÓNICA;53,2
Mujeres;Castilla.La Mancha;ENERGÍA Y AGUA;.
Mujeres;Castilla.La Mancha;FABRICACIÓN MECÁNICA;77,8
Mujeres;Castilla.La Mancha;HOSTELERÍA Y TURISMO;73,5
Mujeres;Castilla.La Mancha;IMAGEN PERSONAL;78,7
Mujeres;Castilla.La Mancha;IMAGEN Y SONIDO;.
Mujeres;Castilla.La Mancha;INDUSTRIAS ALIMENTARIAS;82,6
Mujeres;Castilla.La Mancha;INDUSTRIAS EXTRACTIVAS;.
Mujeres;Castilla.La Mancha;INFORMÁTICA Y COMUNICACIONES;71,0
Mujeres;Castilla.La Mancha;INSTALACIÓN Y MANTENIMIENTO;50,0
Mujeres;Castilla.La Mancha;MADERA, MUEBLE Y CORCHO;0,0
Mujeres;Castilla.La Mancha;MARÍTIMO-PESQUERA;.
Mujeres;Castilla.La Mancha;QUÍMICA;.
Mujeres;Castilla.La Mancha;SANIDAD;.
Mujeres;Castilla.La Mancha;SEGURIDAD Y MEDIO AMBIENTE;.
Mujeres;Castilla.La Mancha;SERVICIOS SOCIOCULTURALES Y A LA COMUNIDAD;.
Mujeres;Castilla.La Mancha;TEXTIL, CONFECCIÓN Y PIEL;72,3
Mujeres;Castilla.La Mancha;TRANSPORTE Y MANTENIMIENTO DE VEHÍCULOS;65,5
Mujeres;Castilla.La Mancha;VIDRIO Y CERÁMICA;.
Mujeres;Cataluña;ACTIVIDADES FÍSICAS Y DEPORTIVAS;..
Mujeres;Cataluña;ADMINISTRACIÓN Y GESTIÓN;..
Mujeres;Cataluña;AGRARIA;..
Mujeres;Cataluña;ARTES GRÁFICAS;..
Mujeres;Cataluña;ARTES Y ARTESANÍAS;..
Mujeres;Cataluña;COMERCIO Y MARKETING;..
Mujeres;Cataluña;EDIFICACIÓN Y OBRA CIVIL;..
Mujeres;Cataluña;ELECTRICIDAD Y ELECTRÓNICA;..
Mujeres;Cataluña;ENERGÍA Y AGUA;..
Mujeres;Cataluña;FABRICACIÓN MECÁNICA;..
Mujeres;Cataluña;HOSTELERÍA Y TURISMO;..
Mujeres;Cataluña;IMAGEN PERSONAL;..
Mujeres;Cataluña;IMAGEN Y SONIDO;..
Mujeres;Cataluña;INDUSTRIAS ALIMENTARIAS;..
Mujeres;Cataluña;INDUSTRIAS EXTRACTIVAS;..
Mujeres;Cataluña;INFORMÁTICA Y COMUNICACIONES;..
Mujeres;Cataluña;INSTALACIÓN Y MANTENIMIENTO;..
Mujeres;Cataluña;MADERA, MUEBLE Y CORCHO;..
Mujeres;Cataluña;MARÍTIMO-PESQUERA;..
Mujeres;Cataluña;QUÍMICA;..
Mujeres;Cataluña;SANIDAD;..
Mujeres;Cataluña;SEGURIDAD Y MEDIO AMBIENTE;..
Mujeres;Cataluña;SERVICIOS SOCIOCULTURALES Y A LA COMUNIDAD;..
Mujeres;Cataluña;TEXTIL, CONFECCIÓN Y PIEL;..
Mujeres;Cataluña;TRANSPORTE Y MANTENIMIENTO DE VEHÍCULOS;..
Mujeres;Cataluña;VIDRIO Y CERÁMICA;..
Mujeres;Comunitat Valenciana;ACTIVIDADES FÍSICAS Y DEPORTIVAS;100,0
Mujeres;Comunitat Valenciana;ADMINISTRACIÓN Y GESTIÓN;80,7
Mujeres;Comunitat Valenciana;AGRARIA;78,6
Mujeres;Comunitat Valenciana;ARTES GRÁFICAS;77,1
Mujeres;Comunitat Valenciana;ARTES Y ARTESANÍAS;.
Mujeres;Comunitat Valenciana;COMERCIO Y MARKETING;80,6
Mujeres;Comunitat Valenciana;EDIFICACIÓN Y OBRA CIVIL;42,2
Mujeres;Comunitat Valenciana;ELECTRICIDAD Y ELECTRÓNICA;73,5
Mujeres;Comunitat Valenciana;ENERGÍA Y AGUA;.
Mujeres;Comunitat Valenciana;FABRICACIÓN MECÁNICA;84,1
Mujeres;Comunitat Valenciana;HOSTELERÍA Y TURISMO;79,1
Mujeres;Comunitat Valenciana;IMAGEN PERSONAL;77,9
Mujeres;Comunitat Valenciana;IMAGEN Y SONIDO;.
Mujeres;Comunitat Valenciana;INDUSTRIAS ALIMENTARIAS;85,9
Mujeres;Comunitat Valenciana;INDUSTRIAS EXTRACTIVAS;.
Mujeres;Comunitat Valenciana;INFORMÁTICA Y COMUNICACIONES;80,6
Mujeres;Comunitat Valenciana;INSTALACIÓN Y MANTENIMIENTO;100,0
Mujeres;Comunitat Valenciana;MADERA, MUEBLE Y CORCHO;95,0
Mujeres;Comunitat Valenciana;MARÍTIMO-PESQUERA;71,4
Mujeres;Comunitat Valenciana;QUÍMICA;.
Mujeres;Comunitat Valenciana;SANIDAD;.
Mujeres;Comunitat Valenciana;SEGURIDAD Y MEDIO AMBIENTE;.
Mujeres;Comunitat Valenciana;SERVICIOS SOCIOCULTURALES Y A LA COMUNIDAD;58,9
Mujeres;Comunitat Valenciana;TEXTIL, CONFECCIÓN Y PIEL;83,6
Mujeres;Comunitat Valenciana;TRANSPORTE Y MANTENIMIENTO DE VEHÍCULOS;67,8
Mujeres;Comunitat Valenciana;VIDRIO Y CERÁMICA;83,2
Mujeres;Extremadura;ACTIVIDADES FÍSICAS Y DEPORTIVAS;.
Mujeres;Extremadura;ADMINISTRACIÓN Y GESTIÓN;76,6
Mujeres;Extremadura;AGRARIA;76,3
Mujeres;Extremadura;ARTES GRÁFICAS;69,2
Mujeres;Extremadura;ARTES Y ARTESANÍAS;.
Mujeres;Extremadura;COMERCIO Y MARKETING;72,3
Mujeres;Extremadura;EDIFICACIÓN Y OBRA CIVIL;100,0
Mujeres;Extremadura;ELECTRICIDAD Y ELECTRÓNICA;57,5
Mujeres;Extremadura;ENERGÍA Y AGUA;.
Mujeres;Extremadura;FABRICACIÓN MECÁNICA;100,0
Mujeres;Extremadura;HOSTELERÍA Y TURISMO;68,5
Mujeres;Extremadura;IMAGEN PERSONAL;69,0
Mujeres;Extremadura;IMAGEN Y SONIDO;.
Mujeres;Extremadura;INDUSTRIAS ALIMENTARIAS;67,3
Mujeres;Extremadura;INDUSTRIAS EXTRACTIVAS;.
Mujeres;Extremadura;INFORMÁTICA Y COMUNICACIONES;53,1
Mujeres;Extremadura;INSTALACIÓN Y MANTENIMIENTO;.
Mujeres;Extremadura;MADERA, MUEBLE Y CORCHO;40,7
Mujeres;Extremadura;MARÍTIMO-PESQUERA;.
Mujeres;Extremadura;QUÍMICA;.
Mujeres;Extremadura;SANIDAD;.
Mujeres;Extremadura;SEGURIDAD Y MEDIO AMBIENTE;.
Mujeres;Extremadura;SERVICIOS SOCIOCULTURALES Y A LA COMUNIDAD;97,3
Mujeres;Extremadura;TEXTIL, CONFECCIÓN Y PIEL;.
Mujeres;Extremadura;TRANSPORTE Y MANTENIMIENTO DE VEHÍCULOS;100,0
Mujeres;Extremadura;VIDRIO Y CERÁMICA;.
Mujeres;Galicia;ACTIVIDADES FÍSICAS Y DEPORTIVAS;.
Mujeres;Galicia;ADMINISTRACIÓN Y GESTIÓN;81,6
Mujeres;Galicia;AGRARIA;85,6
Mujeres;Galicia;ARTES GRÁFICAS;85,6
Mujeres;Galicia;ARTES Y ARTESANÍAS;.
Mujeres;Galicia;COMERCIO Y MARKETING;83,7
Mujeres;Galicia;EDIFICACIÓN Y OBRA CIVIL;81,8
Mujeres;Galicia;ELECTRICIDAD Y ELECTRÓNICA;86,4
Mujeres;Galicia;ENERGÍA Y AGUA;.
Mujeres;Galicia;FABRICACIÓN MECÁNICA;87,5
Mujeres;Galicia;HOSTELERÍA Y TURISMO;81,5
Mujeres;Galicia;IMAGEN PERSONAL;69,2
Mujeres;Galicia;IMAGEN Y SONIDO;.
Mujeres;Galicia;INDUSTRIAS ALIMENTARIAS;90,8
Mujeres;Galicia;INDUSTRIAS EXTRACTIVAS;.
Mujeres;Galicia;INFORMÁTICA Y COMUNICACIONES;82,5
Mujeres;Galicia;INSTALACIÓN Y MANTENIMIENTO;50,0
Mujeres;Galicia;MADERA, MUEBLE Y CORCHO;72,6
Mujeres;Galicia;MARÍTIMO-PESQUERA;.
Mujeres;Galicia;QUÍMICA;.
Mujeres;Galicia;SANIDAD;.
Mujeres;Galicia;SEGURIDAD Y MEDIO AMBIENTE;.
Mujeres;Galicia;SERVICIOS SOCIOCULTURALES Y A LA COMUNIDAD;100,0
Mujeres;Galicia;TEXTIL, CONFECCIÓN Y PIEL;56,9
Mujeres;Galicia;TRANSPORTE Y MANTENIMIENTO DE VEHÍCULOS;53,5
Mujeres;Galicia;VIDRIO Y CERÁMICA;.
Mujeres;Madrid, Comunidad de;ACTIVIDADES FÍSICAS Y DEPORTIVAS;.
Mujeres;Madrid, Comunidad de;ADMINISTRACIÓN Y GESTIÓN;68,2
Mujeres;Madrid, Comunidad de;AGRARIA;66,7
Mujeres;Madrid, Comunidad de;ARTES GRÁFICAS;65,6
Mujeres;Madrid, Comunidad de;ARTES Y ARTESANÍAS;.
Mujeres;Madrid, Comunidad de;COMERCIO Y MARKETING;69,9
Mujeres;Madrid, Comunidad de;EDIFICACIÓN Y OBRA CIVIL;.
Mujeres;Madrid, Comunidad de;ELECTRICIDAD Y ELECTRÓNICA;50,3
Mujeres;Madrid, Comunidad de;ENERGÍA Y AGUA;.
Mujeres;Madrid, Comunidad de;FABRICACIÓN MECÁNICA;55,8
Mujeres;Madrid, Comunidad de;HOSTELERÍA Y TURISMO;71,1
Mujeres;Madrid, Comunidad de;IMAGEN PERSONAL;65,7
Mujeres;Madrid, Comunidad de;IMAGEN Y SONIDO;.
Mujeres;Madrid, Comunidad de;INDUSTRIAS ALIMENTARIAS;.
Mujeres;Madrid, Comunidad de;INDUSTRIAS EXTRACTIVAS;.
Mujeres;Madrid, Comunidad de;INFORMÁTICA Y COMUNICACIONES;65,1
Mujeres;Madrid, Comunidad de;INSTALACIÓN Y MANTENIMIENTO;.
Mujeres;Madrid, Comunidad de;MADERA, MUEBLE Y CORCHO;76,0
Mujeres;Madrid, Comunidad de;MARÍTIMO-PESQUERA;.
Mujeres;Madrid, Comunidad de;QUÍMICA;.
Mujeres;Madrid, Comunidad de;SANIDAD;.
Mujeres;Madrid, Comunidad de;SEGURIDAD Y MEDIO AMBIENTE;.
Mujeres;Madrid, Comunidad de;SERVICIOS SOCIOCULTURALES Y A LA COMUNIDAD;.
Mujeres;Madrid, Comunidad de;TEXTIL, CONFECCIÓN Y PIEL;.
Mujeres;Madrid, Comunidad de;TRANSPORTE Y MANTENIMIENTO DE VEHÍCULOS;50,4
Mujeres;Madrid, Comunidad de;VIDRIO Y CERÁMICA;.
Mujeres;Murcia (Región de );ACTIVIDADES FÍSICAS Y DEPORTIVAS;..
Mujeres;Murcia (Región de );ADMINISTRACIÓN Y GESTIÓN;71,4
Mujeres;Murcia (Región de );AGRARIA;77,2
Mujeres;Murcia (Región de );ARTES GRÁFICAS;85,1
Mujeres;Murcia (Región de );ARTES Y ARTESANÍAS;..
Mujeres;Murcia (Región de );COMERCIO Y MARKETING;80,2
Mujeres;Murcia (Región de );EDIFICACIÓN Y OBRA CIVIL;..
Mujeres;Murcia (Región de );ELECTRICIDAD Y ELECTRÓNICA;67,3
Mujeres;Murcia (Región de );ENERGÍA Y AGUA;..
Mujeres;Murcia (Región de );FABRICACIÓN MECÁNICA;75,0
Mujeres;Murcia (Región de );HOSTELERÍA Y TURISMO;67,0
Mujeres;Murcia (Región de );IMAGEN PERSONAL;80,7
Mujeres;Murcia (Región de );IMAGEN Y SONIDO;..
Mujeres;Murcia (Región de );INDUSTRIAS ALIMENTARIAS;88,6
Mujeres;Murcia (Región de );INDUSTRIAS EXTRACTIVAS;..
Mujeres;Murcia (Región de );INFORMÁTICA Y COMUNICACIONES;67,6
Mujeres;Murcia (Región de );INSTALACIÓN Y MANTENIMIENTO;0,0
Mujeres;Murcia (Región de );MADERA, MUEBLE Y CORCHO;56,5
Mujeres;Murcia (Región de );MARÍTIMO-PESQUERA;..
Mujeres;Murcia (Región de );QUÍMICA;..
Mujeres;Murcia (Región de );SANIDAD;..
Mujeres;Murcia (Región de );SEGURIDAD Y MEDIO AMBIENTE;..
Mujeres;Murcia (Región de );SERVICIOS SOCIOCULTURALES Y A LA COMUNIDAD;..
Mujeres;Murcia (Región de );TEXTIL, CONFECCIÓN Y PIEL;35,7
Mujeres;Murcia (Región de );TRANSPORTE Y MANTENIMIENTO DE VEHÍCULOS;67,2
Mujeres;Murcia (Región de );VIDRIO Y CERÁMICA;..
Mujeres;Navarra, Comunidad Foral de;ACTIVIDADES FÍSICAS Y DEPORTIVAS;.
Mujeres;Navarra, Comunidad Foral de;ADMINISTRACIÓN Y GESTIÓN;92,9
Mujeres;Navarra, Comunidad Foral de;AGRARIA;70,2
Mujeres;Navarra, Comunidad Foral de;ARTES GRÁFICAS;73,7
Mujeres;Navarra, Comunidad Foral de;ARTES Y ARTESANÍAS;.
Mujeres;Navarra, Comunidad Foral de;COMERCIO Y MARKETING;75,8
Mujeres;Navarra, Comunidad Foral de;EDIFICACIÓN Y OBRA CIVIL;100,0
Mujeres;Navarra, Comunidad Foral de;ELECTRICIDAD Y ELECTRÓNICA;76,5
Mujeres;Navarra, Comunidad Foral de;ENERGÍA Y AGUA;.
Mujeres;Navarra, Comunidad Foral de;FABRICACIÓN MECÁNICA;70,0
Mujeres;Navarra, Comunidad Foral de;HOSTELERÍA Y TURISMO;95,4
Mujeres;Navarra, Comunidad Foral de;IMAGEN PERSONAL;85,9
Mujeres;Navarra, Comunidad Foral de;IMAGEN Y SONIDO;.
Mujeres;Navarra, Comunidad Foral de;INDUSTRIAS ALIMENTARIAS;40,0
Mujeres;Navarra, Comunidad Foral de;INDUSTRIAS EXTRACTIVAS;.
Mujeres;Navarra, Comunidad Foral de;INFORMÁTICA Y COMUNICACIONES;84,5
Mujeres;Navarra, Comunidad Foral de;INSTALACIÓN Y MANTENIMIENTO;.
Mujeres;Navarra, Comunidad Foral de;MADERA, MUEBLE Y CORCHO;100,0
Mujeres;Navarra, Comunidad Foral de;MARÍTIMO-PESQUERA;.
Mujeres;Navarra, Comunidad Foral de;QUÍMICA;.
Mujeres;Navarra, Comunidad Foral de;SANIDAD;.
Mujeres;Navarra, Comunidad Foral de;SEGURIDAD Y MEDIO AMBIENTE;.
Mujeres;Navarra, Comunidad Foral de;SERVICIOS SOCIOCULTURALES Y A LA COMUNIDAD;.
Mujeres;Navarra, Comunidad Foral de;TEXTIL, CONFECCIÓN Y PIEL;85,3
Mujeres;Navarra, Comunidad Foral de;TRANSPORTE Y MANTENIMIENTO DE VEHÍCULOS;.
Mujeres;Navarra, Comunidad Foral de;VIDRIO Y CERÁMICA;.
Mujeres;País Vasco;ACTIVIDADES FÍSICAS Y DEPORTIVAS;.
Mujeres;País Vasco;ADMINISTRACIÓN Y GESTIÓN;96,8
Mujeres;País Vasco;AGRARIA;83,8
Mujeres;País Vasco;ARTES GRÁFICAS;95,3
Mujeres;País Vasco;ARTES Y ARTESANÍAS;.
Mujeres;País Vasco;COMERCIO Y MARKETING;88,2
Mujeres;País Vasco;EDIFICACIÓN Y OBRA CIVIL;.
Mujeres;País Vasco;ELECTRICIDAD Y ELECTRÓNICA;84,1
Mujeres;País Vasco;ENERGÍA Y AGUA;.
Mujeres;País Vasco;FABRICACIÓN MECÁNICA;82,5
Mujeres;País Vasco;HOSTELERÍA Y TURISMO;85,2
Mujeres;País Vasco;IMAGEN PERSONAL;92,1
Mujeres;País Vasco;IMAGEN Y SONIDO;.
Mujeres;País Vasco;INDUSTRIAS ALIMENTARIAS;0,0
Mujeres;País Vasco;INDUSTRIAS EXTRACTIVAS;.
Mujeres;País Vasco;INFORMÁTICA Y COMUNICACIONES;89,5
Mujeres;País Vasco;INSTALACIÓN Y MANTENIMIENTO;100,0
Mujeres;País Vasco;MADERA, MUEBLE Y CORCHO;91,7
Mujeres;País Vasco;MARÍTIMO-PESQUERA;.
Mujeres;País Vasco;QUÍMICA;.
Mujeres;País Vasco;SANIDAD;.
Mujeres;País Vasco;SEGURIDAD Y MEDIO AMBIENTE;.
Mujeres;País Vasco;SERVICIOS SOCIOCULTURALES Y A LA COMUNIDAD;95,9
Mujeres;País Vasco;TEXTIL, CONFECCIÓN Y PIEL;49,3
Mujeres;País Vasco;TRANSPORTE Y MANTENIMIENTO DE VEHÍCULOS;81,3
Mujeres;País Vasco;VIDRIO Y CERÁMICA;.
Mujeres;Rioja, La;ACTIVIDADES FÍSICAS Y DEPORTIVAS;50,0
Mujeres;Rioja, La;ADMINISTRACIÓN Y GESTIÓN;71,3
Mujeres;Rioja, La;AGRARIA;75,4
Mujeres;Rioja, La;ARTES GRÁFICAS;.
Mujeres;Rioja, La;ARTES Y ARTESANÍAS;.
Mujeres;Rioja, La;COMERCIO Y MARKETING;82,2
Mujeres;Rioja, La;EDIFICACIÓN Y OBRA CIVIL;.
Mujeres;Rioja, La;ELECTRICIDAD Y ELECTRÓNICA;25,0
Mujeres;Rioja, La;ENERGÍA Y AGUA;.
Mujeres;Rioja, La;FABRICACIÓN MECÁNICA;100,0
Mujeres;Rioja, La;HOSTELERÍA Y TURISMO;65,6
Mujeres;Rioja, La;IMAGEN PERSONAL;59,6
Mujeres;Rioja, La;IMAGEN Y SONIDO;.
Mujeres;Rioja, La;INDUSTRIAS ALIMENTARIAS;.
Mujeres;Rioja, La;INDUSTRIAS EXTRACTIVAS;.
Mujeres;Rioja, La;INFORMÁTICA Y COMUNICACIONES;62,7
Mujeres;Rioja, La;INSTALACIÓN Y MANTENIMIENTO;.
Mujeres;Rioja, La;MADERA, MUEBLE Y CORCHO;.
Mujeres;Rioja, La;MARÍTIMO-PESQUERA;.
Mujeres;Rioja, La;QUÍMICA;.
Mujeres;Rioja, La;SANIDAD;.
Mujeres;Rioja, La;SEGURIDAD Y MEDIO AMBIENTE;.
Mujeres;Rioja, La;SERVICIOS SOCIOCULTURALES Y A LA COMUNIDAD;87,5
Mujeres;Rioja, La;TEXTIL, CONFECCIÓN Y PIEL;97,5
Mujeres;Rioja, La;TRANSPORTE Y MANTENIMIENTO DE VEHÍCULOS;100,0
Mujeres;Rioja, La;VIDRIO Y CERÁMICA;.
Mujeres;Ceuta;ACTIVIDADES FÍSICAS Y DEPORTIVAS;100,0
Mujeres;Ceuta;ADMINISTRACIÓN Y GESTIÓN;0,0
Mujeres;Ceuta;AGRARIA;68,6
Mujeres;Ceuta;ARTES GRÁFICAS;.
Mujeres;Ceuta;ARTES Y ARTESANÍAS;.
Mujeres;Ceuta;COMERCIO Y MARKETING;71,7
Mujeres;Ceuta;EDIFICACIÓN Y OBRA CIVIL;.
Mujeres;Ceuta;ELECTRICIDAD Y ELECTRÓNICA;100,0
Mujeres;Ceuta;ENERGÍA Y AGUA;.
Mujeres;Ceuta;FABRICACIÓN MECÁNICA;.
Mujeres;Ceuta;HOSTELERÍA Y TURISMO;52,2
Mujeres;Ceuta;IMAGEN PERSONAL;75,7
Mujeres;Ceuta;IMAGEN Y SONIDO;.
Mujeres;Ceuta;INDUSTRIAS ALIMENTARIAS;.
Mujeres;Ceuta;INDUSTRIAS EXTRACTIVAS;.
Mujeres;Ceuta;INFORMÁTICA Y COMUNICACIONES;0,0
Mujeres;Ceuta;INSTALACIÓN Y MANTENIMIENTO;.
Mujeres;Ceuta;MADERA, MUEBLE Y CORCHO;.
Mujeres;Ceuta;MARÍTIMO-PESQUERA;.
Mujeres;Ceuta;QUÍMICA;.
Mujeres;Ceuta;SANIDAD;.
Mujeres;Ceuta;SEGURIDAD Y MEDIO AMBIENTE;.
Mujeres;Ceuta;SERVICIOS SOCIOCULTURALES Y A LA COMUNIDAD;.
Mujeres;Ceuta;TEXTIL, CONFECCIÓN Y PIEL;.
Mujeres;Ceuta;TRANSPORTE Y MANTENIMIENTO DE VEHÍCULOS;.
Mujeres;Ceuta;VIDRIO Y CERÁMICA;.
Mujeres;Melilla;ACTIVIDADES FÍSICAS Y DEPORTIVAS;65,2
Mujeres;Melilla;ADMINISTRACIÓN Y GESTIÓN;58,9
Mujeres;Melilla;AGRARIA;.
Mujeres;Melilla;ARTES GRÁFICAS;92,3
Mujeres;Melilla;ARTES Y ARTESANÍAS;.
Mujeres;Melilla;COMERCIO Y MARKETING;53,5
Mujeres;Melilla;EDIFICACIÓN Y OBRA CIVIL;.
Mujeres;Melilla;ELECTRICIDAD Y ELECTRÓNICA;.
Mujeres;Melilla;ENERGÍA Y AGUA;.
Mujeres;Melilla;FABRICACIÓN MECÁNICA;.
Mujeres;Melilla;HOSTELERÍA Y TURISMO;56,5
Mujeres;Melilla;IMAGEN PERSONAL;56,7
Mujeres;Melilla;IMAGEN Y SONIDO;.
Mujeres;Melilla;INDUSTRIAS ALIMENTARIAS;.
Mujeres;Melilla;INDUSTRIAS EXTRACTIVAS;.
Mujeres;Melilla;INFORMÁTICA Y COMUNICACIONES;67,4
Mujeres;Melilla;INSTALACIÓN Y MANTENIMIENTO;.
Mujeres;Melilla;MADERA, MUEBLE Y CORCHO;100,0
Mujeres;Melilla;MARÍTIMO-PESQUERA;.
Mujeres;Melilla;QUÍMICA;.
Mujeres;Melilla;SANIDAD;.
Mujeres;Melilla;SEGURIDAD Y MEDIO AMBIENTE;.
Mujeres;Melilla;SERVICIOS SOCIOCULTURALES Y A LA COMUNIDAD;.
Mujeres;Melilla;TEXTIL, CONFECCIÓN Y PIEL;.
Mujeres;Melilla;TRANSPORTE Y MANTENIMIENTO DE VEHÍCULOS;.
Mujeres;Melilla;VIDRIO Y CERÁMICA;.
