Sexo,Comunidad autónoma,Familia profesional,Porcentajes total de módulos aprobados,nivel_educativo
AMBOS SEXOS,Andalucía,ACTIVIDADES FÍSICAS Y DEPORTIVAS,61.5,BASICO
AMBOS SEXOS,Andalucía,ADMINISTRACIÓN Y GESTIÓN,75.8,BASICO
AMBOS SEXOS,Andalucía,AGRARIA,73.5,BASICO
AMBOS SEXOS,Andalucía,ARTES GRÁFICAS,76.0,BASICO
AMBOS SEXOS,Andalucía,ARTES Y ARTESANÍAS,,BASICO
AMBOS SEXOS,Andalucía,COMERCIO Y MARKETING,73.6,BASICO
AMBOS SEXOS,Andalucía,EDIFICACIÓN Y OBRA CIVIL,68.1,BASICO
AMBOS SEXOS,Andalucía,ELECTRICIDAD Y ELECTRÓNICA,73.7,BASICO
AMBOS SEXOS,Andalucía,ENERGÍA Y AGUA,,BASICO
AMBOS SEXOS,Andalucía,FABRICACIÓN MECÁNICA,74.6,BASICO
AMBOS SEXOS,Andalucía,HOSTELERÍA Y TURISMO,72.7,BASICO
AMBOS SEXOS,Andalucía,IMAGEN PERSONAL,72.3,BASICO
AMBOS SEXOS,Andalucía,IMAGEN Y SONIDO,,BASICO
AMBOS SEXOS,Andalucía,INDUSTRIAS ALIMENTARIAS,82.5,BASICO
AMBOS SEXOS,Andalucía,INDUSTRIAS EXTRACTIVAS,,BASICO
AMBOS SEXOS,Andalucía,INFORMÁTICA Y COMUNICACIONES,74.9,BASICO
AMBOS SEXOS,Andalucía,INSTALACIÓN Y MANTENIMIENTO,,BASICO
AMBOS SEXOS,Andalucía,"MADERA, MUEBLE Y CORCHO",68.9,BASICO
AMBOS SEXOS,Andalucía,MARÍTIMO-PESQUERA,,BASICO
AMBOS SEXOS,Andalucía,QUÍMICA,,BASICO
AMBOS SEXOS,Andalucía,SANIDAD,,BASICO
AMBOS SEXOS,Andalucía,SEGURIDAD Y MEDIO AMBIENTE,,BASICO
AMBOS SEXOS,Andalucía,SERVICIOS SOCIOCULTURALES Y A LA COMUNIDAD,76.6,BASICO
AMBOS SEXOS,Andalucía,"TEXTIL, CONFECCIÓN Y PIEL",68.2,BASICO
AMBOS SEXOS,Andalucía,TRANSPORTE Y MANTENIMIENTO DE VEHÍCULOS,69.9,BASICO
AMBOS SEXOS,Andalucía,VIDRIO Y CERÁMICA,72.2,BASICO
AMBOS SEXOS,Aragón,ACTIVIDADES FÍSICAS Y DEPORTIVAS,,BASICO
AMBOS SEXOS,Aragón,ADMINISTRACIÓN Y GESTIÓN,65.5,BASICO
AMBOS SEXOS,Aragón,AGRARIA,69.7,BASICO
AMBOS SEXOS,Aragón,ARTES GRÁFICAS,67.8,BASICO
AMBOS SEXOS,Aragón,ARTES Y ARTESANÍAS,,BASICO
AMBOS SEXOS,Aragón,COMERCIO Y MARKETING,72.4,BASICO
AMBOS SEXOS,Aragón,EDIFICACIÓN Y OBRA CIVIL,90.8,BASICO
AMBOS SEXOS,Aragón,ELECTRICIDAD Y ELECTRÓNICA,60.1,BASICO
AMBOS SEXOS,Aragón,ENERGÍA Y AGUA,,BASICO
AMBOS SEXOS,Aragón,FABRICACIÓN MECÁNICA,75.6,BASICO
AMBOS SEXOS,Aragón,HOSTELERÍA Y TURISMO,75.7,BASICO
AMBOS SEXOS,Aragón,IMAGEN PERSONAL,67.1,BASICO
AMBOS SEXOS,Aragón,IMAGEN Y SONIDO,,BASICO
AMBOS SEXOS,Aragón,INDUSTRIAS ALIMENTARIAS,69.3,BASICO
AMBOS SEXOS,Aragón,INDUSTRIAS EXTRACTIVAS,,BASICO
AMBOS SEXOS,Aragón,INFORMÁTICA Y COMUNICACIONES,71.2,BASICO
AMBOS SEXOS,Aragón,INSTALACIÓN Y MANTENIMIENTO,47.1,BASICO
AMBOS SEXOS,Aragón,"MADERA, MUEBLE Y CORCHO",72.6,BASICO
AMBOS SEXOS,Aragón,MARÍTIMO-PESQUERA,,BASICO
AMBOS SEXOS,Aragón,QUÍMICA,,BASICO
AMBOS SEXOS,Aragón,SANIDAD,,BASICO
AMBOS SEXOS,Aragón,SEGURIDAD Y MEDIO AMBIENTE,,BASICO
AMBOS SEXOS,Aragón,SERVICIOS SOCIOCULTURALES Y A LA COMUNIDAD,,BASICO
AMBOS SEXOS,Aragón,"TEXTIL, CONFECCIÓN Y PIEL",70.7,BASICO
AMBOS SEXOS,Aragón,TRANSPORTE Y MANTENIMIENTO DE VEHÍCULOS,72.6,BASICO
AMBOS SEXOS,Aragón,VIDRIO Y CERÁMICA,,BASICO
AMBOS SEXOS,Principado de Asturias,ACTIVIDADES FÍSICAS Y DEPORTIVAS,,BASICO
AMBOS SEXOS,Principado de Asturias,ADMINISTRACIÓN Y GESTIÓN,60.3,BASICO
AMBOS SEXOS,Principado de Asturias,AGRARIA,100.0,BASICO
AMBOS SEXOS,Principado de Asturias,ARTES GRÁFICAS,,BASICO
AMBOS SEXOS,Principado de Asturias,ARTES Y ARTESANÍAS,,BASICO
AMBOS SEXOS,Principado de Asturias,COMERCIO Y MARKETING,54.4,BASICO
AMBOS SEXOS,Principado de Asturias,EDIFICACIÓN Y OBRA CIVIL,,BASICO
AMBOS SEXOS,Principado de Asturias,ELECTRICIDAD Y ELECTRÓNICA,48.3,BASICO
AMBOS SEXOS,Principado de Asturias,ENERGÍA Y AGUA,,BASICO
AMBOS SEXOS,Principado de Asturias,FABRICACIÓN MECÁNICA,61.1,BASICO
AMBOS SEXOS,Principado de Asturias,HOSTELERÍA Y TURISMO,68.3,BASICO
AMBOS SEXOS,Principado de Asturias,IMAGEN PERSONAL,58.5,BASICO
AMBOS SEXOS,Principado de Asturias,IMAGEN Y SONIDO,,BASICO
AMBOS SEXOS,Principado de Asturias,INDUSTRIAS ALIMENTARIAS,,BASICO
AMBOS SEXOS,Principado de Asturias,INDUSTRIAS EXTRACTIVAS,,BASICO
AMBOS SEXOS,Principado de Asturias,INFORMÁTICA Y COMUNICACIONES,66.3,BASICO
AMBOS SEXOS,Principado de Asturias,INSTALACIÓN Y MANTENIMIENTO,,BASICO
AMBOS SEXOS,Principado de Asturias,"MADERA, MUEBLE Y CORCHO",67.2,BASICO
AMBOS SEXOS,Principado de Asturias,MARÍTIMO-PESQUERA,,BASICO
AMBOS SEXOS,Principado de Asturias,QUÍMICA,,BASICO
AMBOS SEXOS,Principado de Asturias,SANIDAD,,BASICO
AMBOS SEXOS,Principado de Asturias,SEGURIDAD Y MEDIO AMBIENTE,,BASICO
AMBOS SEXOS,Principado de Asturias,SERVICIOS SOCIOCULTURALES Y A LA COMUNIDAD,,BASICO
AMBOS SEXOS,Principado de Asturias,"TEXTIL, CONFECCIÓN Y PIEL",,BASICO
AMBOS SEXOS,Principado de Asturias,TRANSPORTE Y MANTENIMIENTO DE VEHÍCULOS,60.4,BASICO
AMBOS SEXOS,Principado de Asturias,VIDRIO Y CERÁMICA,,BASICO
AMBOS SEXOS,Islas Baleares,ACTIVIDADES FÍSICAS Y DEPORTIVAS,78.8,BASICO
AMBOS SEXOS,Islas Baleares,ADMINISTRACIÓN Y GESTIÓN,74.4,BASICO
AMBOS SEXOS,Islas Baleares,AGRARIA,77.2,BASICO
AMBOS SEXOS,Islas Baleares,ARTES GRÁFICAS,96.1,BASICO
AMBOS SEXOS,Islas Baleares,ARTES Y ARTESANÍAS,,BASICO
AMBOS SEXOS,Islas Baleares,COMERCIO Y MARKETING,80.1,BASICO
AMBOS SEXOS,Islas Baleares,EDIFICACIÓN Y OBRA CIVIL,,BASICO
AMBOS SEXOS,Islas Baleares,ELECTRICIDAD Y ELECTRÓNICA,81.0,BASICO
AMBOS SEXOS,Islas Baleares,ENERGÍA Y AGUA,,BASICO
AMBOS SEXOS,Islas Baleares,FABRICACIÓN MECÁNICA,75.5,BASICO
AMBOS SEXOS,Islas Baleares,HOSTELERÍA Y TURISMO,79.1,BASICO
AMBOS SEXOS,Islas Baleares,IMAGEN PERSONAL,75.5,BASICO
AMBOS SEXOS,Islas Baleares,IMAGEN Y SONIDO,,BASICO
AMBOS SEXOS,Islas Baleares,INDUSTRIAS ALIMENTARIAS,,BASICO
AMBOS SEXOS,Islas Baleares,INDUSTRIAS EXTRACTIVAS,,BASICO
AMBOS SEXOS,Islas Baleares,INFORMÁTICA Y COMUNICACIONES,77.6,BASICO
AMBOS SEXOS,Islas Baleares,INSTALACIÓN Y MANTENIMIENTO,80.6,BASICO
AMBOS SEXOS,Islas Baleares,"MADERA, MUEBLE Y CORCHO",51.8,BASICO
AMBOS SEXOS,Islas Baleares,MARÍTIMO-PESQUERA,,BASICO
AMBOS SEXOS,Islas Baleares,QUÍMICA,,BASICO
AMBOS SEXOS,Islas Baleares,SANIDAD,,BASICO
AMBOS SEXOS,Islas Baleares,SEGURIDAD Y MEDIO AMBIENTE,,BASICO
AMBOS SEXOS,Islas Baleares,SERVICIOS SOCIOCULTURALES Y A LA COMUNIDAD,,BASICO
AMBOS SEXOS,Islas Baleares,"TEXTIL, CONFECCIÓN Y PIEL",,BASICO
AMBOS SEXOS,Islas Baleares,TRANSPORTE Y MANTENIMIENTO DE VEHÍCULOS,78.6,BASICO
AMBOS SEXOS,Islas Baleares,VIDRIO Y CERÁMICA,,BASICO
AMBOS SEXOS,Canarias,ACTIVIDADES FÍSICAS Y DEPORTIVAS,,BASICO
AMBOS SEXOS,Canarias,ADMINISTRACIÓN Y GESTIÓN,66.6,BASICO
AMBOS SEXOS,Canarias,AGRARIA,66.2,BASICO
AMBOS SEXOS,Canarias,ARTES GRÁFICAS,,BASICO
AMBOS SEXOS,Canarias,ARTES Y ARTESANÍAS,,BASICO
AMBOS SEXOS,Canarias,COMERCIO Y MARKETING,72.6,BASICO
AMBOS SEXOS,Canarias,EDIFICACIÓN Y OBRA CIVIL,64.2,BASICO
AMBOS SEXOS,Canarias,ELECTRICIDAD Y ELECTRÓNICA,62.1,BASICO
AMBOS SEXOS,Canarias,ENERGÍA Y AGUA,,BASICO
AMBOS SEXOS,Canarias,FABRICACIÓN MECÁNICA,62.2,BASICO
AMBOS SEXOS,Canarias,HOSTELERÍA Y TURISMO,71.8,BASICO
AMBOS SEXOS,Canarias,IMAGEN PERSONAL,65.9,BASICO
AMBOS SEXOS,Canarias,IMAGEN Y SONIDO,,BASICO
AMBOS SEXOS,Canarias,INDUSTRIAS ALIMENTARIAS,,BASICO
AMBOS SEXOS,Canarias,INDUSTRIAS EXTRACTIVAS,,BASICO
AMBOS SEXOS,Canarias,INFORMÁTICA Y COMUNICACIONES,67.4,BASICO
AMBOS SEXOS,Canarias,INSTALACIÓN Y MANTENIMIENTO,65.0,BASICO
AMBOS SEXOS,Canarias,"MADERA, MUEBLE Y CORCHO",68.5,BASICO
AMBOS SEXOS,Canarias,MARÍTIMO-PESQUERA,,BASICO
AMBOS SEXOS,Canarias,QUÍMICA,,BASICO
AMBOS SEXOS,Canarias,SANIDAD,,BASICO
AMBOS SEXOS,Canarias,SEGURIDAD Y MEDIO AMBIENTE,,BASICO
AMBOS SEXOS,Canarias,SERVICIOS SOCIOCULTURALES Y A LA COMUNIDAD,75.1,BASICO
AMBOS SEXOS,Canarias,"TEXTIL, CONFECCIÓN Y PIEL",64.9,BASICO
AMBOS SEXOS,Canarias,TRANSPORTE Y MANTENIMIENTO DE VEHÍCULOS,62.0,BASICO
AMBOS SEXOS,Canarias,VIDRIO Y CERÁMICA,,BASICO
AMBOS SEXOS,Cantabria,ACTIVIDADES FÍSICAS Y DEPORTIVAS,,BASICO
AMBOS SEXOS,Cantabria,ADMINISTRACIÓN Y GESTIÓN,92.0,BASICO
AMBOS SEXOS,Cantabria,AGRARIA,87.9,BASICO
AMBOS SEXOS,Cantabria,ARTES GRÁFICAS,96.1,BASICO
AMBOS SEXOS,Cantabria,ARTES Y ARTESANÍAS,,BASICO
AMBOS SEXOS,Cantabria,COMERCIO Y MARKETING,87.6,BASICO
AMBOS SEXOS,Cantabria,EDIFICACIÓN Y OBRA CIVIL,100.0,BASICO
AMBOS SEXOS,Cantabria,ELECTRICIDAD Y ELECTRÓNICA,78.1,BASICO
AMBOS SEXOS,Cantabria,ENERGÍA Y AGUA,,BASICO
AMBOS SEXOS,Cantabria,FABRICACIÓN MECÁNICA,71.6,BASICO
AMBOS SEXOS,Cantabria,HOSTELERÍA Y TURISMO,78.8,BASICO
AMBOS SEXOS,Cantabria,IMAGEN PERSONAL,80.8,BASICO
AMBOS SEXOS,Cantabria,IMAGEN Y SONIDO,,BASICO
AMBOS SEXOS,Cantabria,INDUSTRIAS ALIMENTARIAS,72.0,BASICO
AMBOS SEXOS,Cantabria,INDUSTRIAS EXTRACTIVAS,,BASICO
AMBOS SEXOS,Cantabria,INFORMÁTICA Y COMUNICACIONES,92.4,BASICO
AMBOS SEXOS,Cantabria,INSTALACIÓN Y MANTENIMIENTO,,BASICO
AMBOS SEXOS,Cantabria,"MADERA, MUEBLE Y CORCHO",86.4,BASICO
AMBOS SEXOS,Cantabria,MARÍTIMO-PESQUERA,,BASICO
AMBOS SEXOS,Cantabria,QUÍMICA,,BASICO
AMBOS SEXOS,Cantabria,SANIDAD,,BASICO
AMBOS SEXOS,Cantabria,SEGURIDAD Y MEDIO AMBIENTE,,BASICO
AMBOS SEXOS,Cantabria,SERVICIOS SOCIOCULTURALES Y A LA COMUNIDAD,,BASICO
AMBOS SEXOS,Cantabria,"TEXTIL, CONFECCIÓN Y PIEL",88.0,BASICO
AMBOS SEXOS,Cantabria,TRANSPORTE Y MANTENIMIENTO DE VEHÍCULOS,71.2,BASICO
AMBOS SEXOS,Cantabria,VIDRIO Y CERÁMICA,,BASICO
AMBOS SEXOS,Castilla y León,ACTIVIDADES FÍSICAS Y DEPORTIVAS,,BASICO
AMBOS SEXOS,Castilla y León,ADMINISTRACIÓN Y GESTIÓN,67.8,BASICO
AMBOS SEXOS,Castilla y León,AGRARIA,63.3,BASICO
AMBOS SEXOS,Castilla y León,ARTES GRÁFICAS,,BASICO
AMBOS SEXOS,Castilla y León,ARTES Y ARTESANÍAS,,BASICO
AMBOS SEXOS,Castilla y León,COMERCIO Y MARKETING,70.5,BASICO
AMBOS SEXOS,Castilla y León,EDIFICACIÓN Y OBRA CIVIL,75.3,BASICO
AMBOS SEXOS,Castilla y León,ELECTRICIDAD Y ELECTRÓNICA,66.2,BASICO
AMBOS SEXOS,Castilla y León,ENERGÍA Y AGUA,,BASICO
AMBOS SEXOS,Castilla y León,FABRICACIÓN MECÁNICA,65.4,BASICO
AMBOS SEXOS,Castilla y León,HOSTELERÍA Y TURISMO,64.5,BASICO
AMBOS SEXOS,Castilla y León,IMAGEN PERSONAL,63.1,BASICO
AMBOS SEXOS,Castilla y León,IMAGEN Y SONIDO,,BASICO
AMBOS SEXOS,Castilla y León,INDUSTRIAS ALIMENTARIAS,54.9,BASICO
AMBOS SEXOS,Castilla y León,INDUSTRIAS EXTRACTIVAS,,BASICO
AMBOS SEXOS,Castilla y León,INFORMÁTICA Y COMUNICACIONES,66.1,BASICO
AMBOS SEXOS,Castilla y León,INSTALACIÓN Y MANTENIMIENTO,,BASICO
AMBOS SEXOS,Castilla y León,"MADERA, MUEBLE Y CORCHO",70.4,BASICO
AMBOS SEXOS,Castilla y León,MARÍTIMO-PESQUERA,,BASICO
AMBOS SEXOS,Castilla y León,QUÍMICA,,BASICO
AMBOS SEXOS,Castilla y León,SANIDAD,,BASICO
AMBOS SEXOS,Castilla y León,SEGURIDAD Y MEDIO AMBIENTE,,BASICO
AMBOS SEXOS,Castilla y León,SERVICIOS SOCIOCULTURALES Y A LA COMUNIDAD,,BASICO
AMBOS SEXOS,Castilla y León,"TEXTIL, CONFECCIÓN Y PIEL",67.6,BASICO
AMBOS SEXOS,Castilla y León,TRANSPORTE Y MANTENIMIENTO DE VEHÍCULOS,66.3,BASICO
AMBOS SEXOS,Castilla y León,VIDRIO Y CERÁMICA,,BASICO
AMBOS SEXOS,Castilla La Mancha,ACTIVIDADES FÍSICAS Y DEPORTIVAS,72.5,BASICO
AMBOS SEXOS,Castilla La Mancha,ADMINISTRACIÓN Y GESTIÓN,77.8,BASICO
AMBOS SEXOS,Castilla La Mancha,AGRARIA,73.8,BASICO
AMBOS SEXOS,Castilla La Mancha,ARTES GRÁFICAS,67.6,BASICO
AMBOS SEXOS,Castilla La Mancha,ARTES Y ARTESANÍAS,,BASICO
AMBOS SEXOS,Castilla La Mancha,COMERCIO Y MARKETING,72.3,BASICO
AMBOS SEXOS,Castilla La Mancha,EDIFICACIÓN Y OBRA CIVIL,,BASICO
AMBOS SEXOS,Castilla La Mancha,ELECTRICIDAD Y ELECTRÓNICA,72.7,BASICO
AMBOS SEXOS,Castilla La Mancha,ENERGÍA Y AGUA,,BASICO
AMBOS SEXOS,Castilla La Mancha,FABRICACIÓN MECÁNICA,69.3,BASICO
AMBOS SEXOS,Castilla La Mancha,HOSTELERÍA Y TURISMO,75.5,BASICO
AMBOS SEXOS,Castilla La Mancha,IMAGEN PERSONAL,75.9,BASICO
AMBOS SEXOS,Castilla La Mancha,IMAGEN Y SONIDO,,BASICO
AMBOS SEXOS,Castilla La Mancha,INDUSTRIAS ALIMENTARIAS,76.7,BASICO
AMBOS SEXOS,Castilla La Mancha,INDUSTRIAS EXTRACTIVAS,,BASICO
AMBOS SEXOS,Castilla La Mancha,INFORMÁTICA Y COMUNICACIONES,74.8,BASICO
AMBOS SEXOS,Castilla La Mancha,INSTALACIÓN Y MANTENIMIENTO,70.0,BASICO
AMBOS SEXOS,Castilla La Mancha,"MADERA, MUEBLE Y CORCHO",89.2,BASICO
AMBOS SEXOS,Castilla La Mancha,MARÍTIMO-PESQUERA,,BASICO
AMBOS SEXOS,Castilla La Mancha,QUÍMICA,,BASICO
AMBOS SEXOS,Castilla La Mancha,SANIDAD,,BASICO
AMBOS SEXOS,Castilla La Mancha,SEGURIDAD Y MEDIO AMBIENTE,,BASICO
AMBOS SEXOS,Castilla La Mancha,SERVICIOS SOCIOCULTURALES Y A LA COMUNIDAD,,BASICO
AMBOS SEXOS,Castilla La Mancha,"TEXTIL, CONFECCIÓN Y PIEL",61.9,BASICO
AMBOS SEXOS,Castilla La Mancha,TRANSPORTE Y MANTENIMIENTO DE VEHÍCULOS,67.9,BASICO
AMBOS SEXOS,Castilla La Mancha,VIDRIO Y CERÁMICA,,BASICO
AMBOS SEXOS,Comunitat Valenciana,ACTIVIDADES FÍSICAS Y DEPORTIVAS,86.8,BASICO
AMBOS SEXOS,Comunitat Valenciana,ADMINISTRACIÓN Y GESTIÓN,79.8,BASICO
AMBOS SEXOS,Comunitat Valenciana,AGRARIA,77.4,BASICO
AMBOS SEXOS,Comunitat Valenciana,ARTES GRÁFICAS,78.0,BASICO
AMBOS SEXOS,Comunitat Valenciana,ARTES Y ARTESANÍAS,,BASICO
AMBOS SEXOS,Comunitat Valenciana,COMERCIO Y MARKETING,78.6,BASICO
AMBOS SEXOS,Comunitat Valenciana,EDIFICACIÓN Y OBRA CIVIL,65.6,BASICO
AMBOS SEXOS,Comunitat Valenciana,ELECTRICIDAD Y ELECTRÓNICA,75.3,BASICO
AMBOS SEXOS,Comunitat Valenciana,ENERGÍA Y AGUA,,BASICO
AMBOS SEXOS,Comunitat Valenciana,FABRICACIÓN MECÁNICA,74.3,BASICO
AMBOS SEXOS,Comunitat Valenciana,HOSTELERÍA Y TURISMO,76.2,BASICO
AMBOS SEXOS,Comunitat Valenciana,IMAGEN PERSONAL,75.9,BASICO
AMBOS SEXOS,Comunitat Valenciana,IMAGEN Y SONIDO,,BASICO
AMBOS SEXOS,Comunitat Valenciana,INDUSTRIAS ALIMENTARIAS,84.2,BASICO
AMBOS SEXOS,Comunitat Valenciana,INDUSTRIAS EXTRACTIVAS,,BASICO
AMBOS SEXOS,Comunitat Valenciana,INFORMÁTICA Y COMUNICACIONES,79.9,BASICO
AMBOS SEXOS,Comunitat Valenciana,INSTALACIÓN Y MANTENIMIENTO,67.2,BASICO
AMBOS SEXOS,Comunitat Valenciana,"MADERA, MUEBLE Y CORCHO",76.8,BASICO
AMBOS SEXOS,Comunitat Valenciana,MARÍTIMO-PESQUERA,61.0,BASICO
AMBOS SEXOS,Comunitat Valenciana,QUÍMICA,,BASICO
AMBOS SEXOS,Comunitat Valenciana,SANIDAD,,BASICO
AMBOS SEXOS,Comunitat Valenciana,SEGURIDAD Y MEDIO AMBIENTE,,BASICO
AMBOS SEXOS,Comunitat Valenciana,SERVICIOS SOCIOCULTURALES Y A LA COMUNIDAD,57.7,BASICO
AMBOS SEXOS,Comunitat Valenciana,"TEXTIL, CONFECCIÓN Y PIEL",77.6,BASICO
AMBOS SEXOS,Comunitat Valenciana,TRANSPORTE Y MANTENIMIENTO DE VEHÍCULOS,78.4,BASICO
AMBOS SEXOS,Comunitat Valenciana,VIDRIO Y CERÁMICA,81.5,BASICO
AMBOS SEXOS,Extremadura,ACTIVIDADES FÍSICAS Y DEPORTIVAS,,BASICO
AMBOS SEXOS,Extremadura,ADMINISTRACIÓN Y GESTIÓN,73.6,BASICO
AMBOS SEXOS,Extremadura,AGRARIA,76.2,BASICO
AMBOS SEXOS,Extremadura,ARTES GRÁFICAS,72.3,BASICO
AMBOS SEXOS,Extremadura,ARTES Y ARTESANÍAS,,BASICO
AMBOS SEXOS,Extremadura,COMERCIO Y MARKETING,74.5,BASICO
AMBOS SEXOS,Extremadura,EDIFICACIÓN Y OBRA CIVIL,75.1,BASICO
AMBOS SEXOS,Extremadura,ELECTRICIDAD Y ELECTRÓNICA,68.5,BASICO
AMBOS SEXOS,Extremadura,ENERGÍA Y AGUA,,BASICO
AMBOS SEXOS,Extremadura,FABRICACIÓN MECÁNICA,67.9,BASICO
AMBOS SEXOS,Extremadura,HOSTELERÍA Y TURISMO,69.7,BASICO
AMBOS SEXOS,Extremadura,IMAGEN PERSONAL,64.9,BASICO
AMBOS SEXOS,Extremadura,IMAGEN Y SONIDO,,BASICO
AMBOS SEXOS,Extremadura,INDUSTRIAS ALIMENTARIAS,78.6,BASICO
AMBOS SEXOS,Extremadura,INDUSTRIAS EXTRACTIVAS,,BASICO
AMBOS SEXOS,Extremadura,INFORMÁTICA Y COMUNICACIONES,63.3,BASICO
AMBOS SEXOS,Extremadura,INSTALACIÓN Y MANTENIMIENTO,,BASICO
AMBOS SEXOS,Extremadura,"MADERA, MUEBLE Y CORCHO",60.0,BASICO
AMBOS SEXOS,Extremadura,MARÍTIMO-PESQUERA,,BASICO
AMBOS SEXOS,Extremadura,QUÍMICA,,BASICO
AMBOS SEXOS,Extremadura,SANIDAD,,BASICO
AMBOS SEXOS,Extremadura,SEGURIDAD Y MEDIO AMBIENTE,,BASICO
AMBOS SEXOS,Extremadura,SERVICIOS SOCIOCULTURALES Y A LA COMUNIDAD,98.7,BASICO
AMBOS SEXOS,Extremadura,"TEXTIL, CONFECCIÓN Y PIEL",,BASICO
AMBOS SEXOS,Extremadura,TRANSPORTE Y MANTENIMIENTO DE VEHÍCULOS,65.0,BASICO
AMBOS SEXOS,Extremadura,VIDRIO Y CERÁMICA,,BASICO
AMBOS SEXOS,Galicia,ACTIVIDADES FÍSICAS Y DEPORTIVAS,,BASICO
AMBOS SEXOS,Galicia,ADMINISTRACIÓN Y GESTIÓN,80.2,BASICO
AMBOS SEXOS,Galicia,AGRARIA,79.5,BASICO
AMBOS SEXOS,Galicia,ARTES GRÁFICAS,81.6,BASICO
AMBOS SEXOS,Galicia,ARTES Y ARTESANÍAS,,BASICO
AMBOS SEXOS,Galicia,COMERCIO Y MARKETING,81.8,BASICO
AMBOS SEXOS,Galicia,EDIFICACIÓN Y OBRA CIVIL,67.7,BASICO
AMBOS SEXOS,Galicia,ELECTRICIDAD Y ELECTRÓNICA,76.1,BASICO
AMBOS SEXOS,Galicia,ENERGÍA Y AGUA,,BASICO
AMBOS SEXOS,Galicia,FABRICACIÓN MECÁNICA,76.3,BASICO
AMBOS SEXOS,Galicia,HOSTELERÍA Y TURISMO,84.4,BASICO
AMBOS SEXOS,Galicia,IMAGEN PERSONAL,70.8,BASICO
AMBOS SEXOS,Galicia,IMAGEN Y SONIDO,,BASICO
AMBOS SEXOS,Galicia,INDUSTRIAS ALIMENTARIAS,85.3,BASICO
AMBOS SEXOS,Galicia,INDUSTRIAS EXTRACTIVAS,,BASICO
AMBOS SEXOS,Galicia,INFORMÁTICA Y COMUNICACIONES,81.7,BASICO
AMBOS SEXOS,Galicia,INSTALACIÓN Y MANTENIMIENTO,69.6,BASICO
AMBOS SEXOS,Galicia,"MADERA, MUEBLE Y CORCHO",74.4,BASICO
AMBOS SEXOS,Galicia,MARÍTIMO-PESQUERA,88.2,BASICO
AMBOS SEXOS,Galicia,QUÍMICA,,BASICO
AMBOS SEXOS,Galicia,SANIDAD,,BASICO
AMBOS SEXOS,Galicia,SEGURIDAD Y MEDIO AMBIENTE,,BASICO
AMBOS SEXOS,Galicia,SERVICIOS SOCIOCULTURALES Y A LA COMUNIDAD,95.9,BASICO
AMBOS SEXOS,Galicia,"TEXTIL, CONFECCIÓN Y PIEL",53.2,BASICO
AMBOS SEXOS,Galicia,TRANSPORTE Y MANTENIMIENTO DE VEHÍCULOS,70.3,BASICO
AMBOS SEXOS,Galicia,VIDRIO Y CERÁMICA,,BASICO
AMBOS SEXOS,Comunidad de Madrid,ACTIVIDADES FÍSICAS Y DEPORTIVAS,,BASICO
AMBOS SEXOS,Comunidad de Madrid,ADMINISTRACIÓN Y GESTIÓN,65.4,BASICO
AMBOS SEXOS,Comunidad de Madrid,AGRARIA,72.7,BASICO
AMBOS SEXOS,Comunidad de Madrid,ARTES GRÁFICAS,68.9,BASICO
AMBOS SEXOS,Comunidad de Madrid,ARTES Y ARTESANÍAS,,BASICO
AMBOS SEXOS,Comunidad de Madrid,COMERCIO Y MARKETING,68.1,BASICO
AMBOS SEXOS,Comunidad de Madrid,EDIFICACIÓN Y OBRA CIVIL,,BASICO
AMBOS SEXOS,Comunidad de Madrid,ELECTRICIDAD Y ELECTRÓNICA,59.6,BASICO
AMBOS SEXOS,Comunidad de Madrid,ENERGÍA Y AGUA,,BASICO
AMBOS SEXOS,Comunidad de Madrid,FABRICACIÓN MECÁNICA,65.1,BASICO
AMBOS SEXOS,Comunidad de Madrid,HOSTELERÍA Y TURISMO,68.5,BASICO
AMBOS SEXOS,Comunidad de Madrid,IMAGEN PERSONAL,64.5,BASICO
AMBOS SEXOS,Comunidad de Madrid,IMAGEN Y SONIDO,,BASICO
AMBOS SEXOS,Comunidad de Madrid,INDUSTRIAS ALIMENTARIAS,,BASICO
AMBOS SEXOS,Comunidad de Madrid,INDUSTRIAS EXTRACTIVAS,,BASICO
AMBOS SEXOS,Comunidad de Madrid,INFORMÁTICA Y COMUNICACIONES,65.2,BASICO
AMBOS SEXOS,Comunidad de Madrid,INSTALACIÓN Y MANTENIMIENTO,,BASICO
AMBOS SEXOS,Comunidad de Madrid,"MADERA, MUEBLE Y CORCHO",73.1,BASICO
AMBOS SEXOS,Comunidad de Madrid,MARÍTIMO-PESQUERA,,BASICO
AMBOS SEXOS,Comunidad de Madrid,QUÍMICA,,BASICO
AMBOS SEXOS,Comunidad de Madrid,SANIDAD,,BASICO
AMBOS SEXOS,Comunidad de Madrid,SEGURIDAD Y MEDIO AMBIENTE,,BASICO
AMBOS SEXOS,Comunidad de Madrid,SERVICIOS SOCIOCULTURALES Y A LA COMUNIDAD,,BASICO
AMBOS SEXOS,Comunidad de Madrid,"TEXTIL, CONFECCIÓN Y PIEL",,BASICO
AMBOS SEXOS,Comunidad de Madrid,TRANSPORTE Y MANTENIMIENTO DE VEHÍCULOS,57.6,BASICO
AMBOS SEXOS,Comunidad de Madrid,VIDRIO Y CERÁMICA,,BASICO
AMBOS SEXOS,Región de Murcia,ACTIVIDADES FÍSICAS Y DEPORTIVAS,,BASICO
AMBOS SEXOS,Región de Murcia,ADMINISTRACIÓN Y GESTIÓN,70.8,BASICO
AMBOS SEXOS,Región de Murcia,AGRARIA,79.6,BASICO
AMBOS SEXOS,Región de Murcia,ARTES GRÁFICAS,81.7,BASICO
AMBOS SEXOS,Región de Murcia,ARTES Y ARTESANÍAS,,BASICO
AMBOS SEXOS,Región de Murcia,COMERCIO Y MARKETING,79.2,BASICO
AMBOS SEXOS,Región de Murcia,EDIFICACIÓN Y OBRA CIVIL,,BASICO
AMBOS SEXOS,Región de Murcia,ELECTRICIDAD Y ELECTRÓNICA,67.5,BASICO
AMBOS SEXOS,Región de Murcia,ENERGÍA Y AGUA,,BASICO
AMBOS SEXOS,Región de Murcia,FABRICACIÓN MECÁNICA,73.0,BASICO
AMBOS SEXOS,Región de Murcia,HOSTELERÍA Y TURISMO,74.9,BASICO
AMBOS SEXOS,Región de Murcia,IMAGEN PERSONAL,78.0,BASICO
AMBOS SEXOS,Región de Murcia,IMAGEN Y SONIDO,,BASICO
AMBOS SEXOS,Región de Murcia,INDUSTRIAS ALIMENTARIAS,75.9,BASICO
AMBOS SEXOS,Región de Murcia,INDUSTRIAS EXTRACTIVAS,,BASICO
AMBOS SEXOS,Región de Murcia,INFORMÁTICA Y COMUNICACIONES,71.9,BASICO
AMBOS SEXOS,Región de Murcia,INSTALACIÓN Y MANTENIMIENTO,65.0,BASICO
AMBOS SEXOS,Región de Murcia,"MADERA, MUEBLE Y CORCHO",59.6,BASICO
AMBOS SEXOS,Región de Murcia,MARÍTIMO-PESQUERA,,BASICO
AMBOS SEXOS,Región de Murcia,QUÍMICA,,BASICO
AMBOS SEXOS,Región de Murcia,SANIDAD,,BASICO
AMBOS SEXOS,Región de Murcia,SEGURIDAD Y MEDIO AMBIENTE,,BASICO
AMBOS SEXOS,Región de Murcia,SERVICIOS SOCIOCULTURALES Y A LA COMUNIDAD,,BASICO
AMBOS SEXOS,Región de Murcia,"TEXTIL, CONFECCIÓN Y PIEL",39.8,BASICO
AMBOS SEXOS,Región de Murcia,TRANSPORTE Y MANTENIMIENTO DE VEHÍCULOS,69.2,BASICO
AMBOS SEXOS,Región de Murcia,VIDRIO Y CERÁMICA,,BASICO
AMBOS SEXOS,Comunidad Foral de Navarra,ACTIVIDADES FÍSICAS Y DEPORTIVAS,,BASICO
AMBOS SEXOS,Comunidad Foral de Navarra,ADMINISTRACIÓN Y GESTIÓN,93.4,BASICO
AMBOS SEXOS,Comunidad Foral de Navarra,AGRARIA,74.3,BASICO
AMBOS SEXOS,Comunidad Foral de Navarra,ARTES GRÁFICAS,69.1,BASICO
AMBOS SEXOS,Comunidad Foral de Navarra,ARTES Y ARTESANÍAS,,BASICO
AMBOS SEXOS,Comunidad Foral de Navarra,COMERCIO Y MARKETING,74.1,BASICO
AMBOS SEXOS,Comunidad Foral de Navarra,EDIFICACIÓN Y OBRA CIVIL,60.2,BASICO
AMBOS SEXOS,Comunidad Foral de Navarra,ELECTRICIDAD Y ELECTRÓNICA,80.3,BASICO
AMBOS SEXOS,Comunidad Foral de Navarra,ENERGÍA Y AGUA,,BASICO
AMBOS SEXOS,Comunidad Foral de Navarra,FABRICACIÓN MECÁNICA,80.1,BASICO
AMBOS SEXOS,Comunidad Foral de Navarra,HOSTELERÍA Y TURISMO,88.2,BASICO
AMBOS SEXOS,Comunidad Foral de Navarra,IMAGEN PERSONAL,83.7,BASICO
AMBOS SEXOS,Comunidad Foral de Navarra,IMAGEN Y SONIDO,,BASICO
AMBOS SEXOS,Comunidad Foral de Navarra,INDUSTRIAS ALIMENTARIAS,50.5,BASICO
AMBOS SEXOS,Comunidad Foral de Navarra,INDUSTRIAS EXTRACTIVAS,,BASICO
AMBOS SEXOS,Comunidad Foral de Navarra,INFORMÁTICA Y COMUNICACIONES,83.0,BASICO
AMBOS SEXOS,Comunidad Foral de Navarra,INSTALACIÓN Y MANTENIMIENTO,,BASICO
AMBOS SEXOS,Comunidad Foral de Navarra,"MADERA, MUEBLE Y CORCHO",98.7,BASICO
AMBOS SEXOS,Comunidad Foral de Navarra,MARÍTIMO-PESQUERA,,BASICO
AMBOS SEXOS,Comunidad Foral de Navarra,QUÍMICA,,BASICO
AMBOS SEXOS,Comunidad Foral de Navarra,SANIDAD,,BASICO
AMBOS SEXOS,Comunidad Foral de Navarra,SEGURIDAD Y MEDIO AMBIENTE,,BASICO
AMBOS SEXOS,Comunidad Foral de Navarra,SERVICIOS SOCIOCULTURALES Y A LA COMUNIDAD,,BASICO
AMBOS SEXOS,Comunidad Foral de Navarra,"TEXTIL, CONFECCIÓN Y PIEL",76.8,BASICO
AMBOS SEXOS,Comunidad Foral de Navarra,TRANSPORTE Y MANTENIMIENTO DE VEHÍCULOS,80.6,BASICO
AMBOS SEXOS,Comunidad Foral de Navarra,VIDRIO Y CERÁMICA,,BASICO
AMBOS SEXOS,País Vasco,ACTIVIDADES FÍSICAS Y DEPORTIVAS,,BASICO
AMBOS SEXOS,País Vasco,ADMINISTRACIÓN Y GESTIÓN,96.1,BASICO
AMBOS SEXOS,País Vasco,AGRARIA,88.8,BASICO
AMBOS SEXOS,País Vasco,ARTES GRÁFICAS,95.7,BASICO
AMBOS SEXOS,País Vasco,ARTES Y ARTESANÍAS,,BASICO
AMBOS SEXOS,País Vasco,COMERCIO Y MARKETING,88.4,BASICO
AMBOS SEXOS,País Vasco,EDIFICACIÓN Y OBRA CIVIL,96.7,BASICO
AMBOS SEXOS,País Vasco,ELECTRICIDAD Y ELECTRÓNICA,80.3,BASICO
AMBOS SEXOS,País Vasco,ENERGÍA Y AGUA,,BASICO
AMBOS SEXOS,País Vasco,FABRICACIÓN MECÁNICA,78.0,BASICO
AMBOS SEXOS,País Vasco,HOSTELERÍA Y TURISMO,79.8,BASICO
AMBOS SEXOS,País Vasco,IMAGEN PERSONAL,90.9,BASICO
AMBOS SEXOS,País Vasco,IMAGEN Y SONIDO,,BASICO
AMBOS SEXOS,País Vasco,INDUSTRIAS ALIMENTARIAS,36.4,BASICO
AMBOS SEXOS,País Vasco,INDUSTRIAS EXTRACTIVAS,,BASICO
AMBOS SEXOS,País Vasco,INFORMÁTICA Y COMUNICACIONES,91.7,BASICO
AMBOS SEXOS,País Vasco,INSTALACIÓN Y MANTENIMIENTO,84.7,BASICO
AMBOS SEXOS,País Vasco,"MADERA, MUEBLE Y CORCHO",78.4,BASICO
AMBOS SEXOS,País Vasco,MARÍTIMO-PESQUERA,,BASICO
AMBOS SEXOS,País Vasco,QUÍMICA,,BASICO
AMBOS SEXOS,País Vasco,SANIDAD,,BASICO
AMBOS SEXOS,País Vasco,SEGURIDAD Y MEDIO AMBIENTE,,BASICO
AMBOS SEXOS,País Vasco,SERVICIOS SOCIOCULTURALES Y A LA COMUNIDAD,95.9,BASICO
AMBOS SEXOS,País Vasco,"TEXTIL, CONFECCIÓN Y PIEL",56.0,BASICO
AMBOS SEXOS,País Vasco,TRANSPORTE Y MANTENIMIENTO DE VEHÍCULOS,85.5,BASICO
AMBOS SEXOS,País Vasco,VIDRIO Y CERÁMICA,,BASICO
AMBOS SEXOS,La Rioja,ACTIVIDADES FÍSICAS Y DEPORTIVAS,61.5,BASICO
AMBOS SEXOS,La Rioja,ADMINISTRACIÓN Y GESTIÓN,70.8,BASICO
AMBOS SEXOS,La Rioja,AGRARIA,66.5,BASICO
AMBOS SEXOS,La Rioja,ARTES GRÁFICAS,,BASICO
AMBOS SEXOS,La Rioja,ARTES Y ARTESANÍAS,,BASICO
AMBOS SEXOS,La Rioja,COMERCIO Y MARKETING,80.4,BASICO
AMBOS SEXOS,La Rioja,EDIFICACIÓN Y OBRA CIVIL,,BASICO
AMBOS SEXOS,La Rioja,ELECTRICIDAD Y ELECTRÓNICA,59.5,BASICO
AMBOS SEXOS,La Rioja,ENERGÍA Y AGUA,,BASICO
AMBOS SEXOS,La Rioja,FABRICACIÓN MECÁNICA,63.4,BASICO
AMBOS SEXOS,La Rioja,HOSTELERÍA Y TURISMO,58.6,BASICO
AMBOS SEXOS,La Rioja,IMAGEN PERSONAL,61.3,BASICO
AMBOS SEXOS,La Rioja,IMAGEN Y SONIDO,,BASICO
AMBOS SEXOS,La Rioja,INDUSTRIAS ALIMENTARIAS,,BASICO
AMBOS SEXOS,La Rioja,INDUSTRIAS EXTRACTIVAS,,BASICO
AMBOS SEXOS,La Rioja,INFORMÁTICA Y COMUNICACIONES,61.0,BASICO
AMBOS SEXOS,La Rioja,INSTALACIÓN Y MANTENIMIENTO,,BASICO
AMBOS SEXOS,La Rioja,"MADERA, MUEBLE Y CORCHO",78.2,BASICO
AMBOS SEXOS,La Rioja,MARÍTIMO-PESQUERA,,BASICO
AMBOS SEXOS,La Rioja,QUÍMICA,,BASICO
AMBOS SEXOS,La Rioja,SANIDAD,,BASICO
AMBOS SEXOS,La Rioja,SEGURIDAD Y MEDIO AMBIENTE,,BASICO
AMBOS SEXOS,La Rioja,SERVICIOS SOCIOCULTURALES Y A LA COMUNIDAD,46.9,BASICO
AMBOS SEXOS,La Rioja,"TEXTIL, CONFECCIÓN Y PIEL",85.3,BASICO
AMBOS SEXOS,La Rioja,TRANSPORTE Y MANTENIMIENTO DE VEHÍCULOS,74.7,BASICO
AMBOS SEXOS,La Rioja,VIDRIO Y CERÁMICA,,BASICO
AMBOS SEXOS,Ceuta,ACTIVIDADES FÍSICAS Y DEPORTIVAS,93.0,BASICO
AMBOS SEXOS,Ceuta,ADMINISTRACIÓN Y GESTIÓN,0.0,BASICO
AMBOS SEXOS,Ceuta,AGRARIA,43.3,BASICO
AMBOS SEXOS,Ceuta,ARTES GRÁFICAS,,BASICO
AMBOS SEXOS,Ceuta,ARTES Y ARTESANÍAS,,BASICO
AMBOS SEXOS,Ceuta,COMERCIO Y MARKETING,69.1,BASICO
AMBOS SEXOS,Ceuta,EDIFICACIÓN Y OBRA CIVIL,42.5,BASICO
AMBOS SEXOS,Ceuta,ELECTRICIDAD Y ELECTRÓNICA,58.4,BASICO
AMBOS SEXOS,Ceuta,ENERGÍA Y AGUA,,BASICO
AMBOS SEXOS,Ceuta,FABRICACIÓN MECÁNICA,,BASICO
AMBOS SEXOS,Ceuta,HOSTELERÍA Y TURISMO,37.0,BASICO
AMBOS SEXOS,Ceuta,IMAGEN PERSONAL,72.9,BASICO
AMBOS SEXOS,Ceuta,IMAGEN Y SONIDO,,BASICO
AMBOS SEXOS,Ceuta,INDUSTRIAS ALIMENTARIAS,,BASICO
AMBOS SEXOS,Ceuta,INDUSTRIAS EXTRACTIVAS,,BASICO
AMBOS SEXOS,Ceuta,INFORMÁTICA Y COMUNICACIONES,0.0,BASICO
AMBOS SEXOS,Ceuta,INSTALACIÓN Y MANTENIMIENTO,57.5,BASICO
AMBOS SEXOS,Ceuta,"MADERA, MUEBLE Y CORCHO",,BASICO
AMBOS SEXOS,Ceuta,MARÍTIMO-PESQUERA,,BASICO
AMBOS SEXOS,Ceuta,QUÍMICA,,BASICO
AMBOS SEXOS,Ceuta,SANIDAD,,BASICO
AMBOS SEXOS,Ceuta,SEGURIDAD Y MEDIO AMBIENTE,,BASICO
AMBOS SEXOS,Ceuta,SERVICIOS SOCIOCULTURALES Y A LA COMUNIDAD,,BASICO
AMBOS SEXOS,Ceuta,"TEXTIL, CONFECCIÓN Y PIEL",,BASICO
AMBOS SEXOS,Ceuta,TRANSPORTE Y MANTENIMIENTO DE VEHÍCULOS,30.9,BASICO
AMBOS SEXOS,Ceuta,VIDRIO Y CERÁMICA,,BASICO
AMBOS SEXOS,Melilla,ACTIVIDADES FÍSICAS Y DEPORTIVAS,64.0,BASICO
AMBOS SEXOS,Melilla,ADMINISTRACIÓN Y GESTIÓN,59.1,BASICO
AMBOS SEXOS,Melilla,AGRARIA,,BASICO
AMBOS SEXOS,Melilla,ARTES GRÁFICAS,86.9,BASICO
AMBOS SEXOS,Melilla,ARTES Y ARTESANÍAS,,BASICO
AMBOS SEXOS,Melilla,COMERCIO Y MARKETING,56.8,BASICO
AMBOS SEXOS,Melilla,EDIFICACIÓN Y OBRA CIVIL,,BASICO
AMBOS SEXOS,Melilla,ELECTRICIDAD Y ELECTRÓNICA,36.6,BASICO
AMBOS SEXOS,Melilla,ENERGÍA Y AGUA,,BASICO
AMBOS SEXOS,Melilla,FABRICACIÓN MECÁNICA,58.3,BASICO
AMBOS SEXOS,Melilla,HOSTELERÍA Y TURISMO,57.1,BASICO
AMBOS SEXOS,Melilla,IMAGEN PERSONAL,59.2,BASICO
AMBOS SEXOS,Melilla,IMAGEN Y SONIDO,,BASICO
AMBOS SEXOS,Melilla,INDUSTRIAS ALIMENTARIAS,,BASICO
AMBOS SEXOS,Melilla,INDUSTRIAS EXTRACTIVAS,,BASICO
AMBOS SEXOS,Melilla,INFORMÁTICA Y COMUNICACIONES,63.4,BASICO
AMBOS SEXOS,Melilla,INSTALACIÓN Y MANTENIMIENTO,,BASICO
AMBOS SEXOS,Melilla,"MADERA, MUEBLE Y CORCHO",68.5,BASICO
AMBOS SEXOS,Melilla,MARÍTIMO-PESQUERA,,BASICO
AMBOS SEXOS,Melilla,QUÍMICA,,BASICO
AMBOS SEXOS,Melilla,SANIDAD,,BASICO
AMBOS SEXOS,Melilla,SEGURIDAD Y MEDIO AMBIENTE,,BASICO
AMBOS SEXOS,Melilla,SERVICIOS SOCIOCULTURALES Y A LA COMUNIDAD,,BASICO
AMBOS SEXOS,Melilla,"TEXTIL, CONFECCIÓN Y PIEL",,BASICO
AMBOS SEXOS,Melilla,TRANSPORTE Y MANTENIMIENTO DE VEHÍCULOS,47.7,BASICO
AMBOS SEXOS,Melilla,VIDRIO Y CERÁMICA,,BASICO
Hombres,Andalucía,ACTIVIDADES FÍSICAS Y DEPORTIVAS,54.5,BASICO
Hombres,Andalucía,ADMINISTRACIÓN Y GESTIÓN,76.3,BASICO
Hombres,Andalucía,AGRARIA,75.5,BASICO
Hombres,Andalucía,ARTES GRÁFICAS,81.9,BASICO
Hombres,Andalucía,ARTES Y ARTESANÍAS,,BASICO
Hombres,Andalucía,COMERCIO Y MARKETING,73.5,BASICO
Hombres,Andalucía,EDIFICACIÓN Y OBRA CIVIL,67.0,BASICO
Hombres,Andalucía,ELECTRICIDAD Y ELECTRÓNICA,74.2,BASICO
Hombres,Andalucía,ENERGÍA Y AGUA,,BASICO
Hombres,Andalucía,FABRICACIÓN MECÁNICA,74.7,BASICO
Hombres,Andalucía,HOSTELERÍA Y TURISMO,75.3,BASICO
Hombres,Andalucía,IMAGEN PERSONAL,67.8,BASICO
Hombres,Andalucía,IMAGEN Y SONIDO,,BASICO
Hombres,Andalucía,INDUSTRIAS ALIMENTARIAS,83.1,BASICO
Hombres,Andalucía,INDUSTRIAS EXTRACTIVAS,,BASICO
Hombres,Andalucía,INFORMÁTICA Y COMUNICACIONES,75.3,BASICO
Hombres,Andalucía,INSTALACIÓN Y MANTENIMIENTO,,BASICO
Hombres,Andalucía,"MADERA, MUEBLE Y CORCHO",68.8,BASICO
Hombres,Andalucía,MARÍTIMO-PESQUERA,,BASICO
Hombres,Andalucía,QUÍMICA,,BASICO
Hombres,Andalucía,SANIDAD,,BASICO
Hombres,Andalucía,SEGURIDAD Y MEDIO AMBIENTE,,BASICO
Hombres,Andalucía,SERVICIOS SOCIOCULTURALES Y A LA COMUNIDAD,76.2,BASICO
Hombres,Andalucía,"TEXTIL, CONFECCIÓN Y PIEL",78.0,BASICO
Hombres,Andalucía,TRANSPORTE Y MANTENIMIENTO DE VEHÍCULOS,69.8,BASICO
Hombres,Andalucía,VIDRIO Y CERÁMICA,83.8,BASICO
Hombres,Aragón,ACTIVIDADES FÍSICAS Y DEPORTIVAS,,BASICO
Hombres,Aragón,ADMINISTRACIÓN Y GESTIÓN,69.9,BASICO
Hombres,Aragón,AGRARIA,71.8,BASICO
Hombres,Aragón,ARTES GRÁFICAS,58.8,BASICO
Hombres,Aragón,ARTES Y ARTESANÍAS,,BASICO
Hombres,Aragón,COMERCIO Y MARKETING,75.6,BASICO
Hombres,Aragón,EDIFICACIÓN Y OBRA CIVIL,90.8,BASICO
Hombres,Aragón,ELECTRICIDAD Y ELECTRÓNICA,59.8,BASICO
Hombres,Aragón,ENERGÍA Y AGUA,,BASICO
Hombres,Aragón,FABRICACIÓN MECÁNICA,75.2,BASICO
Hombres,Aragón,HOSTELERÍA Y TURISMO,72.6,BASICO
Hombres,Aragón,IMAGEN PERSONAL,58.1,BASICO
Hombres,Aragón,IMAGEN Y SONIDO,,BASICO
Hombres,Aragón,INDUSTRIAS ALIMENTARIAS,66.4,BASICO
Hombres,Aragón,INDUSTRIAS EXTRACTIVAS,,BASICO
Hombres,Aragón,INFORMÁTICA Y COMUNICACIONES,72.1,BASICO
Hombres,Aragón,INSTALACIÓN Y MANTENIMIENTO,47.1,BASICO
Hombres,Aragón,"MADERA, MUEBLE Y CORCHO",70.1,BASICO
Hombres,Aragón,MARÍTIMO-PESQUERA,,BASICO
Hombres,Aragón,QUÍMICA,,BASICO
Hombres,Aragón,SANIDAD,,BASICO
Hombres,Aragón,SEGURIDAD Y MEDIO AMBIENTE,,BASICO
Hombres,Aragón,SERVICIOS SOCIOCULTURALES Y A LA COMUNIDAD,,BASICO
Hombres,Aragón,"TEXTIL, CONFECCIÓN Y PIEL",47.6,BASICO
Hombres,Aragón,TRANSPORTE Y MANTENIMIENTO DE VEHÍCULOS,72.5,BASICO
Hombres,Aragón,VIDRIO Y CERÁMICA,,BASICO
Hombres,Principado de Asturias,ACTIVIDADES FÍSICAS Y DEPORTIVAS,,BASICO
Hombres,Principado de Asturias,ADMINISTRACIÓN Y GESTIÓN,52.0,BASICO
Hombres,Principado de Asturias,AGRARIA,100.0,BASICO
Hombres,Principado de Asturias,ARTES GRÁFICAS,,BASICO
Hombres,Principado de Asturias,ARTES Y ARTESANÍAS,,BASICO
Hombres,Principado de Asturias,COMERCIO Y MARKETING,72.7,BASICO
Hombres,Principado de Asturias,EDIFICACIÓN Y OBRA CIVIL,,BASICO
Hombres,Principado de Asturias,ELECTRICIDAD Y ELECTRÓNICA,48.2,BASICO
Hombres,Principado de Asturias,ENERGÍA Y AGUA,,BASICO
Hombres,Principado de Asturias,FABRICACIÓN MECÁNICA,61.7,BASICO
Hombres,Principado de Asturias,HOSTELERÍA Y TURISMO,72.4,BASICO
Hombres,Principado de Asturias,IMAGEN PERSONAL,46.0,BASICO
Hombres,Principado de Asturias,IMAGEN Y SONIDO,,BASICO
Hombres,Principado de Asturias,INDUSTRIAS ALIMENTARIAS,,BASICO
Hombres,Principado de Asturias,INDUSTRIAS EXTRACTIVAS,,BASICO
Hombres,Principado de Asturias,INFORMÁTICA Y COMUNICACIONES,69.3,BASICO
Hombres,Principado de Asturias,INSTALACIÓN Y MANTENIMIENTO,,BASICO
Hombres,Principado de Asturias,"MADERA, MUEBLE Y CORCHO",67.8,BASICO
Hombres,Principado de Asturias,MARÍTIMO-PESQUERA,,BASICO
Hombres,Principado de Asturias,QUÍMICA,,BASICO
Hombres,Principado de Asturias,SANIDAD,,BASICO
Hombres,Principado de Asturias,SEGURIDAD Y MEDIO AMBIENTE,,BASICO
Hombres,Principado de Asturias,SERVICIOS SOCIOCULTURALES Y A LA COMUNIDAD,,BASICO
Hombres,Principado de Asturias,"TEXTIL, CONFECCIÓN Y PIEL",,BASICO
Hombres,Principado de Asturias,TRANSPORTE Y MANTENIMIENTO DE VEHÍCULOS,61.3,BASICO
Hombres,Principado de Asturias,VIDRIO Y CERÁMICA,,BASICO
Hombres,Islas Baleares,ACTIVIDADES FÍSICAS Y DEPORTIVAS,80.5,BASICO
Hombres,Islas Baleares,ADMINISTRACIÓN Y GESTIÓN,75.6,BASICO
Hombres,Islas Baleares,AGRARIA,76.3,BASICO
Hombres,Islas Baleares,ARTES GRÁFICAS,100.0,BASICO
Hombres,Islas Baleares,ARTES Y ARTESANÍAS,,BASICO
Hombres,Islas Baleares,COMERCIO Y MARKETING,77.0,BASICO
Hombres,Islas Baleares,EDIFICACIÓN Y OBRA CIVIL,,BASICO
Hombres,Islas Baleares,ELECTRICIDAD Y ELECTRÓNICA,80.9,BASICO
Hombres,Islas Baleares,ENERGÍA Y AGUA,,BASICO
Hombres,Islas Baleares,FABRICACIÓN MECÁNICA,75.0,BASICO
Hombres,Islas Baleares,HOSTELERÍA Y TURISMO,77.8,BASICO
Hombres,Islas Baleares,IMAGEN PERSONAL,72.3,BASICO
Hombres,Islas Baleares,IMAGEN Y SONIDO,,BASICO
Hombres,Islas Baleares,INDUSTRIAS ALIMENTARIAS,,BASICO
Hombres,Islas Baleares,INDUSTRIAS EXTRACTIVAS,,BASICO
Hombres,Islas Baleares,INFORMÁTICA Y COMUNICACIONES,78.3,BASICO
Hombres,Islas Baleares,INSTALACIÓN Y MANTENIMIENTO,80.6,BASICO
Hombres,Islas Baleares,"MADERA, MUEBLE Y CORCHO",51.8,BASICO
Hombres,Islas Baleares,MARÍTIMO-PESQUERA,,BASICO
Hombres,Islas Baleares,QUÍMICA,,BASICO
Hombres,Islas Baleares,SANIDAD,,BASICO
Hombres,Islas Baleares,SEGURIDAD Y MEDIO AMBIENTE,,BASICO
Hombres,Islas Baleares,SERVICIOS SOCIOCULTURALES Y A LA COMUNIDAD,,BASICO
Hombres,Islas Baleares,"TEXTIL, CONFECCIÓN Y PIEL",,BASICO
Hombres,Islas Baleares,TRANSPORTE Y MANTENIMIENTO DE VEHÍCULOS,78.6,BASICO
Hombres,Islas Baleares,VIDRIO Y CERÁMICA,,BASICO
Hombres,Canarias,ACTIVIDADES FÍSICAS Y DEPORTIVAS,,BASICO
Hombres,Canarias,ADMINISTRACIÓN Y GESTIÓN,64.2,BASICO
Hombres,Canarias,AGRARIA,66.2,BASICO
Hombres,Canarias,ARTES GRÁFICAS,,BASICO
Hombres,Canarias,ARTES Y ARTESANÍAS,,BASICO
Hombres,Canarias,COMERCIO Y MARKETING,72.9,BASICO
Hombres,Canarias,EDIFICACIÓN Y OBRA CIVIL,64.6,BASICO
Hombres,Canarias,ELECTRICIDAD Y ELECTRÓNICA,62.3,BASICO
Hombres,Canarias,ENERGÍA Y AGUA,,BASICO
Hombres,Canarias,FABRICACIÓN MECÁNICA,61.2,BASICO
Hombres,Canarias,HOSTELERÍA Y TURISMO,69.7,BASICO
Hombres,Canarias,IMAGEN PERSONAL,60.6,BASICO
Hombres,Canarias,IMAGEN Y SONIDO,,BASICO
Hombres,Canarias,INDUSTRIAS ALIMENTARIAS,,BASICO
Hombres,Canarias,INDUSTRIAS EXTRACTIVAS,,BASICO
Hombres,Canarias,INFORMÁTICA Y COMUNICACIONES,68.9,BASICO
Hombres,Canarias,INSTALACIÓN Y MANTENIMIENTO,67.6,BASICO
Hombres,Canarias,"MADERA, MUEBLE Y CORCHO",68.9,BASICO
Hombres,Canarias,MARÍTIMO-PESQUERA,,BASICO
Hombres,Canarias,QUÍMICA,,BASICO
Hombres,Canarias,SANIDAD,,BASICO
Hombres,Canarias,SEGURIDAD Y MEDIO AMBIENTE,,BASICO
Hombres,Canarias,SERVICIOS SOCIOCULTURALES Y A LA COMUNIDAD,71.8,BASICO
Hombres,Canarias,"TEXTIL, CONFECCIÓN Y PIEL",77.7,BASICO
Hombres,Canarias,TRANSPORTE Y MANTENIMIENTO DE VEHÍCULOS,62.4,BASICO
Hombres,Canarias,VIDRIO Y CERÁMICA,,BASICO
Hombres,Cantabria,ACTIVIDADES FÍSICAS Y DEPORTIVAS,,BASICO
Hombres,Cantabria,ADMINISTRACIÓN Y GESTIÓN,86.4,BASICO
Hombres,Cantabria,AGRARIA,90.3,BASICO
Hombres,Cantabria,ARTES GRÁFICAS,94.0,BASICO
Hombres,Cantabria,ARTES Y ARTESANÍAS,,BASICO
Hombres,Cantabria,COMERCIO Y MARKETING,100.0,BASICO
Hombres,Cantabria,EDIFICACIÓN Y OBRA CIVIL,100.0,BASICO
Hombres,Cantabria,ELECTRICIDAD Y ELECTRÓNICA,79.3,BASICO
Hombres,Cantabria,ENERGÍA Y AGUA,,BASICO
Hombres,Cantabria,FABRICACIÓN MECÁNICA,71.6,BASICO
Hombres,Cantabria,HOSTELERÍA Y TURISMO,75.4,BASICO
Hombres,Cantabria,IMAGEN PERSONAL,0.0,BASICO
Hombres,Cantabria,IMAGEN Y SONIDO,,BASICO
Hombres,Cantabria,INDUSTRIAS ALIMENTARIAS,80.0,BASICO
Hombres,Cantabria,INDUSTRIAS EXTRACTIVAS,,BASICO
Hombres,Cantabria,INFORMÁTICA Y COMUNICACIONES,92.5,BASICO
Hombres,Cantabria,INSTALACIÓN Y MANTENIMIENTO,,BASICO
Hombres,Cantabria,"MADERA, MUEBLE Y CORCHO",87.4,BASICO
Hombres,Cantabria,MARÍTIMO-PESQUERA,,BASICO
Hombres,Cantabria,QUÍMICA,,BASICO
Hombres,Cantabria,SANIDAD,,BASICO
Hombres,Cantabria,SEGURIDAD Y MEDIO AMBIENTE,,BASICO
Hombres,Cantabria,SERVICIOS SOCIOCULTURALES Y A LA COMUNIDAD,,BASICO
Hombres,Cantabria,"TEXTIL, CONFECCIÓN Y PIEL",81.8,BASICO
Hombres,Cantabria,TRANSPORTE Y MANTENIMIENTO DE VEHÍCULOS,71.8,BASICO
Hombres,Cantabria,VIDRIO Y CERÁMICA,,BASICO
Hombres,Castilla y León,ACTIVIDADES FÍSICAS Y DEPORTIVAS,,BASICO
Hombres,Castilla y León,ADMINISTRACIÓN Y GESTIÓN,66.2,BASICO
Hombres,Castilla y León,AGRARIA,63.0,BASICO
Hombres,Castilla y León,ARTES GRÁFICAS,,BASICO
Hombres,Castilla y León,ARTES Y ARTESANÍAS,,BASICO
Hombres,Castilla y León,COMERCIO Y MARKETING,70.6,BASICO
Hombres,Castilla y León,EDIFICACIÓN Y OBRA CIVIL,78.7,BASICO
Hombres,Castilla y León,ELECTRICIDAD Y ELECTRÓNICA,66.0,BASICO
Hombres,Castilla y León,ENERGÍA Y AGUA,,BASICO
Hombres,Castilla y León,FABRICACIÓN MECÁNICA,65.7,BASICO
Hombres,Castilla y León,HOSTELERÍA Y TURISMO,64.8,BASICO
Hombres,Castilla y León,IMAGEN PERSONAL,49.0,BASICO
Hombres,Castilla y León,IMAGEN Y SONIDO,,BASICO
Hombres,Castilla y León,INDUSTRIAS ALIMENTARIAS,65.4,BASICO
Hombres,Castilla y León,INDUSTRIAS EXTRACTIVAS,,BASICO
Hombres,Castilla y León,INFORMÁTICA Y COMUNICACIONES,66.9,BASICO
Hombres,Castilla y León,INSTALACIÓN Y MANTENIMIENTO,,BASICO
Hombres,Castilla y León,"MADERA, MUEBLE Y CORCHO",69.8,BASICO
Hombres,Castilla y León,MARÍTIMO-PESQUERA,,BASICO
Hombres,Castilla y León,QUÍMICA,,BASICO
Hombres,Castilla y León,SANIDAD,,BASICO
Hombres,Castilla y León,SEGURIDAD Y MEDIO AMBIENTE,,BASICO
Hombres,Castilla y León,SERVICIOS SOCIOCULTURALES Y A LA COMUNIDAD,,BASICO
Hombres,Castilla y León,"TEXTIL, CONFECCIÓN Y PIEL",55.6,BASICO
Hombres,Castilla y León,TRANSPORTE Y MANTENIMIENTO DE VEHÍCULOS,66.2,BASICO
Hombres,Castilla y León,VIDRIO Y CERÁMICA,,BASICO
Hombres,Castilla La Mancha,ACTIVIDADES FÍSICAS Y DEPORTIVAS,69.1,BASICO
Hombres,Castilla La Mancha,ADMINISTRACIÓN Y GESTIÓN,78.6,BASICO
Hombres,Castilla La Mancha,AGRARIA,74.9,BASICO
Hombres,Castilla La Mancha,ARTES GRÁFICAS,65.9,BASICO
Hombres,Castilla La Mancha,ARTES Y ARTESANÍAS,,BASICO
Hombres,Castilla La Mancha,COMERCIO Y MARKETING,69.0,BASICO
Hombres,Castilla La Mancha,EDIFICACIÓN Y OBRA CIVIL,,BASICO
Hombres,Castilla La Mancha,ELECTRICIDAD Y ELECTRÓNICA,73.5,BASICO
Hombres,Castilla La Mancha,ENERGÍA Y AGUA,,BASICO
Hombres,Castilla La Mancha,FABRICACIÓN MECÁNICA,68.9,BASICO
Hombres,Castilla La Mancha,HOSTELERÍA Y TURISMO,77.4,BASICO
Hombres,Castilla La Mancha,IMAGEN PERSONAL,64.6,BASICO
Hombres,Castilla La Mancha,IMAGEN Y SONIDO,,BASICO
Hombres,Castilla La Mancha,INDUSTRIAS ALIMENTARIAS,64.7,BASICO
Hombres,Castilla La Mancha,INDUSTRIAS EXTRACTIVAS,,BASICO
Hombres,Castilla La Mancha,INFORMÁTICA Y COMUNICACIONES,75.7,BASICO
Hombres,Castilla La Mancha,INSTALACIÓN Y MANTENIMIENTO,73.6,BASICO
Hombres,Castilla La Mancha,"MADERA, MUEBLE Y CORCHO",93.4,BASICO
Hombres,Castilla La Mancha,MARÍTIMO-PESQUERA,,BASICO
Hombres,Castilla La Mancha,QUÍMICA,,BASICO
Hombres,Castilla La Mancha,SANIDAD,,BASICO
Hombres,Castilla La Mancha,SEGURIDAD Y MEDIO AMBIENTE,,BASICO
Hombres,Castilla La Mancha,SERVICIOS SOCIOCULTURALES Y A LA COMUNIDAD,,BASICO
Hombres,Castilla La Mancha,"TEXTIL, CONFECCIÓN Y PIEL",48.6,BASICO
Hombres,Castilla La Mancha,TRANSPORTE Y MANTENIMIENTO DE VEHÍCULOS,68.0,BASICO
Hombres,Castilla La Mancha,VIDRIO Y CERÁMICA,,BASICO
Hombres,Comunitat Valenciana,ACTIVIDADES FÍSICAS Y DEPORTIVAS,82.7,BASICO
Hombres,Comunitat Valenciana,ADMINISTRACIÓN Y GESTIÓN,78.9,BASICO
Hombres,Comunitat Valenciana,AGRARIA,77.1,BASICO
Hombres,Comunitat Valenciana,ARTES GRÁFICAS,78.6,BASICO
Hombres,Comunitat Valenciana,ARTES Y ARTESANÍAS,,BASICO
Hombres,Comunitat Valenciana,COMERCIO Y MARKETING,76.6,BASICO
Hombres,Comunitat Valenciana,EDIFICACIÓN Y OBRA CIVIL,68.6,BASICO
Hombres,Comunitat Valenciana,ELECTRICIDAD Y ELECTRÓNICA,75.4,BASICO
Hombres,Comunitat Valenciana,ENERGÍA Y AGUA,,BASICO
Hombres,Comunitat Valenciana,FABRICACIÓN MECÁNICA,73.9,BASICO
Hombres,Comunitat Valenciana,HOSTELERÍA Y TURISMO,74.3,BASICO
Hombres,Comunitat Valenciana,IMAGEN PERSONAL,66.8,BASICO
Hombres,Comunitat Valenciana,IMAGEN Y SONIDO,,BASICO
Hombres,Comunitat Valenciana,INDUSTRIAS ALIMENTARIAS,83.2,BASICO
Hombres,Comunitat Valenciana,INDUSTRIAS EXTRACTIVAS,,BASICO
Hombres,Comunitat Valenciana,INFORMÁTICA Y COMUNICACIONES,79.8,BASICO
Hombres,Comunitat Valenciana,INSTALACIÓN Y MANTENIMIENTO,66.6,BASICO
Hombres,Comunitat Valenciana,"MADERA, MUEBLE Y CORCHO",76.3,BASICO
Hombres,Comunitat Valenciana,MARÍTIMO-PESQUERA,60.6,BASICO
Hombres,Comunitat Valenciana,QUÍMICA,,BASICO
Hombres,Comunitat Valenciana,SANIDAD,,BASICO
Hombres,Comunitat Valenciana,SEGURIDAD Y MEDIO AMBIENTE,,BASICO
Hombres,Comunitat Valenciana,SERVICIOS SOCIOCULTURALES Y A LA COMUNIDAD,52.4,BASICO
Hombres,Comunitat Valenciana,"TEXTIL, CONFECCIÓN Y PIEL",66.1,BASICO
Hombres,Comunitat Valenciana,TRANSPORTE Y MANTENIMIENTO DE VEHÍCULOS,78.8,BASICO
Hombres,Comunitat Valenciana,VIDRIO Y CERÁMICA,80.2,BASICO
Hombres,Extremadura,ACTIVIDADES FÍSICAS Y DEPORTIVAS,,BASICO
Hombres,Extremadura,ADMINISTRACIÓN Y GESTIÓN,71.1,BASICO
Hombres,Extremadura,AGRARIA,76.1,BASICO
Hombres,Extremadura,ARTES GRÁFICAS,75.2,BASICO
Hombres,Extremadura,ARTES Y ARTESANÍAS,,BASICO
Hombres,Extremadura,COMERCIO Y MARKETING,76.4,BASICO
Hombres,Extremadura,EDIFICACIÓN Y OBRA CIVIL,74.4,BASICO
Hombres,Extremadura,ELECTRICIDAD Y ELECTRÓNICA,68.9,BASICO
Hombres,Extremadura,ENERGÍA Y AGUA,,BASICO
Hombres,Extremadura,FABRICACIÓN MECÁNICA,67.7,BASICO
Hombres,Extremadura,HOSTELERÍA Y TURISMO,70.8,BASICO
Hombres,Extremadura,IMAGEN PERSONAL,53.5,BASICO
Hombres,Extremadura,IMAGEN Y SONIDO,,BASICO
Hombres,Extremadura,INDUSTRIAS ALIMENTARIAS,85.1,BASICO
Hombres,Extremadura,INDUSTRIAS EXTRACTIVAS,,BASICO
Hombres,Extremadura,INFORMÁTICA Y COMUNICACIONES,67.4,BASICO
Hombres,Extremadura,INSTALACIÓN Y MANTENIMIENTO,,BASICO
Hombres,Extremadura,"MADERA, MUEBLE Y CORCHO",62.8,BASICO
Hombres,Extremadura,MARÍTIMO-PESQUERA,,BASICO
Hombres,Extremadura,QUÍMICA,,BASICO
Hombres,Extremadura,SANIDAD,,BASICO
Hombres,Extremadura,SEGURIDAD Y MEDIO AMBIENTE,,BASICO
Hombres,Extremadura,SERVICIOS SOCIOCULTURALES Y A LA COMUNIDAD,99.2,BASICO
Hombres,Extremadura,"TEXTIL, CONFECCIÓN Y PIEL",,BASICO
Hombres,Extremadura,TRANSPORTE Y MANTENIMIENTO DE VEHÍCULOS,64.3,BASICO
Hombres,Extremadura,VIDRIO Y CERÁMICA,,BASICO
Hombres,Galicia,ACTIVIDADES FÍSICAS Y DEPORTIVAS,,BASICO
Hombres,Galicia,ADMINISTRACIÓN Y GESTIÓN,78.7,BASICO
Hombres,Galicia,AGRARIA,78.0,BASICO
Hombres,Galicia,ARTES GRÁFICAS,73.9,BASICO
Hombres,Galicia,ARTES Y ARTESANÍAS,,BASICO
Hombres,Galicia,COMERCIO Y MARKETING,78.3,BASICO
Hombres,Galicia,EDIFICACIÓN Y OBRA CIVIL,66.7,BASICO
Hombres,Galicia,ELECTRICIDAD Y ELECTRÓNICA,75.3,BASICO
Hombres,Galicia,ENERGÍA Y AGUA,,BASICO
Hombres,Galicia,FABRICACIÓN MECÁNICA,75.9,BASICO
Hombres,Galicia,HOSTELERÍA Y TURISMO,87.1,BASICO
Hombres,Galicia,IMAGEN PERSONAL,77.1,BASICO
Hombres,Galicia,IMAGEN Y SONIDO,,BASICO
Hombres,Galicia,INDUSTRIAS ALIMENTARIAS,80.4,BASICO
Hombres,Galicia,INDUSTRIAS EXTRACTIVAS,,BASICO
Hombres,Galicia,INFORMÁTICA Y COMUNICACIONES,81.5,BASICO
Hombres,Galicia,INSTALACIÓN Y MANTENIMIENTO,71.4,BASICO
Hombres,Galicia,"MADERA, MUEBLE Y CORCHO",74.6,BASICO
Hombres,Galicia,MARÍTIMO-PESQUERA,88.2,BASICO
Hombres,Galicia,QUÍMICA,,BASICO
Hombres,Galicia,SANIDAD,,BASICO
Hombres,Galicia,SEGURIDAD Y MEDIO AMBIENTE,,BASICO
Hombres,Galicia,SERVICIOS SOCIOCULTURALES Y A LA COMUNIDAD,92.9,BASICO
Hombres,Galicia,"TEXTIL, CONFECCIÓN Y PIEL",46.2,BASICO
Hombres,Galicia,TRANSPORTE Y MANTENIMIENTO DE VEHÍCULOS,70.8,BASICO
Hombres,Galicia,VIDRIO Y CERÁMICA,,BASICO
Hombres,Comunidad de Madrid,ACTIVIDADES FÍSICAS Y DEPORTIVAS,,BASICO
Hombres,Comunidad de Madrid,ADMINISTRACIÓN Y GESTIÓN,61.5,BASICO
Hombres,Comunidad de Madrid,AGRARIA,74.8,BASICO
Hombres,Comunidad de Madrid,ARTES GRÁFICAS,71.3,BASICO
Hombres,Comunidad de Madrid,ARTES Y ARTESANÍAS,,BASICO
Hombres,Comunidad de Madrid,COMERCIO Y MARKETING,66.0,BASICO
Hombres,Comunidad de Madrid,EDIFICACIÓN Y OBRA CIVIL,,BASICO
Hombres,Comunidad de Madrid,ELECTRICIDAD Y ELECTRÓNICA,59.9,BASICO
Hombres,Comunidad de Madrid,ENERGÍA Y AGUA,,BASICO
Hombres,Comunidad de Madrid,FABRICACIÓN MECÁNICA,65.3,BASICO
Hombres,Comunidad de Madrid,HOSTELERÍA Y TURISMO,66.7,BASICO
Hombres,Comunidad de Madrid,IMAGEN PERSONAL,58.0,BASICO
Hombres,Comunidad de Madrid,IMAGEN Y SONIDO,,BASICO
Hombres,Comunidad de Madrid,INDUSTRIAS ALIMENTARIAS,,BASICO
Hombres,Comunidad de Madrid,INDUSTRIAS EXTRACTIVAS,,BASICO
Hombres,Comunidad de Madrid,INFORMÁTICA Y COMUNICACIONES,65.2,BASICO
Hombres,Comunidad de Madrid,INSTALACIÓN Y MANTENIMIENTO,,BASICO
Hombres,Comunidad de Madrid,"MADERA, MUEBLE Y CORCHO",72.9,BASICO
Hombres,Comunidad de Madrid,MARÍTIMO-PESQUERA,,BASICO
Hombres,Comunidad de Madrid,QUÍMICA,,BASICO
Hombres,Comunidad de Madrid,SANIDAD,,BASICO
Hombres,Comunidad de Madrid,SEGURIDAD Y MEDIO AMBIENTE,,BASICO
Hombres,Comunidad de Madrid,SERVICIOS SOCIOCULTURALES Y A LA COMUNIDAD,,BASICO
Hombres,Comunidad de Madrid,"TEXTIL, CONFECCIÓN Y PIEL",,BASICO
Hombres,Comunidad de Madrid,TRANSPORTE Y MANTENIMIENTO DE VEHÍCULOS,57.7,BASICO
Hombres,Comunidad de Madrid,VIDRIO Y CERÁMICA,,BASICO
Hombres,Región de Murcia,ACTIVIDADES FÍSICAS Y DEPORTIVAS,,BASICO
Hombres,Región de Murcia,ADMINISTRACIÓN Y GESTIÓN,70.3,BASICO
Hombres,Región de Murcia,AGRARIA,80.3,BASICO
Hombres,Región de Murcia,ARTES GRÁFICAS,79.0,BASICO
Hombres,Región de Murcia,ARTES Y ARTESANÍAS,,BASICO
Hombres,Región de Murcia,COMERCIO Y MARKETING,78.6,BASICO
Hombres,Región de Murcia,EDIFICACIÓN Y OBRA CIVIL,,BASICO
Hombres,Región de Murcia,ELECTRICIDAD Y ELECTRÓNICA,67.5,BASICO
Hombres,Región de Murcia,ENERGÍA Y AGUA,,BASICO
Hombres,Región de Murcia,FABRICACIÓN MECÁNICA,72.9,BASICO
Hombres,Región de Murcia,HOSTELERÍA Y TURISMO,80.9,BASICO
Hombres,Región de Murcia,IMAGEN PERSONAL,70.7,BASICO
Hombres,Región de Murcia,IMAGEN Y SONIDO,,BASICO
Hombres,Región de Murcia,INDUSTRIAS ALIMENTARIAS,69.9,BASICO
Hombres,Región de Murcia,INDUSTRIAS EXTRACTIVAS,,BASICO
Hombres,Región de Murcia,INFORMÁTICA Y COMUNICACIONES,72.8,BASICO
Hombres,Región de Murcia,INSTALACIÓN Y MANTENIMIENTO,68.4,BASICO
Hombres,Región de Murcia,"MADERA, MUEBLE Y CORCHO",60.1,BASICO
Hombres,Región de Murcia,MARÍTIMO-PESQUERA,,BASICO
Hombres,Región de Murcia,QUÍMICA,,BASICO
Hombres,Región de Murcia,SANIDAD,,BASICO
Hombres,Región de Murcia,SEGURIDAD Y MEDIO AMBIENTE,,BASICO
Hombres,Región de Murcia,SERVICIOS SOCIOCULTURALES Y A LA COMUNIDAD,,BASICO
Hombres,Región de Murcia,"TEXTIL, CONFECCIÓN Y PIEL",41.9,BASICO
Hombres,Región de Murcia,TRANSPORTE Y MANTENIMIENTO DE VEHÍCULOS,69.3,BASICO
Hombres,Región de Murcia,VIDRIO Y CERÁMICA,,BASICO
Hombres,Comunidad Foral de Navarra,ACTIVIDADES FÍSICAS Y DEPORTIVAS,,BASICO
Hombres,Comunidad Foral de Navarra,ADMINISTRACIÓN Y GESTIÓN,93.9,BASICO
Hombres,Comunidad Foral de Navarra,AGRARIA,75.3,BASICO
Hombres,Comunidad Foral de Navarra,ARTES GRÁFICAS,66.7,BASICO
Hombres,Comunidad Foral de Navarra,ARTES Y ARTESANÍAS,,BASICO
Hombres,Comunidad Foral de Navarra,COMERCIO Y MARKETING,73.1,BASICO
Hombres,Comunidad Foral de Navarra,EDIFICACIÓN Y OBRA CIVIL,59.0,BASICO
Hombres,Comunidad Foral de Navarra,ELECTRICIDAD Y ELECTRÓNICA,80.5,BASICO
Hombres,Comunidad Foral de Navarra,ENERGÍA Y AGUA,,BASICO
Hombres,Comunidad Foral de Navarra,FABRICACIÓN MECÁNICA,80.3,BASICO
Hombres,Comunidad Foral de Navarra,HOSTELERÍA Y TURISMO,83.1,BASICO
Hombres,Comunidad Foral de Navarra,IMAGEN PERSONAL,72.4,BASICO
Hombres,Comunidad Foral de Navarra,IMAGEN Y SONIDO,,BASICO
Hombres,Comunidad Foral de Navarra,INDUSTRIAS ALIMENTARIAS,51.7,BASICO
Hombres,Comunidad Foral de Navarra,INDUSTRIAS EXTRACTIVAS,,BASICO
Hombres,Comunidad Foral de Navarra,INFORMÁTICA Y COMUNICACIONES,82.4,BASICO
Hombres,Comunidad Foral de Navarra,INSTALACIÓN Y MANTENIMIENTO,,BASICO
Hombres,Comunidad Foral de Navarra,"MADERA, MUEBLE Y CORCHO",98.6,BASICO
Hombres,Comunidad Foral de Navarra,MARÍTIMO-PESQUERA,,BASICO
Hombres,Comunidad Foral de Navarra,QUÍMICA,,BASICO
Hombres,Comunidad Foral de Navarra,SANIDAD,,BASICO
Hombres,Comunidad Foral de Navarra,SEGURIDAD Y MEDIO AMBIENTE,,BASICO
Hombres,Comunidad Foral de Navarra,SERVICIOS SOCIOCULTURALES Y A LA COMUNIDAD,,BASICO
Hombres,Comunidad Foral de Navarra,"TEXTIL, CONFECCIÓN Y PIEL",63.6,BASICO
Hombres,Comunidad Foral de Navarra,TRANSPORTE Y MANTENIMIENTO DE VEHÍCULOS,80.6,BASICO
Hombres,Comunidad Foral de Navarra,VIDRIO Y CERÁMICA,,BASICO
Hombres,País Vasco,ACTIVIDADES FÍSICAS Y DEPORTIVAS,,BASICO
Hombres,País Vasco,ADMINISTRACIÓN Y GESTIÓN,95.3,BASICO
Hombres,País Vasco,AGRARIA,89.6,BASICO
Hombres,País Vasco,ARTES GRÁFICAS,96.2,BASICO
Hombres,País Vasco,ARTES Y ARTESANÍAS,,BASICO
Hombres,País Vasco,COMERCIO Y MARKETING,88.6,BASICO
Hombres,País Vasco,EDIFICACIÓN Y OBRA CIVIL,96.7,BASICO
Hombres,País Vasco,ELECTRICIDAD Y ELECTRÓNICA,80.2,BASICO
Hombres,País Vasco,ENERGÍA Y AGUA,,BASICO
Hombres,País Vasco,FABRICACIÓN MECÁNICA,77.9,BASICO
Hombres,País Vasco,HOSTELERÍA Y TURISMO,76.7,BASICO
Hombres,País Vasco,IMAGEN PERSONAL,84.8,BASICO
Hombres,País Vasco,IMAGEN Y SONIDO,,BASICO
Hombres,País Vasco,INDUSTRIAS ALIMENTARIAS,37.9,BASICO
Hombres,País Vasco,INDUSTRIAS EXTRACTIVAS,,BASICO
Hombres,País Vasco,INFORMÁTICA Y COMUNICACIONES,92.1,BASICO
Hombres,País Vasco,INSTALACIÓN Y MANTENIMIENTO,84.6,BASICO
Hombres,País Vasco,"MADERA, MUEBLE Y CORCHO",77.4,BASICO
Hombres,País Vasco,MARÍTIMO-PESQUERA,,BASICO
Hombres,País Vasco,QUÍMICA,,BASICO
Hombres,País Vasco,SANIDAD,,BASICO
Hombres,País Vasco,SEGURIDAD Y MEDIO AMBIENTE,,BASICO
Hombres,País Vasco,SERVICIOS SOCIOCULTURALES Y A LA COMUNIDAD,96.1,BASICO
Hombres,País Vasco,"TEXTIL, CONFECCIÓN Y PIEL",67.5,BASICO
Hombres,País Vasco,TRANSPORTE Y MANTENIMIENTO DE VEHÍCULOS,85.6,BASICO
Hombres,País Vasco,VIDRIO Y CERÁMICA,,BASICO
Hombres,La Rioja,ACTIVIDADES FÍSICAS Y DEPORTIVAS,63.6,BASICO
Hombres,La Rioja,ADMINISTRACIÓN Y GESTIÓN,70.4,BASICO
Hombres,La Rioja,AGRARIA,64.6,BASICO
Hombres,La Rioja,ARTES GRÁFICAS,,BASICO
Hombres,La Rioja,ARTES Y ARTESANÍAS,,BASICO
Hombres,La Rioja,COMERCIO Y MARKETING,78.8,BASICO
Hombres,La Rioja,EDIFICACIÓN Y OBRA CIVIL,,BASICO
Hombres,La Rioja,ELECTRICIDAD Y ELECTRÓNICA,60.4,BASICO
Hombres,La Rioja,ENERGÍA Y AGUA,,BASICO
Hombres,La Rioja,FABRICACIÓN MECÁNICA,63.1,BASICO
Hombres,La Rioja,HOSTELERÍA Y TURISMO,48.5,BASICO
Hombres,La Rioja,IMAGEN PERSONAL,72.0,BASICO
Hombres,La Rioja,IMAGEN Y SONIDO,,BASICO
Hombres,La Rioja,INDUSTRIAS ALIMENTARIAS,,BASICO
Hombres,La Rioja,INDUSTRIAS EXTRACTIVAS,,BASICO
Hombres,La Rioja,INFORMÁTICA Y COMUNICACIONES,60.7,BASICO
Hombres,La Rioja,INSTALACIÓN Y MANTENIMIENTO,,BASICO
Hombres,La Rioja,"MADERA, MUEBLE Y CORCHO",78.2,BASICO
Hombres,La Rioja,MARÍTIMO-PESQUERA,,BASICO
Hombres,La Rioja,QUÍMICA,,BASICO
Hombres,La Rioja,SANIDAD,,BASICO
Hombres,La Rioja,SEGURIDAD Y MEDIO AMBIENTE,,BASICO
Hombres,La Rioja,SERVICIOS SOCIOCULTURALES Y A LA COMUNIDAD,33.3,BASICO
Hombres,La Rioja,"TEXTIL, CONFECCIÓN Y PIEL",78.9,BASICO
Hombres,La Rioja,TRANSPORTE Y MANTENIMIENTO DE VEHÍCULOS,73.8,BASICO
Hombres,La Rioja,VIDRIO Y CERÁMICA,,BASICO
Hombres,Ceuta,ACTIVIDADES FÍSICAS Y DEPORTIVAS,92.2,BASICO
Hombres,Ceuta,ADMINISTRACIÓN Y GESTIÓN,,BASICO
Hombres,Ceuta,AGRARIA,36.8,BASICO
Hombres,Ceuta,ARTES GRÁFICAS,,BASICO
Hombres,Ceuta,ARTES Y ARTESANÍAS,,BASICO
Hombres,Ceuta,COMERCIO Y MARKETING,66.4,BASICO
Hombres,Ceuta,EDIFICACIÓN Y OBRA CIVIL,42.5,BASICO
Hombres,Ceuta,ELECTRICIDAD Y ELECTRÓNICA,58.0,BASICO
Hombres,Ceuta,ENERGÍA Y AGUA,,BASICO
Hombres,Ceuta,FABRICACIÓN MECÁNICA,,BASICO
Hombres,Ceuta,HOSTELERÍA Y TURISMO,20.9,BASICO
Hombres,Ceuta,IMAGEN PERSONAL,53.8,BASICO
Hombres,Ceuta,IMAGEN Y SONIDO,,BASICO
Hombres,Ceuta,INDUSTRIAS ALIMENTARIAS,,BASICO
Hombres,Ceuta,INDUSTRIAS EXTRACTIVAS,,BASICO
Hombres,Ceuta,INFORMÁTICA Y COMUNICACIONES,,BASICO
Hombres,Ceuta,INSTALACIÓN Y MANTENIMIENTO,57.5,BASICO
Hombres,Ceuta,"MADERA, MUEBLE Y CORCHO",,BASICO
Hombres,Ceuta,MARÍTIMO-PESQUERA,,BASICO
Hombres,Ceuta,QUÍMICA,,BASICO
Hombres,Ceuta,SANIDAD,,BASICO
Hombres,Ceuta,SEGURIDAD Y MEDIO AMBIENTE,,BASICO
Hombres,Ceuta,SERVICIOS SOCIOCULTURALES Y A LA COMUNIDAD,,BASICO
Hombres,Ceuta,"TEXTIL, CONFECCIÓN Y PIEL",,BASICO
Hombres,Ceuta,TRANSPORTE Y MANTENIMIENTO DE VEHÍCULOS,30.9,BASICO
Hombres,Ceuta,VIDRIO Y CERÁMICA,,BASICO
Hombres,Melilla,ACTIVIDADES FÍSICAS Y DEPORTIVAS,63.8,BASICO
Hombres,Melilla,ADMINISTRACIÓN Y GESTIÓN,59.6,BASICO
Hombres,Melilla,AGRARIA,,BASICO
Hombres,Melilla,ARTES GRÁFICAS,82.2,BASICO
Hombres,Melilla,ARTES Y ARTESANÍAS,,BASICO
Hombres,Melilla,COMERCIO Y MARKETING,64.3,BASICO
Hombres,Melilla,EDIFICACIÓN Y OBRA CIVIL,,BASICO
Hombres,Melilla,ELECTRICIDAD Y ELECTRÓNICA,36.6,BASICO
Hombres,Melilla,ENERGÍA Y AGUA,,BASICO
Hombres,Melilla,FABRICACIÓN MECÁNICA,58.3,BASICO
Hombres,Melilla,HOSTELERÍA Y TURISMO,57.3,BASICO
Hombres,Melilla,IMAGEN PERSONAL,66.7,BASICO
Hombres,Melilla,IMAGEN Y SONIDO,,BASICO
Hombres,Melilla,INDUSTRIAS ALIMENTARIAS,,BASICO
Hombres,Melilla,INDUSTRIAS EXTRACTIVAS,,BASICO
Hombres,Melilla,INFORMÁTICA Y COMUNICACIONES,62.8,BASICO
Hombres,Melilla,INSTALACIÓN Y MANTENIMIENTO,,BASICO
Hombres,Melilla,"MADERA, MUEBLE Y CORCHO",67.5,BASICO
Hombres,Melilla,MARÍTIMO-PESQUERA,,BASICO
Hombres,Melilla,QUÍMICA,,BASICO
Hombres,Melilla,SANIDAD,,BASICO
Hombres,Melilla,SEGURIDAD Y MEDIO AMBIENTE,,BASICO
Hombres,Melilla,SERVICIOS SOCIOCULTURALES Y A LA COMUNIDAD,,BASICO
Hombres,Melilla,"TEXTIL, CONFECCIÓN Y PIEL",,BASICO
Hombres,Melilla,TRANSPORTE Y MANTENIMIENTO DE VEHÍCULOS,47.7,BASICO
Hombres,Melilla,VIDRIO Y CERÁMICA,,BASICO
Mujeres,Andalucía,ACTIVIDADES FÍSICAS Y DEPORTIVAS,100.0,BASICO
Mujeres,Andalucía,ADMINISTRACIÓN Y GESTIÓN,75.2,BASICO
Mujeres,Andalucía,AGRARIA,66.7,BASICO
Mujeres,Andalucía,ARTES GRÁFICAS,68.2,BASICO
Mujeres,Andalucía,ARTES Y ARTESANÍAS,,BASICO
Mujeres,Andalucía,COMERCIO Y MARKETING,73.7,BASICO
Mujeres,Andalucía,EDIFICACIÓN Y OBRA CIVIL,77.2,BASICO
Mujeres,Andalucía,ELECTRICIDAD Y ELECTRÓNICA,62.3,BASICO
Mujeres,Andalucía,ENERGÍA Y AGUA,,BASICO
Mujeres,Andalucía,FABRICACIÓN MECÁNICA,71.7,BASICO
Mujeres,Andalucía,HOSTELERÍA Y TURISMO,69.7,BASICO
Mujeres,Andalucía,IMAGEN PERSONAL,74.2,BASICO
Mujeres,Andalucía,IMAGEN Y SONIDO,,BASICO
Mujeres,Andalucía,INDUSTRIAS ALIMENTARIAS,81.5,BASICO
Mujeres,Andalucía,INDUSTRIAS EXTRACTIVAS,,BASICO
Mujeres,Andalucía,INFORMÁTICA Y COMUNICACIONES,73.2,BASICO
Mujeres,Andalucía,INSTALACIÓN Y MANTENIMIENTO,,BASICO
Mujeres,Andalucía,"MADERA, MUEBLE Y CORCHO",69.8,BASICO
Mujeres,Andalucía,MARÍTIMO-PESQUERA,,BASICO
Mujeres,Andalucía,QUÍMICA,,BASICO
Mujeres,Andalucía,SANIDAD,,BASICO
Mujeres,Andalucía,SEGURIDAD Y MEDIO AMBIENTE,,BASICO
Mujeres,Andalucía,SERVICIOS SOCIOCULTURALES Y A LA COMUNIDAD,77.1,BASICO
Mujeres,Andalucía,"TEXTIL, CONFECCIÓN Y PIEL",54.1,BASICO
Mujeres,Andalucía,TRANSPORTE Y MANTENIMIENTO DE VEHÍCULOS,72.7,BASICO
Mujeres,Andalucía,VIDRIO Y CERÁMICA,45.7,BASICO
Mujeres,Aragón,ACTIVIDADES FÍSICAS Y DEPORTIVAS,,BASICO
Mujeres,Aragón,ADMINISTRACIÓN Y GESTIÓN,62.4,BASICO
Mujeres,Aragón,AGRARIA,60.3,BASICO
Mujeres,Aragón,ARTES GRÁFICAS,73.2,BASICO
Mujeres,Aragón,ARTES Y ARTESANÍAS,,BASICO
Mujeres,Aragón,COMERCIO Y MARKETING,70.0,BASICO
Mujeres,Aragón,EDIFICACIÓN Y OBRA CIVIL,,BASICO
Mujeres,Aragón,ELECTRICIDAD Y ELECTRÓNICA,70.5,BASICO
Mujeres,Aragón,ENERGÍA Y AGUA,,BASICO
Mujeres,Aragón,FABRICACIÓN MECÁNICA,86.7,BASICO
Mujeres,Aragón,HOSTELERÍA Y TURISMO,79.2,BASICO
Mujeres,Aragón,IMAGEN PERSONAL,68.8,BASICO
Mujeres,Aragón,IMAGEN Y SONIDO,,BASICO
Mujeres,Aragón,INDUSTRIAS ALIMENTARIAS,100.0,BASICO
Mujeres,Aragón,INDUSTRIAS EXTRACTIVAS,,BASICO
Mujeres,Aragón,INFORMÁTICA Y COMUNICACIONES,65.2,BASICO
Mujeres,Aragón,INSTALACIÓN Y MANTENIMIENTO,,BASICO
Mujeres,Aragón,"MADERA, MUEBLE Y CORCHO",83.3,BASICO
Mujeres,Aragón,MARÍTIMO-PESQUERA,,BASICO
Mujeres,Aragón,QUÍMICA,,BASICO
Mujeres,Aragón,SANIDAD,,BASICO
Mujeres,Aragón,SEGURIDAD Y MEDIO AMBIENTE,,BASICO
Mujeres,Aragón,SERVICIOS SOCIOCULTURALES Y A LA COMUNIDAD,,BASICO
Mujeres,Aragón,"TEXTIL, CONFECCIÓN Y PIEL",75.5,BASICO
Mujeres,Aragón,TRANSPORTE Y MANTENIMIENTO DE VEHÍCULOS,76.2,BASICO
Mujeres,Aragón,VIDRIO Y CERÁMICA,,BASICO
Mujeres,Principado de Asturias,ACTIVIDADES FÍSICAS Y DEPORTIVAS,,BASICO
Mujeres,Principado de Asturias,ADMINISTRACIÓN Y GESTIÓN,66.9,BASICO
Mujeres,Principado de Asturias,AGRARIA,,BASICO
Mujeres,Principado de Asturias,ARTES GRÁFICAS,,BASICO
Mujeres,Principado de Asturias,ARTES Y ARTESANÍAS,,BASICO
Mujeres,Principado de Asturias,COMERCIO Y MARKETING,48.9,BASICO
Mujeres,Principado de Asturias,EDIFICACIÓN Y OBRA CIVIL,,BASICO
Mujeres,Principado de Asturias,ELECTRICIDAD Y ELECTRÓNICA,55.6,BASICO
Mujeres,Principado de Asturias,ENERGÍA Y AGUA,,BASICO
Mujeres,Principado de Asturias,FABRICACIÓN MECÁNICA,0.0,BASICO
Mujeres,Principado de Asturias,HOSTELERÍA Y TURISMO,63.2,BASICO
Mujeres,Principado de Asturias,IMAGEN PERSONAL,61.7,BASICO
Mujeres,Principado de Asturias,IMAGEN Y SONIDO,,BASICO
Mujeres,Principado de Asturias,INDUSTRIAS ALIMENTARIAS,,BASICO
Mujeres,Principado de Asturias,INDUSTRIAS EXTRACTIVAS,,BASICO
Mujeres,Principado de Asturias,INFORMÁTICA Y COMUNICACIONES,50.0,BASICO
Mujeres,Principado de Asturias,INSTALACIÓN Y MANTENIMIENTO,,BASICO
Mujeres,Principado de Asturias,"MADERA, MUEBLE Y CORCHO",50.0,BASICO
Mujeres,Principado de Asturias,MARÍTIMO-PESQUERA,,BASICO
Mujeres,Principado de Asturias,QUÍMICA,,BASICO
Mujeres,Principado de Asturias,SANIDAD,,BASICO
Mujeres,Principado de Asturias,SEGURIDAD Y MEDIO AMBIENTE,,BASICO
Mujeres,Principado de Asturias,SERVICIOS SOCIOCULTURALES Y A LA COMUNIDAD,,BASICO
Mujeres,Principado de Asturias,"TEXTIL, CONFECCIÓN Y PIEL",,BASICO
Mujeres,Principado de Asturias,TRANSPORTE Y MANTENIMIENTO DE VEHÍCULOS,47.3,BASICO
Mujeres,Principado de Asturias,VIDRIO Y CERÁMICA,,BASICO
Mujeres,Islas Baleares,ACTIVIDADES FÍSICAS Y DEPORTIVAS,36.4,BASICO
Mujeres,Islas Baleares,ADMINISTRACIÓN Y GESTIÓN,73.5,BASICO
Mujeres,Islas Baleares,AGRARIA,80.4,BASICO
Mujeres,Islas Baleares,ARTES GRÁFICAS,90.0,BASICO
Mujeres,Islas Baleares,ARTES Y ARTESANÍAS,,BASICO
Mujeres,Islas Baleares,COMERCIO Y MARKETING,83.6,BASICO
Mujeres,Islas Baleares,EDIFICACIÓN Y OBRA CIVIL,,BASICO
Mujeres,Islas Baleares,ELECTRICIDAD Y ELECTRÓNICA,100.0,BASICO
Mujeres,Islas Baleares,ENERGÍA Y AGUA,,BASICO
Mujeres,Islas Baleares,FABRICACIÓN MECÁNICA,100.0,BASICO
Mujeres,Islas Baleares,HOSTELERÍA Y TURISMO,81.3,BASICO
Mujeres,Islas Baleares,IMAGEN PERSONAL,76.1,BASICO
Mujeres,Islas Baleares,IMAGEN Y SONIDO,,BASICO
Mujeres,Islas Baleares,INDUSTRIAS ALIMENTARIAS,,BASICO
Mujeres,Islas Baleares,INDUSTRIAS EXTRACTIVAS,,BASICO
Mujeres,Islas Baleares,INFORMÁTICA Y COMUNICACIONES,71.3,BASICO
Mujeres,Islas Baleares,INSTALACIÓN Y MANTENIMIENTO,,BASICO
Mujeres,Islas Baleares,"MADERA, MUEBLE Y CORCHO",,BASICO
Mujeres,Islas Baleares,MARÍTIMO-PESQUERA,,BASICO
Mujeres,Islas Baleares,QUÍMICA,,BASICO
Mujeres,Islas Baleares,SANIDAD,,BASICO
Mujeres,Islas Baleares,SEGURIDAD Y MEDIO AMBIENTE,,BASICO
Mujeres,Islas Baleares,SERVICIOS SOCIOCULTURALES Y A LA COMUNIDAD,,BASICO
Mujeres,Islas Baleares,"TEXTIL, CONFECCIÓN Y PIEL",,BASICO
Mujeres,Islas Baleares,TRANSPORTE Y MANTENIMIENTO DE VEHÍCULOS,78.3,BASICO
Mujeres,Islas Baleares,VIDRIO Y CERÁMICA,,BASICO
Mujeres,Canarias,ACTIVIDADES FÍSICAS Y DEPORTIVAS,,BASICO
Mujeres,Canarias,ADMINISTRACIÓN Y GESTIÓN,70.1,BASICO
Mujeres,Canarias,AGRARIA,65.8,BASICO
Mujeres,Canarias,ARTES GRÁFICAS,,BASICO
Mujeres,Canarias,ARTES Y ARTESANÍAS,,BASICO
Mujeres,Canarias,COMERCIO Y MARKETING,72.2,BASICO
Mujeres,Canarias,EDIFICACIÓN Y OBRA CIVIL,61.8,BASICO
Mujeres,Canarias,ELECTRICIDAD Y ELECTRÓNICA,56.1,BASICO
Mujeres,Canarias,ENERGÍA Y AGUA,,BASICO
Mujeres,Canarias,FABRICACIÓN MECÁNICA,75.0,BASICO
Mujeres,Canarias,HOSTELERÍA Y TURISMO,76.9,BASICO
Mujeres,Canarias,IMAGEN PERSONAL,69.1,BASICO
Mujeres,Canarias,IMAGEN Y SONIDO,,BASICO
Mujeres,Canarias,INDUSTRIAS ALIMENTARIAS,,BASICO
Mujeres,Canarias,INDUSTRIAS EXTRACTIVAS,,BASICO
Mujeres,Canarias,INFORMÁTICA Y COMUNICACIONES,57.6,BASICO
Mujeres,Canarias,INSTALACIÓN Y MANTENIMIENTO,0.0,BASICO
Mujeres,Canarias,"MADERA, MUEBLE Y CORCHO",63.5,BASICO
Mujeres,Canarias,MARÍTIMO-PESQUERA,,BASICO
Mujeres,Canarias,QUÍMICA,,BASICO
Mujeres,Canarias,SANIDAD,,BASICO
Mujeres,Canarias,SEGURIDAD Y MEDIO AMBIENTE,,BASICO
Mujeres,Canarias,SERVICIOS SOCIOCULTURALES Y A LA COMUNIDAD,79.5,BASICO
Mujeres,Canarias,"TEXTIL, CONFECCIÓN Y PIEL",50.0,BASICO
Mujeres,Canarias,TRANSPORTE Y MANTENIMIENTO DE VEHÍCULOS,46.7,BASICO
Mujeres,Canarias,VIDRIO Y CERÁMICA,,BASICO
Mujeres,Cantabria,ACTIVIDADES FÍSICAS Y DEPORTIVAS,,BASICO
Mujeres,Cantabria,ADMINISTRACIÓN Y GESTIÓN,96.1,BASICO
Mujeres,Cantabria,AGRARIA,79.4,BASICO
Mujeres,Cantabria,ARTES GRÁFICAS,100.0,BASICO
Mujeres,Cantabria,ARTES Y ARTESANÍAS,,BASICO
Mujeres,Cantabria,COMERCIO Y MARKETING,68.9,BASICO
Mujeres,Cantabria,EDIFICACIÓN Y OBRA CIVIL,,BASICO
Mujeres,Cantabria,ELECTRICIDAD Y ELECTRÓNICA,53.8,BASICO
Mujeres,Cantabria,ENERGÍA Y AGUA,,BASICO
Mujeres,Cantabria,FABRICACIÓN MECÁNICA,,BASICO
Mujeres,Cantabria,HOSTELERÍA Y TURISMO,84.0,BASICO
Mujeres,Cantabria,IMAGEN PERSONAL,81.9,BASICO
Mujeres,Cantabria,IMAGEN Y SONIDO,,BASICO
Mujeres,Cantabria,INDUSTRIAS ALIMENTARIAS,70.0,BASICO
Mujeres,Cantabria,INDUSTRIAS EXTRACTIVAS,,BASICO
Mujeres,Cantabria,INFORMÁTICA Y COMUNICACIONES,92.2,BASICO
Mujeres,Cantabria,INSTALACIÓN Y MANTENIMIENTO,,BASICO
Mujeres,Cantabria,"MADERA, MUEBLE Y CORCHO",80.0,BASICO
Mujeres,Cantabria,MARÍTIMO-PESQUERA,,BASICO
Mujeres,Cantabria,QUÍMICA,,BASICO
Mujeres,Cantabria,SANIDAD,,BASICO
Mujeres,Cantabria,SEGURIDAD Y MEDIO AMBIENTE,,BASICO
Mujeres,Cantabria,SERVICIOS SOCIOCULTURALES Y A LA COMUNIDAD,,BASICO
Mujeres,Cantabria,"TEXTIL, CONFECCIÓN Y PIEL",92.9,BASICO
Mujeres,Cantabria,TRANSPORTE Y MANTENIMIENTO DE VEHÍCULOS,60.9,BASICO
Mujeres,Cantabria,VIDRIO Y CERÁMICA,,BASICO
Mujeres,Castilla y León,ACTIVIDADES FÍSICAS Y DEPORTIVAS,,BASICO
Mujeres,Castilla y León,ADMINISTRACIÓN Y GESTIÓN,69.3,BASICO
Mujeres,Castilla y León,AGRARIA,64.6,BASICO
Mujeres,Castilla y León,ARTES GRÁFICAS,,BASICO
Mujeres,Castilla y León,ARTES Y ARTESANÍAS,,BASICO
Mujeres,Castilla y León,COMERCIO Y MARKETING,70.5,BASICO
Mujeres,Castilla y León,EDIFICACIÓN Y OBRA CIVIL,50.0,BASICO
Mujeres,Castilla y León,ELECTRICIDAD Y ELECTRÓNICA,69.8,BASICO
Mujeres,Castilla y León,ENERGÍA Y AGUA,,BASICO
Mujeres,Castilla y León,FABRICACIÓN MECÁNICA,55.9,BASICO
Mujeres,Castilla y León,HOSTELERÍA Y TURISMO,64.0,BASICO
Mujeres,Castilla y León,IMAGEN PERSONAL,64.9,BASICO
Mujeres,Castilla y León,IMAGEN Y SONIDO,,BASICO
Mujeres,Castilla y León,INDUSTRIAS ALIMENTARIAS,26.3,BASICO
Mujeres,Castilla y León,INDUSTRIAS EXTRACTIVAS,,BASICO
Mujeres,Castilla y León,INFORMÁTICA Y COMUNICACIONES,61.8,BASICO
Mujeres,Castilla y León,INSTALACIÓN Y MANTENIMIENTO,,BASICO
Mujeres,Castilla y León,"MADERA, MUEBLE Y CORCHO",75.0,BASICO
Mujeres,Castilla y León,MARÍTIMO-PESQUERA,,BASICO
Mujeres,Castilla y León,QUÍMICA,,BASICO
Mujeres,Castilla y León,SANIDAD,,BASICO
Mujeres,Castilla y León,SEGURIDAD Y MEDIO AMBIENTE,,BASICO
Mujeres,Castilla y León,SERVICIOS SOCIOCULTURALES Y A LA COMUNIDAD,,BASICO
Mujeres,Castilla y León,"TEXTIL, CONFECCIÓN Y PIEL",71.4,BASICO
Mujeres,Castilla y León,TRANSPORTE Y MANTENIMIENTO DE VEHÍCULOS,70.8,BASICO
Mujeres,Castilla y León,VIDRIO Y CERÁMICA,,BASICO
Mujeres,Castilla La Mancha,ACTIVIDADES FÍSICAS Y DEPORTIVAS,90.6,BASICO
Mujeres,Castilla La Mancha,ADMINISTRACIÓN Y GESTIÓN,76.8,BASICO
Mujeres,Castilla La Mancha,AGRARIA,69.4,BASICO
Mujeres,Castilla La Mancha,ARTES GRÁFICAS,69.4,BASICO
Mujeres,Castilla La Mancha,ARTES Y ARTESANÍAS,,BASICO
Mujeres,Castilla La Mancha,COMERCIO Y MARKETING,74.8,BASICO
Mujeres,Castilla La Mancha,EDIFICACIÓN Y OBRA CIVIL,,BASICO
Mujeres,Castilla La Mancha,ELECTRICIDAD Y ELECTRÓNICA,53.2,BASICO
Mujeres,Castilla La Mancha,ENERGÍA Y AGUA,,BASICO
Mujeres,Castilla La Mancha,FABRICACIÓN MECÁNICA,77.8,BASICO
Mujeres,Castilla La Mancha,HOSTELERÍA Y TURISMO,73.5,BASICO
Mujeres,Castilla La Mancha,IMAGEN PERSONAL,78.7,BASICO
Mujeres,Castilla La Mancha,IMAGEN Y SONIDO,,BASICO
Mujeres,Castilla La Mancha,INDUSTRIAS ALIMENTARIAS,82.6,BASICO
Mujeres,Castilla La Mancha,INDUSTRIAS EXTRACTIVAS,,BASICO
Mujeres,Castilla La Mancha,INFORMÁTICA Y COMUNICACIONES,71.0,BASICO
Mujeres,Castilla La Mancha,INSTALACIÓN Y MANTENIMIENTO,50.0,BASICO
Mujeres,Castilla La Mancha,"MADERA, MUEBLE Y CORCHO",0.0,BASICO
Mujeres,Castilla La Mancha,MARÍTIMO-PESQUERA,,BASICO
Mujeres,Castilla La Mancha,QUÍMICA,,BASICO
Mujeres,Castilla La Mancha,SANIDAD,,BASICO
Mujeres,Castilla La Mancha,SEGURIDAD Y MEDIO AMBIENTE,,BASICO
Mujeres,Castilla La Mancha,SERVICIOS SOCIOCULTURALES Y A LA COMUNIDAD,,BASICO
Mujeres,Castilla La Mancha,"TEXTIL, CONFECCIÓN Y PIEL",72.3,BASICO
Mujeres,Castilla La Mancha,TRANSPORTE Y MANTENIMIENTO DE VEHÍCULOS,65.5,BASICO
Mujeres,Castilla La Mancha,VIDRIO Y CERÁMICA,,BASICO
Mujeres,Comunitat Valenciana,ACTIVIDADES FÍSICAS Y DEPORTIVAS,100.0,BASICO
Mujeres,Comunitat Valenciana,ADMINISTRACIÓN Y GESTIÓN,80.7,BASICO
Mujeres,Comunitat Valenciana,AGRARIA,78.6,BASICO
Mujeres,Comunitat Valenciana,ARTES GRÁFICAS,77.1,BASICO
Mujeres,Comunitat Valenciana,ARTES Y ARTESANÍAS,,BASICO
Mujeres,Comunitat Valenciana,COMERCIO Y MARKETING,80.6,BASICO
Mujeres,Comunitat Valenciana,EDIFICACIÓN Y OBRA CIVIL,42.2,BASICO
Mujeres,Comunitat Valenciana,ELECTRICIDAD Y ELECTRÓNICA,73.5,BASICO
Mujeres,Comunitat Valenciana,ENERGÍA Y AGUA,,BASICO
Mujeres,Comunitat Valenciana,FABRICACIÓN MECÁNICA,84.1,BASICO
Mujeres,Comunitat Valenciana,HOSTELERÍA Y TURISMO,79.1,BASICO
Mujeres,Comunitat Valenciana,IMAGEN PERSONAL,77.9,BASICO
Mujeres,Comunitat Valenciana,IMAGEN Y SONIDO,,BASICO
Mujeres,Comunitat Valenciana,INDUSTRIAS ALIMENTARIAS,85.9,BASICO
Mujeres,Comunitat Valenciana,INDUSTRIAS EXTRACTIVAS,,BASICO
Mujeres,Comunitat Valenciana,INFORMÁTICA Y COMUNICACIONES,80.6,BASICO
Mujeres,Comunitat Valenciana,INSTALACIÓN Y MANTENIMIENTO,100.0,BASICO
Mujeres,Comunitat Valenciana,"MADERA, MUEBLE Y CORCHO",95.0,BASICO
Mujeres,Comunitat Valenciana,MARÍTIMO-PESQUERA,71.4,BASICO
Mujeres,Comunitat Valenciana,QUÍMICA,,BASICO
Mujeres,Comunitat Valenciana,SANIDAD,,BASICO
Mujeres,Comunitat Valenciana,SEGURIDAD Y MEDIO AMBIENTE,,BASICO
Mujeres,Comunitat Valenciana,SERVICIOS SOCIOCULTURALES Y A LA COMUNIDAD,58.9,BASICO
Mujeres,Comunitat Valenciana,"TEXTIL, CONFECCIÓN Y PIEL",83.6,BASICO
Mujeres,Comunitat Valenciana,TRANSPORTE Y MANTENIMIENTO DE VEHÍCULOS,67.8,BASICO
Mujeres,Comunitat Valenciana,VIDRIO Y CERÁMICA,83.2,BASICO
Mujeres,Extremadura,ACTIVIDADES FÍSICAS Y DEPORTIVAS,,BASICO
Mujeres,Extremadura,ADMINISTRACIÓN Y GESTIÓN,76.6,BASICO
Mujeres,Extremadura,AGRARIA,76.3,BASICO
Mujeres,Extremadura,ARTES GRÁFICAS,69.2,BASICO
Mujeres,Extremadura,ARTES Y ARTESANÍAS,,BASICO
Mujeres,Extremadura,COMERCIO Y MARKETING,72.3,BASICO
Mujeres,Extremadura,EDIFICACIÓN Y OBRA CIVIL,100.0,BASICO
Mujeres,Extremadura,ELECTRICIDAD Y ELECTRÓNICA,57.5,BASICO
Mujeres,Extremadura,ENERGÍA Y AGUA,,BASICO
Mujeres,Extremadura,FABRICACIÓN MECÁNICA,100.0,BASICO
Mujeres,Extremadura,HOSTELERÍA Y TURISMO,68.5,BASICO
Mujeres,Extremadura,IMAGEN PERSONAL,69.0,BASICO
Mujeres,Extremadura,IMAGEN Y SONIDO,,BASICO
Mujeres,Extremadura,INDUSTRIAS ALIMENTARIAS,67.3,BASICO
Mujeres,Extremadura,INDUSTRIAS EXTRACTIVAS,,BASICO
Mujeres,Extremadura,INFORMÁTICA Y COMUNICACIONES,53.1,BASICO
Mujeres,Extremadura,INSTALACIÓN Y MANTENIMIENTO,,BASICO
Mujeres,Extremadura,"MADERA, MUEBLE Y CORCHO",40.7,BASICO
Mujeres,Extremadura,MARÍTIMO-PESQUERA,,BASICO
Mujeres,Extremadura,QUÍMICA,,BASICO
Mujeres,Extremadura,SANIDAD,,BASICO
Mujeres,Extremadura,SEGURIDAD Y MEDIO AMBIENTE,,BASICO
Mujeres,Extremadura,SERVICIOS SOCIOCULTURALES Y A LA COMUNIDAD,97.3,BASICO
Mujeres,Extremadura,"TEXTIL, CONFECCIÓN Y PIEL",,BASICO
Mujeres,Extremadura,TRANSPORTE Y MANTENIMIENTO DE VEHÍCULOS,100.0,BASICO
Mujeres,Extremadura,VIDRIO Y CERÁMICA,,BASICO
Mujeres,Galicia,ACTIVIDADES FÍSICAS Y DEPORTIVAS,,BASICO
Mujeres,Galicia,ADMINISTRACIÓN Y GESTIÓN,81.6,BASICO
Mujeres,Galicia,AGRARIA,85.6,BASICO
Mujeres,Galicia,ARTES GRÁFICAS,85.6,BASICO
Mujeres,Galicia,ARTES Y ARTESANÍAS,,BASICO
Mujeres,Galicia,COMERCIO Y MARKETING,83.7,BASICO
Mujeres,Galicia,EDIFICACIÓN Y OBRA CIVIL,81.8,BASICO
Mujeres,Galicia,ELECTRICIDAD Y ELECTRÓNICA,86.4,BASICO
Mujeres,Galicia,ENERGÍA Y AGUA,,BASICO
Mujeres,Galicia,FABRICACIÓN MECÁNICA,87.5,BASICO
Mujeres,Galicia,HOSTELERÍA Y TURISMO,81.5,BASICO
Mujeres,Galicia,IMAGEN PERSONAL,69.2,BASICO
Mujeres,Galicia,IMAGEN Y SONIDO,,BASICO
Mujeres,Galicia,INDUSTRIAS ALIMENTARIAS,90.8,BASICO
Mujeres,Galicia,INDUSTRIAS EXTRACTIVAS,,BASICO
Mujeres,Galicia,INFORMÁTICA Y COMUNICACIONES,82.5,BASICO
Mujeres,Galicia,INSTALACIÓN Y MANTENIMIENTO,50.0,BASICO
Mujeres,Galicia,"MADERA, MUEBLE Y CORCHO",72.6,BASICO
Mujeres,Galicia,MARÍTIMO-PESQUERA,,BASICO
Mujeres,Galicia,QUÍMICA,,BASICO
Mujeres,Galicia,SANIDAD,,BASICO
Mujeres,Galicia,SEGURIDAD Y MEDIO AMBIENTE,,BASICO
Mujeres,Galicia,SERVICIOS SOCIOCULTURALES Y A LA COMUNIDAD,100.0,BASICO
Mujeres,Galicia,"TEXTIL, CONFECCIÓN Y PIEL",56.9,BASICO
Mujeres,Galicia,TRANSPORTE Y MANTENIMIENTO DE VEHÍCULOS,53.5,BASICO
Mujeres,Galicia,VIDRIO Y CERÁMICA,,BASICO
Mujeres,Comunidad de Madrid,ACTIVIDADES FÍSICAS Y DEPORTIVAS,,BASICO
Mujeres,Comunidad de Madrid,ADMINISTRACIÓN Y GESTIÓN,68.2,BASICO
Mujeres,Comunidad de Madrid,AGRARIA,66.7,BASICO
Mujeres,Comunidad de Madrid,ARTES GRÁFICAS,65.6,BASICO
Mujeres,Comunidad de Madrid,ARTES Y ARTESANÍAS,,BASICO
Mujeres,Comunidad de Madrid,COMERCIO Y MARKETING,69.9,BASICO
Mujeres,Comunidad de Madrid,EDIFICACIÓN Y OBRA CIVIL,,BASICO
Mujeres,Comunidad de Madrid,ELECTRICIDAD Y ELECTRÓNICA,50.3,BASICO
Mujeres,Comunidad de Madrid,ENERGÍA Y AGUA,,BASICO
Mujeres,Comunidad de Madrid,FABRICACIÓN MECÁNICA,55.8,BASICO
Mujeres,Comunidad de Madrid,HOSTELERÍA Y TURISMO,71.1,BASICO
Mujeres,Comunidad de Madrid,IMAGEN PERSONAL,65.7,BASICO
Mujeres,Comunidad de Madrid,IMAGEN Y SONIDO,,BASICO
Mujeres,Comunidad de Madrid,INDUSTRIAS ALIMENTARIAS,,BASICO
Mujeres,Comunidad de Madrid,INDUSTRIAS EXTRACTIVAS,,BASICO
Mujeres,Comunidad de Madrid,INFORMÁTICA Y COMUNICACIONES,65.1,BASICO
Mujeres,Comunidad de Madrid,INSTALACIÓN Y MANTENIMIENTO,,BASICO
Mujeres,Comunidad de Madrid,"MADERA, MUEBLE Y CORCHO",76.0,BASICO
Mujeres,Comunidad de Madrid,MARÍTIMO-PESQUERA,,BASICO
Mujeres,Comunidad de Madrid,QUÍMICA,,BASICO
Mujeres,Comunidad de Madrid,SANIDAD,,BASICO
Mujeres,Comunidad de Madrid,SEGURIDAD Y MEDIO AMBIENTE,,BASICO
Mujeres,Comunidad de Madrid,SERVICIOS SOCIOCULTURALES Y A LA COMUNIDAD,,BASICO
Mujeres,Comunidad de Madrid,"TEXTIL, CONFECCIÓN Y PIEL",,BASICO
Mujeres,Comunidad de Madrid,TRANSPORTE Y MANTENIMIENTO DE VEHÍCULOS,50.4,BASICO
Mujeres,Comunidad de Madrid,VIDRIO Y CERÁMICA,,BASICO
Mujeres,Región de Murcia,ACTIVIDADES FÍSICAS Y DEPORTIVAS,,BASICO
Mujeres,Región de Murcia,ADMINISTRACIÓN Y GESTIÓN,71.4,BASICO
Mujeres,Región de Murcia,AGRARIA,77.2,BASICO
Mujeres,Región de Murcia,ARTES GRÁFICAS,85.1,BASICO
Mujeres,Región de Murcia,ARTES Y ARTESANÍAS,,BASICO
Mujeres,Región de Murcia,COMERCIO Y MARKETING,80.2,BASICO
Mujeres,Región de Murcia,EDIFICACIÓN Y OBRA CIVIL,,BASICO
Mujeres,Región de Murcia,ELECTRICIDAD Y ELECTRÓNICA,67.3,BASICO
Mujeres,Región de Murcia,ENERGÍA Y AGUA,,BASICO
Mujeres,Región de Murcia,FABRICACIÓN MECÁNICA,75.0,BASICO
Mujeres,Región de Murcia,HOSTELERÍA Y TURISMO,67.0,BASICO
Mujeres,Región de Murcia,IMAGEN PERSONAL,80.7,BASICO
Mujeres,Región de Murcia,IMAGEN Y SONIDO,,BASICO
Mujeres,Región de Murcia,INDUSTRIAS ALIMENTARIAS,88.6,BASICO
Mujeres,Región de Murcia,INDUSTRIAS EXTRACTIVAS,,BASICO
Mujeres,Región de Murcia,INFORMÁTICA Y COMUNICACIONES,67.6,BASICO
Mujeres,Región de Murcia,INSTALACIÓN Y MANTENIMIENTO,0.0,BASICO
Mujeres,Región de Murcia,"MADERA, MUEBLE Y CORCHO",56.5,BASICO
Mujeres,Región de Murcia,MARÍTIMO-PESQUERA,,BASICO
Mujeres,Región de Murcia,QUÍMICA,,BASICO
Mujeres,Región de Murcia,SANIDAD,,BASICO
Mujeres,Región de Murcia,SEGURIDAD Y MEDIO AMBIENTE,,BASICO
Mujeres,Región de Murcia,SERVICIOS SOCIOCULTURALES Y A LA COMUNIDAD,,BASICO
Mujeres,Región de Murcia,"TEXTIL, CONFECCIÓN Y PIEL",35.7,BASICO
Mujeres,Región de Murcia,TRANSPORTE Y MANTENIMIENTO DE VEHÍCULOS,67.2,BASICO
Mujeres,Región de Murcia,VIDRIO Y CERÁMICA,,BASICO
Mujeres,Comunidad Foral de Navarra,ACTIVIDADES FÍSICAS Y DEPORTIVAS,,BASICO
Mujeres,Comunidad Foral de Navarra,ADMINISTRACIÓN Y GESTIÓN,92.9,BASICO
Mujeres,Comunidad Foral de Navarra,AGRARIA,70.2,BASICO
Mujeres,Comunidad Foral de Navarra,ARTES GRÁFICAS,73.7,BASICO
Mujeres,Comunidad Foral de Navarra,ARTES Y ARTESANÍAS,,BASICO
Mujeres,Comunidad Foral de Navarra,COMERCIO Y MARKETING,75.8,BASICO
Mujeres,Comunidad Foral de Navarra,EDIFICACIÓN Y OBRA CIVIL,100.0,BASICO
Mujeres,Comunidad Foral de Navarra,ELECTRICIDAD Y ELECTRÓNICA,76.5,BASICO
Mujeres,Comunidad Foral de Navarra,ENERGÍA Y AGUA,,BASICO
Mujeres,Comunidad Foral de Navarra,FABRICACIÓN MECÁNICA,70.0,BASICO
Mujeres,Comunidad Foral de Navarra,HOSTELERÍA Y TURISMO,95.4,BASICO
Mujeres,Comunidad Foral de Navarra,IMAGEN PERSONAL,85.9,BASICO
Mujeres,Comunidad Foral de Navarra,IMAGEN Y SONIDO,,BASICO
Mujeres,Comunidad Foral de Navarra,INDUSTRIAS ALIMENTARIAS,40.0,BASICO
Mujeres,Comunidad Foral de Navarra,INDUSTRIAS EXTRACTIVAS,,BASICO
Mujeres,Comunidad Foral de Navarra,INFORMÁTICA Y COMUNICACIONES,84.5,BASICO
Mujeres,Comunidad Foral de Navarra,INSTALACIÓN Y MANTENIMIENTO,,BASICO
Mujeres,Comunidad Foral de Navarra,"MADERA, MUEBLE Y CORCHO",100.0,BASICO
Mujeres,Comunidad Foral de Navarra,MARÍTIMO-PESQUERA,,BASICO
Mujeres,Comunidad Foral de Navarra,QUÍMICA,,BASICO
Mujeres,Comunidad Foral de Navarra,SANIDAD,,BASICO
Mujeres,Comunidad Foral de Navarra,SEGURIDAD Y MEDIO AMBIENTE,,BASICO
Mujeres,Comunidad Foral de Navarra,SERVICIOS SOCIOCULTURALES Y A LA COMUNIDAD,,BASICO
Mujeres,Comunidad Foral de Navarra,"TEXTIL, CONFECCIÓN Y PIEL",85.3,BASICO
Mujeres,Comunidad Foral de Navarra,TRANSPORTE Y MANTENIMIENTO DE VEHÍCULOS,,BASICO
Mujeres,Comunidad Foral de Navarra,VIDRIO Y CERÁMICA,,BASICO
Mujeres,País Vasco,ACTIVIDADES FÍSICAS Y DEPORTIVAS,,BASICO
Mujeres,País Vasco,ADMINISTRACIÓN Y GESTIÓN,96.8,BASICO
Mujeres,País Vasco,AGRARIA,83.8,BASICO
Mujeres,País Vasco,ARTES GRÁFICAS,95.3,BASICO
Mujeres,País Vasco,ARTES Y ARTESANÍAS,,BASICO
Mujeres,País Vasco,COMERCIO Y MARKETING,88.2,BASICO
Mujeres,País Vasco,EDIFICACIÓN Y OBRA CIVIL,,BASICO
Mujeres,País Vasco,ELECTRICIDAD Y ELECTRÓNICA,84.1,BASICO
Mujeres,País Vasco,ENERGÍA Y AGUA,,BASICO
Mujeres,País Vasco,FABRICACIÓN MECÁNICA,82.5,BASICO
Mujeres,País Vasco,HOSTELERÍA Y TURISMO,85.2,BASICO
Mujeres,País Vasco,IMAGEN PERSONAL,92.1,BASICO
Mujeres,País Vasco,IMAGEN Y SONIDO,,BASICO
Mujeres,País Vasco,INDUSTRIAS ALIMENTARIAS,0.0,BASICO
Mujeres,País Vasco,INDUSTRIAS EXTRACTIVAS,,BASICO
Mujeres,País Vasco,INFORMÁTICA Y COMUNICACIONES,89.5,BASICO
Mujeres,País Vasco,INSTALACIÓN Y MANTENIMIENTO,100.0,BASICO
Mujeres,País Vasco,"MADERA, MUEBLE Y CORCHO",91.7,BASICO
Mujeres,País Vasco,MARÍTIMO-PESQUERA,,BASICO
Mujeres,País Vasco,QUÍMICA,,BASICO
Mujeres,País Vasco,SANIDAD,,BASICO
Mujeres,País Vasco,SEGURIDAD Y MEDIO AMBIENTE,,BASICO
Mujeres,País Vasco,SERVICIOS SOCIOCULTURALES Y A LA COMUNIDAD,95.9,BASICO
Mujeres,País Vasco,"TEXTIL, CONFECCIÓN Y PIEL",49.3,BASICO
Mujeres,País Vasco,TRANSPORTE Y MANTENIMIENTO DE VEHÍCULOS,81.3,BASICO
Mujeres,País Vasco,VIDRIO Y CERÁMICA,,BASICO
Mujeres,La Rioja,ACTIVIDADES FÍSICAS Y DEPORTIVAS,50.0,BASICO
Mujeres,La Rioja,ADMINISTRACIÓN Y GESTIÓN,71.3,BASICO
Mujeres,La Rioja,AGRARIA,75.4,BASICO
Mujeres,La Rioja,ARTES GRÁFICAS,,BASICO
Mujeres,La Rioja,ARTES Y ARTESANÍAS,,BASICO
Mujeres,La Rioja,COMERCIO Y MARKETING,82.2,BASICO
Mujeres,La Rioja,EDIFICACIÓN Y OBRA CIVIL,,BASICO
Mujeres,La Rioja,ELECTRICIDAD Y ELECTRÓNICA,25.0,BASICO
Mujeres,La Rioja,ENERGÍA Y AGUA,,BASICO
Mujeres,La Rioja,FABRICACIÓN MECÁNICA,100.0,BASICO
Mujeres,La Rioja,HOSTELERÍA Y TURISMO,65.6,BASICO
Mujeres,La Rioja,IMAGEN PERSONAL,59.6,BASICO
Mujeres,La Rioja,IMAGEN Y SONIDO,,BASICO
Mujeres,La Rioja,INDUSTRIAS ALIMENTARIAS,,BASICO
Mujeres,La Rioja,INDUSTRIAS EXTRACTIVAS,,BASICO
Mujeres,La Rioja,INFORMÁTICA Y COMUNICACIONES,62.7,BASICO
Mujeres,La Rioja,INSTALACIÓN Y MANTENIMIENTO,,BASICO
Mujeres,La Rioja,"MADERA, MUEBLE Y CORCHO",,BASICO
Mujeres,La Rioja,MARÍTIMO-PESQUERA,,BASICO
Mujeres,La Rioja,QUÍMICA,,BASICO
Mujeres,La Rioja,SANIDAD,,BASICO
Mujeres,La Rioja,SEGURIDAD Y MEDIO AMBIENTE,,BASICO
Mujeres,La Rioja,SERVICIOS SOCIOCULTURALES Y A LA COMUNIDAD,87.5,BASICO
Mujeres,La Rioja,"TEXTIL, CONFECCIÓN Y PIEL",97.5,BASICO
Mujeres,La Rioja,TRANSPORTE Y MANTENIMIENTO DE VEHÍCULOS,100.0,BASICO
Mujeres,La Rioja,VIDRIO Y CERÁMICA,,BASICO
Mujeres,Ceuta,ACTIVIDADES FÍSICAS Y DEPORTIVAS,100.0,BASICO
Mujeres,Ceuta,ADMINISTRACIÓN Y GESTIÓN,0.0,BASICO
Mujeres,Ceuta,AGRARIA,68.6,BASICO
Mujeres,Ceuta,ARTES GRÁFICAS,,BASICO
Mujeres,Ceuta,ARTES Y ARTESANÍAS,,BASICO
Mujeres,Ceuta,COMERCIO Y MARKETING,71.7,BASICO
Mujeres,Ceuta,EDIFICACIÓN Y OBRA CIVIL,,BASICO
Mujeres,Ceuta,ELECTRICIDAD Y ELECTRÓNICA,100.0,BASICO
Mujeres,Ceuta,ENERGÍA Y AGUA,,BASICO
Mujeres,Ceuta,FABRICACIÓN MECÁNICA,,BASICO
Mujeres,Ceuta,HOSTELERÍA Y TURISMO,52.2,BASICO
Mujeres,Ceuta,IMAGEN PERSONAL,75.7,BASICO
Mujeres,Ceuta,IMAGEN Y SONIDO,,BASICO
Mujeres,Ceuta,INDUSTRIAS ALIMENTARIAS,,BASICO
Mujeres,Ceuta,INDUSTRIAS EXTRACTIVAS,,BASICO
Mujeres,Ceuta,INFORMÁTICA Y COMUNICACIONES,0.0,BASICO
Mujeres,Ceuta,INSTALACIÓN Y MANTENIMIENTO,,BASICO
Mujeres,Ceuta,"MADERA, MUEBLE Y CORCHO",,BASICO
Mujeres,Ceuta,MARÍTIMO-PESQUERA,,BASICO
Mujeres,Ceuta,QUÍMICA,,BASICO
Mujeres,Ceuta,SANIDAD,,BASICO
Mujeres,Ceuta,SEGURIDAD Y MEDIO AMBIENTE,,BASICO
Mujeres,Ceuta,SERVICIOS SOCIOCULTURALES Y A LA COMUNIDAD,,BASICO
Mujeres,Ceuta,"TEXTIL, CONFECCIÓN Y PIEL",,BASICO
Mujeres,Ceuta,TRANSPORTE Y MANTENIMIENTO DE VEHÍCULOS,,BASICO
Mujeres,Ceuta,VIDRIO Y CERÁMICA,,BASICO
Mujeres,Melilla,ACTIVIDADES FÍSICAS Y DEPORTIVAS,65.2,BASICO
Mujeres,Melilla,ADMINISTRACIÓN Y GESTIÓN,58.9,BASICO
Mujeres,Melilla,AGRARIA,,BASICO
Mujeres,Melilla,ARTES GRÁFICAS,92.3,BASICO
Mujeres,Melilla,ARTES Y ARTESANÍAS,,BASICO
Mujeres,Melilla,COMERCIO Y MARKETING,53.5,BASICO
Mujeres,Melilla,EDIFICACIÓN Y OBRA CIVIL,,BASICO
Mujeres,Melilla,ELECTRICIDAD Y ELECTRÓNICA,,BASICO
Mujeres,Melilla,ENERGÍA Y AGUA,,BASICO
Mujeres,Melilla,FABRICACIÓN MECÁNICA,,BASICO
Mujeres,Melilla,HOSTELERÍA Y TURISMO,56.5,BASICO
Mujeres,Melilla,IMAGEN PERSONAL,56.7,BASICO
Mujeres,Melilla,IMAGEN Y SONIDO,,BASICO
Mujeres,Melilla,INDUSTRIAS ALIMENTARIAS,,BASICO
Mujeres,Melilla,INDUSTRIAS EXTRACTIVAS,,BASICO
Mujeres,Melilla,INFORMÁTICA Y COMUNICACIONES,67.4,BASICO
Mujeres,Melilla,INSTALACIÓN Y MANTENIMIENTO,,BASICO
Mujeres,Melilla,"MADERA, MUEBLE Y CORCHO",100.0,BASICO
Mujeres,Melilla,MARÍTIMO-PESQUERA,,BASICO
Mujeres,Melilla,QUÍMICA,,BASICO
Mujeres,Melilla,SANIDAD,,BASICO
Mujeres,Melilla,SEGURIDAD Y MEDIO AMBIENTE,,BASICO
Mujeres,Melilla,SERVICIOS SOCIOCULTURALES Y A LA COMUNIDAD,,BASICO
Mujeres,Melilla,"TEXTIL, CONFECCIÓN Y PIEL",,BASICO
Mujeres,Melilla,TRANSPORTE Y MANTENIMIENTO DE VEHÍCULOS,,BASICO
Mujeres,Melilla,VIDRIO Y CERÁMICA,,BASICO
