Sexo;Comunidad autónoma (1);Familia profesional (2);Total
AMBOS SEXOS;TOTAL;ACTIVIDADES FÍSICAS Y DEPORTIVAS;92,2
AMBOS SEXOS;TOTAL;ADMINISTRACIÓN Y GESTIÓN;85,3
AMBOS SEXOS;TOTAL;AGRARIA;84,4
AMBOS SEXOS;TOTAL;ARTES GRÁFICAS;87,3
AMBOS SEXOS;TOTAL;ARTES Y ARTESANÍAS;78,8
AMBOS SEXOS;TOTAL;COMERCIO Y MARKETING;86,1
AMBOS SEXOS;TOTAL;EDIFICACIÓN Y OBRA CIVIL;77,2
AMBOS SEXOS;TOTAL;ELECTRICIDAD Y ELECTRÓNICA;82,0
AMBOS SEXOS;TOTAL;ENERGÍA Y AGUA;81,7
AMBOS SEXOS;TOTAL;FABRICACIÓN MECÁNICA;84,5
AMBOS SEXOS;TOTAL;HOSTELERÍA Y TURISMO;83,2
AMBOS SEXOS;TOTAL;IMAGEN PERSONAL;88,2
AMBOS SEXOS;TOTAL;IMAGEN Y SONIDO;89,5
AMBOS SEXOS;TOTAL;INDUSTRIAS ALIMENTARIAS;82,0
AMBOS SEXOS;TOTAL;INDUSTRIAS EXTRACTIVAS;.
AMBOS SEXOS;TOTAL;INFORMÁTICA Y COMUNICACIONES;81,5
AMBOS SEXOS;TOTAL;INSTALACIÓN Y MANTENIMIENTO;83,6
AMBOS SEXOS;TOTAL;MADERA, MUEBLE Y CORCHO;81,5
AMBOS SEXOS;TOTAL;MARÍTIMO-PESQUERA;88,8
AMBOS SEXOS;TOTAL;QUÍMICA;83,0
AMBOS SEXOS;TOTAL;SANIDAD;91,8
AMBOS SEXOS;TOTAL;SEGURIDAD Y MEDIO AMBIENTE;83,8
AMBOS SEXOS;TOTAL;SERVICIOS SOCIOCULTURALES Y A LA COMUNIDAD;90,6
AMBOS SEXOS;TOTAL;TEXTIL, CONFECCIÓN Y PIEL;86,4
AMBOS SEXOS;TOTAL;TRANSPORTE Y MANTENIMIENTO DE VEHÍCULOS;85,5
AMBOS SEXOS;TOTAL;VIDRIO Y CERÁMICA;67,7
AMBOS SEXOS;Andalucía;ACTIVIDADES FÍSICAS Y DEPORTIVAS;96,5
AMBOS SEXOS;Andalucía;ADMINISTRACIÓN Y GESTIÓN;88,6
AMBOS SEXOS;Andalucía;AGRARIA;87,5
AMBOS SEXOS;Andalucía;ARTES GRÁFICAS;89,5
AMBOS SEXOS;Andalucía;ARTES Y ARTESANÍAS;.
AMBOS SEXOS;Andalucía;COMERCIO Y MARKETING;90,4
AMBOS SEXOS;Andalucía;EDIFICACIÓN Y OBRA CIVIL;77,4
AMBOS SEXOS;Andalucía;ELECTRICIDAD Y ELECTRÓNICA;81,5
AMBOS SEXOS;Andalucía;ENERGÍA Y AGUA;83,9
AMBOS SEXOS;Andalucía;FABRICACIÓN MECÁNICA;82,1
AMBOS SEXOS;Andalucía;HOSTELERÍA Y TURISMO;86,2
AMBOS SEXOS;Andalucía;IMAGEN PERSONAL;92,4
AMBOS SEXOS;Andalucía;IMAGEN Y SONIDO;91,0
AMBOS SEXOS;Andalucía;INDUSTRIAS ALIMENTARIAS;83,4
AMBOS SEXOS;Andalucía;INDUSTRIAS EXTRACTIVAS;.
AMBOS SEXOS;Andalucía;INFORMÁTICA Y COMUNICACIONES;82,9
AMBOS SEXOS;Andalucía;INSTALACIÓN Y MANTENIMIENTO;81,5
AMBOS SEXOS;Andalucía;MADERA, MUEBLE Y CORCHO;83,3
AMBOS SEXOS;Andalucía;MARÍTIMO-PESQUERA;91,6
AMBOS SEXOS;Andalucía;QUÍMICA;85,0
AMBOS SEXOS;Andalucía;SANIDAD;97,4
AMBOS SEXOS;Andalucía;SEGURIDAD Y MEDIO AMBIENTE;89,4
AMBOS SEXOS;Andalucía;SERVICIOS SOCIOCULTURALES Y A LA COMUNIDAD;95,5
AMBOS SEXOS;Andalucía;TEXTIL, CONFECCIÓN Y PIEL;91,7
AMBOS SEXOS;Andalucía;TRANSPORTE Y MANTENIMIENTO DE VEHÍCULOS;88,7
AMBOS SEXOS;Andalucía;VIDRIO Y CERÁMICA;.
AMBOS SEXOS;Aragón;ACTIVIDADES FÍSICAS Y DEPORTIVAS;91,9
AMBOS SEXOS;Aragón;ADMINISTRACIÓN Y GESTIÓN;80,2
AMBOS SEXOS;Aragón;AGRARIA;81,3
AMBOS SEXOS;Aragón;ARTES GRÁFICAS;86,8
AMBOS SEXOS;Aragón;ARTES Y ARTESANÍAS;.
AMBOS SEXOS;Aragón;COMERCIO Y MARKETING;74,1
AMBOS SEXOS;Aragón;EDIFICACIÓN Y OBRA CIVIL;82,5
AMBOS SEXOS;Aragón;ELECTRICIDAD Y ELECTRÓNICA;84,1
AMBOS SEXOS;Aragón;ENERGÍA Y AGUA;89,1
AMBOS SEXOS;Aragón;FABRICACIÓN MECÁNICA;82,0
AMBOS SEXOS;Aragón;HOSTELERÍA Y TURISMO;79,2
AMBOS SEXOS;Aragón;IMAGEN PERSONAL;90,7
AMBOS SEXOS;Aragón;IMAGEN Y SONIDO;89,3
AMBOS SEXOS;Aragón;INDUSTRIAS ALIMENTARIAS;75,9
AMBOS SEXOS;Aragón;INDUSTRIAS EXTRACTIVAS;.
AMBOS SEXOS;Aragón;INFORMÁTICA Y COMUNICACIONES;81,1
AMBOS SEXOS;Aragón;INSTALACIÓN Y MANTENIMIENTO;87,6
AMBOS SEXOS;Aragón;MADERA, MUEBLE Y CORCHO;82,5
AMBOS SEXOS;Aragón;MARÍTIMO-PESQUERA;.
AMBOS SEXOS;Aragón;QUÍMICA;86,6
AMBOS SEXOS;Aragón;SANIDAD;83,9
AMBOS SEXOS;Aragón;SEGURIDAD Y MEDIO AMBIENTE;93,0
AMBOS SEXOS;Aragón;SERVICIOS SOCIOCULTURALES Y A LA COMUNIDAD;94,4
AMBOS SEXOS;Aragón;TEXTIL, CONFECCIÓN Y PIEL;92,7
AMBOS SEXOS;Aragón;TRANSPORTE Y MANTENIMIENTO DE VEHÍCULOS;86,3
AMBOS SEXOS;Aragón;VIDRIO Y CERÁMICA;.
AMBOS SEXOS;Asturias, Principado de;ACTIVIDADES FÍSICAS Y DEPORTIVAS;91,1
AMBOS SEXOS;Asturias, Principado de;ADMINISTRACIÓN Y GESTIÓN;81,4
AMBOS SEXOS;Asturias, Principado de;AGRARIA;85,7
AMBOS SEXOS;Asturias, Principado de;ARTES GRÁFICAS;65,9
AMBOS SEXOS;Asturias, Principado de;ARTES Y ARTESANÍAS;.
AMBOS SEXOS;Asturias, Principado de;COMERCIO Y MARKETING;81,9
AMBOS SEXOS;Asturias, Principado de;EDIFICACIÓN Y OBRA CIVIL;68,3
AMBOS SEXOS;Asturias, Principado de;ELECTRICIDAD Y ELECTRÓNICA;75,1
AMBOS SEXOS;Asturias, Principado de;ENERGÍA Y AGUA;80,0
AMBOS SEXOS;Asturias, Principado de;FABRICACIÓN MECÁNICA;71,3
AMBOS SEXOS;Asturias, Principado de;HOSTELERÍA Y TURISMO;79,5
AMBOS SEXOS;Asturias, Principado de;IMAGEN PERSONAL;82,4
AMBOS SEXOS;Asturias, Principado de;IMAGEN Y SONIDO;80,5
AMBOS SEXOS;Asturias, Principado de;INDUSTRIAS ALIMENTARIAS;85,0
AMBOS SEXOS;Asturias, Principado de;INDUSTRIAS EXTRACTIVAS;.
AMBOS SEXOS;Asturias, Principado de;INFORMÁTICA Y COMUNICACIONES;77,9
AMBOS SEXOS;Asturias, Principado de;INSTALACIÓN Y MANTENIMIENTO;77,8
AMBOS SEXOS;Asturias, Principado de;MADERA, MUEBLE Y CORCHO;.
AMBOS SEXOS;Asturias, Principado de;MARÍTIMO-PESQUERA;79,6
AMBOS SEXOS;Asturias, Principado de;QUÍMICA;80,7
AMBOS SEXOS;Asturias, Principado de;SANIDAD;92,9
AMBOS SEXOS;Asturias, Principado de;SEGURIDAD Y MEDIO AMBIENTE;86,2
AMBOS SEXOS;Asturias, Principado de;SERVICIOS SOCIOCULTURALES Y A LA COMUNIDAD;84,5
AMBOS SEXOS;Asturias, Principado de;TEXTIL, CONFECCIÓN Y PIEL;.
AMBOS SEXOS;Asturias, Principado de;TRANSPORTE Y MANTENIMIENTO DE VEHÍCULOS;78,1
AMBOS SEXOS;Asturias, Principado de;VIDRIO Y CERÁMICA;.
AMBOS SEXOS;Balears, Illes;ACTIVIDADES FÍSICAS Y DEPORTIVAS;94,3
AMBOS SEXOS;Balears, Illes;ADMINISTRACIÓN Y GESTIÓN;91,3
AMBOS SEXOS;Balears, Illes;AGRARIA;92,7
AMBOS SEXOS;Balears, Illes;ARTES GRÁFICAS;98,6
AMBOS SEXOS;Balears, Illes;ARTES Y ARTESANÍAS;.
AMBOS SEXOS;Balears, Illes;COMERCIO Y MARKETING;96,2
AMBOS SEXOS;Balears, Illes;EDIFICACIÓN Y OBRA CIVIL;87,0
AMBOS SEXOS;Balears, Illes;ELECTRICIDAD Y ELECTRÓNICA;85,6
AMBOS SEXOS;Balears, Illes;ENERGÍA Y AGUA;97,3
AMBOS SEXOS;Balears, Illes;FABRICACIÓN MECÁNICA;.
AMBOS SEXOS;Balears, Illes;HOSTELERÍA Y TURISMO;92,8
AMBOS SEXOS;Balears, Illes;IMAGEN PERSONAL;93,3
AMBOS SEXOS;Balears, Illes;IMAGEN Y SONIDO;94,5
AMBOS SEXOS;Balears, Illes;INDUSTRIAS ALIMENTARIAS;87,2
AMBOS SEXOS;Balears, Illes;INDUSTRIAS EXTRACTIVAS;.
AMBOS SEXOS;Balears, Illes;INFORMÁTICA Y COMUNICACIONES;90,4
AMBOS SEXOS;Balears, Illes;INSTALACIÓN Y MANTENIMIENTO;91,3
AMBOS SEXOS;Balears, Illes;MADERA, MUEBLE Y CORCHO;99,1
AMBOS SEXOS;Balears, Illes;MARÍTIMO-PESQUERA;91,5
AMBOS SEXOS;Balears, Illes;QUÍMICA;86,5
AMBOS SEXOS;Balears, Illes;SANIDAD;90,4
AMBOS SEXOS;Balears, Illes;SEGURIDAD Y MEDIO AMBIENTE;.
AMBOS SEXOS;Balears, Illes;SERVICIOS SOCIOCULTURALES Y A LA COMUNIDAD;95,7
AMBOS SEXOS;Balears, Illes;TEXTIL, CONFECCIÓN Y PIEL;.
AMBOS SEXOS;Balears, Illes;TRANSPORTE Y MANTENIMIENTO DE VEHÍCULOS;90,9
AMBOS SEXOS;Balears, Illes;VIDRIO Y CERÁMICA;.
AMBOS SEXOS;Canarias;ACTIVIDADES FÍSICAS Y DEPORTIVAS;88,5
AMBOS SEXOS;Canarias;ADMINISTRACIÓN Y GESTIÓN;88,0
AMBOS SEXOS;Canarias;AGRARIA;82,4
AMBOS SEXOS;Canarias;ARTES GRÁFICAS;79,4
AMBOS SEXOS;Canarias;ARTES Y ARTESANÍAS;.
AMBOS SEXOS;Canarias;COMERCIO Y MARKETING;91,5
AMBOS SEXOS;Canarias;EDIFICACIÓN Y OBRA CIVIL;83,4
AMBOS SEXOS;Canarias;ELECTRICIDAD Y ELECTRÓNICA;85,2
AMBOS SEXOS;Canarias;ENERGÍA Y AGUA;87,8
AMBOS SEXOS;Canarias;FABRICACIÓN MECÁNICA;75,1
AMBOS SEXOS;Canarias;HOSTELERÍA Y TURISMO;86,0
AMBOS SEXOS;Canarias;IMAGEN PERSONAL;93,2
AMBOS SEXOS;Canarias;IMAGEN Y SONIDO;89,6
AMBOS SEXOS;Canarias;INDUSTRIAS ALIMENTARIAS;83,9
AMBOS SEXOS;Canarias;INDUSTRIAS EXTRACTIVAS;.
AMBOS SEXOS;Canarias;INFORMÁTICA Y COMUNICACIONES;77,3
AMBOS SEXOS;Canarias;INSTALACIÓN Y MANTENIMIENTO;81,3
AMBOS SEXOS;Canarias;MADERA, MUEBLE Y CORCHO;80,7
AMBOS SEXOS;Canarias;MARÍTIMO-PESQUERA;89,2
AMBOS SEXOS;Canarias;QUÍMICA;89,8
AMBOS SEXOS;Canarias;SANIDAD;95,1
AMBOS SEXOS;Canarias;SEGURIDAD Y MEDIO AMBIENTE;87,4
AMBOS SEXOS;Canarias;SERVICIOS SOCIOCULTURALES Y A LA COMUNIDAD;93,7
AMBOS SEXOS;Canarias;TEXTIL, CONFECCIÓN Y PIEL;89,3
AMBOS SEXOS;Canarias;TRANSPORTE Y MANTENIMIENTO DE VEHÍCULOS;86,5
AMBOS SEXOS;Canarias;VIDRIO Y CERÁMICA;.
AMBOS SEXOS;Cantabria;ACTIVIDADES FÍSICAS Y DEPORTIVAS;94,9
AMBOS SEXOS;Cantabria;ADMINISTRACIÓN Y GESTIÓN;95,3
AMBOS SEXOS;Cantabria;AGRARIA;84,7
AMBOS SEXOS;Cantabria;ARTES GRÁFICAS;94,3
AMBOS SEXOS;Cantabria;ARTES Y ARTESANÍAS;.
AMBOS SEXOS;Cantabria;COMERCIO Y MARKETING;94,8
AMBOS SEXOS;Cantabria;EDIFICACIÓN Y OBRA CIVIL;91,1
AMBOS SEXOS;Cantabria;ELECTRICIDAD Y ELECTRÓNICA;85,5
AMBOS SEXOS;Cantabria;ENERGÍA Y AGUA;94,8
AMBOS SEXOS;Cantabria;FABRICACIÓN MECÁNICA;89,8
AMBOS SEXOS;Cantabria;HOSTELERÍA Y TURISMO;90,4
AMBOS SEXOS;Cantabria;IMAGEN PERSONAL;91,2
AMBOS SEXOS;Cantabria;IMAGEN Y SONIDO;89,9
AMBOS SEXOS;Cantabria;INDUSTRIAS ALIMENTARIAS;85,1
AMBOS SEXOS;Cantabria;INDUSTRIAS EXTRACTIVAS;.
AMBOS SEXOS;Cantabria;INFORMÁTICA Y COMUNICACIONES;87,3
AMBOS SEXOS;Cantabria;INSTALACIÓN Y MANTENIMIENTO;93,8
AMBOS SEXOS;Cantabria;MADERA, MUEBLE Y CORCHO;93,3
AMBOS SEXOS;Cantabria;MARÍTIMO-PESQUERA;.
AMBOS SEXOS;Cantabria;QUÍMICA;97,6
AMBOS SEXOS;Cantabria;SANIDAD;96,4
AMBOS SEXOS;Cantabria;SEGURIDAD Y MEDIO AMBIENTE;93,9
AMBOS SEXOS;Cantabria;SERVICIOS SOCIOCULTURALES Y A LA COMUNIDAD;96,5
AMBOS SEXOS;Cantabria;TEXTIL, CONFECCIÓN Y PIEL;.
AMBOS SEXOS;Cantabria;TRANSPORTE Y MANTENIMIENTO DE VEHÍCULOS;87,9
AMBOS SEXOS;Cantabria;VIDRIO Y CERÁMICA;.
AMBOS SEXOS;Castilla y León;ACTIVIDADES FÍSICAS Y DEPORTIVAS;86,2
AMBOS SEXOS;Castilla y León;ADMINISTRACIÓN Y GESTIÓN;83,2
AMBOS SEXOS;Castilla y León;AGRARIA;86,5
AMBOS SEXOS;Castilla y León;ARTES GRÁFICAS;78,9
AMBOS SEXOS;Castilla y León;ARTES Y ARTESANÍAS;.
AMBOS SEXOS;Castilla y León;COMERCIO Y MARKETING;78,6
AMBOS SEXOS;Castilla y León;EDIFICACIÓN Y OBRA CIVIL;63,5
AMBOS SEXOS;Castilla y León;ELECTRICIDAD Y ELECTRÓNICA;77,5
AMBOS SEXOS;Castilla y León;ENERGÍA Y AGUA;85,8
AMBOS SEXOS;Castilla y León;FABRICACIÓN MECÁNICA;76,9
AMBOS SEXOS;Castilla y León;HOSTELERÍA Y TURISMO;76,9
AMBOS SEXOS;Castilla y León;IMAGEN PERSONAL;85,2
AMBOS SEXOS;Castilla y León;IMAGEN Y SONIDO;84,2
AMBOS SEXOS;Castilla y León;INDUSTRIAS ALIMENTARIAS;79,1
AMBOS SEXOS;Castilla y León;INDUSTRIAS EXTRACTIVAS;.
AMBOS SEXOS;Castilla y León;INFORMÁTICA Y COMUNICACIONES;77,7
AMBOS SEXOS;Castilla y León;INSTALACIÓN Y MANTENIMIENTO;85,8
AMBOS SEXOS;Castilla y León;MADERA, MUEBLE Y CORCHO;74,3
AMBOS SEXOS;Castilla y León;MARÍTIMO-PESQUERA;.
AMBOS SEXOS;Castilla y León;QUÍMICA;77,5
AMBOS SEXOS;Castilla y León;SANIDAD;84,3
AMBOS SEXOS;Castilla y León;SEGURIDAD Y MEDIO AMBIENTE;76,7
AMBOS SEXOS;Castilla y León;SERVICIOS SOCIOCULTURALES Y A LA COMUNIDAD;89,5
AMBOS SEXOS;Castilla y León;TEXTIL, CONFECCIÓN Y PIEL;90,5
AMBOS SEXOS;Castilla y León;TRANSPORTE Y MANTENIMIENTO DE VEHÍCULOS;90,5
AMBOS SEXOS;Castilla y León;VIDRIO Y CERÁMICA;.
AMBOS SEXOS;Castilla.La Mancha;ACTIVIDADES FÍSICAS Y DEPORTIVAS;97,7
AMBOS SEXOS;Castilla.La Mancha;ADMINISTRACIÓN Y GESTIÓN;97,3
AMBOS SEXOS;Castilla.La Mancha;AGRARIA;97,4
AMBOS SEXOS;Castilla.La Mancha;ARTES GRÁFICAS;.
AMBOS SEXOS;Castilla.La Mancha;ARTES Y ARTESANÍAS;.
AMBOS SEXOS;Castilla.La Mancha;COMERCIO Y MARKETING;98,2
AMBOS SEXOS;Castilla.La Mancha;EDIFICACIÓN Y OBRA CIVIL;95,3
AMBOS SEXOS;Castilla.La Mancha;ELECTRICIDAD Y ELECTRÓNICA;97,3
AMBOS SEXOS;Castilla.La Mancha;ENERGÍA Y AGUA;98,7
AMBOS SEXOS;Castilla.La Mancha;FABRICACIÓN MECÁNICA;98,7
AMBOS SEXOS;Castilla.La Mancha;HOSTELERÍA Y TURISMO;97,9
AMBOS SEXOS;Castilla.La Mancha;IMAGEN PERSONAL;98,6
AMBOS SEXOS;Castilla.La Mancha;IMAGEN Y SONIDO;93,3
AMBOS SEXOS;Castilla.La Mancha;INDUSTRIAS ALIMENTARIAS;97,5
AMBOS SEXOS;Castilla.La Mancha;INDUSTRIAS EXTRACTIVAS;.
AMBOS SEXOS;Castilla.La Mancha;INFORMÁTICA Y COMUNICACIONES;96,8
AMBOS SEXOS;Castilla.La Mancha;INSTALACIÓN Y MANTENIMIENTO;98,5
AMBOS SEXOS;Castilla.La Mancha;MADERA, MUEBLE Y CORCHO;86,6
AMBOS SEXOS;Castilla.La Mancha;MARÍTIMO-PESQUERA;.
AMBOS SEXOS;Castilla.La Mancha;QUÍMICA;98,5
AMBOS SEXOS;Castilla.La Mancha;SANIDAD;98,4
AMBOS SEXOS;Castilla.La Mancha;SEGURIDAD Y MEDIO AMBIENTE;98,1
AMBOS SEXOS;Castilla.La Mancha;SERVICIOS SOCIOCULTURALES Y A LA COMUNIDAD;97,6
AMBOS SEXOS;Castilla.La Mancha;TEXTIL, CONFECCIÓN Y PIEL;95,9
AMBOS SEXOS;Castilla.La Mancha;TRANSPORTE Y MANTENIMIENTO DE VEHÍCULOS;96,9
AMBOS SEXOS;Castilla.La Mancha;VIDRIO Y CERÁMICA;.
AMBOS SEXOS;Cataluña;ACTIVIDADES FÍSICAS Y DEPORTIVAS;..
AMBOS SEXOS;Cataluña;ADMINISTRACIÓN Y GESTIÓN;..
AMBOS SEXOS;Cataluña;AGRARIA;..
AMBOS SEXOS;Cataluña;ARTES GRÁFICAS;..
AMBOS SEXOS;Cataluña;ARTES Y ARTESANÍAS;..
AMBOS SEXOS;Cataluña;COMERCIO Y MARKETING;..
AMBOS SEXOS;Cataluña;EDIFICACIÓN Y OBRA CIVIL;..
AMBOS SEXOS;Cataluña;ELECTRICIDAD Y ELECTRÓNICA;..
AMBOS SEXOS;Cataluña;ENERGÍA Y AGUA;..
AMBOS SEXOS;Cataluña;FABRICACIÓN MECÁNICA;..
AMBOS SEXOS;Cataluña;HOSTELERÍA Y TURISMO;..
AMBOS SEXOS;Cataluña;IMAGEN PERSONAL;..
AMBOS SEXOS;Cataluña;IMAGEN Y SONIDO;..
AMBOS SEXOS;Cataluña;INDUSTRIAS ALIMENTARIAS;..
AMBOS SEXOS;Cataluña;INDUSTRIAS EXTRACTIVAS;..
AMBOS SEXOS;Cataluña;INFORMÁTICA Y COMUNICACIONES;..
AMBOS SEXOS;Cataluña;INSTALACIÓN Y MANTENIMIENTO;..
AMBOS SEXOS;Cataluña;MADERA, MUEBLE Y CORCHO;..
AMBOS SEXOS;Cataluña;MARÍTIMO-PESQUERA;..
AMBOS SEXOS;Cataluña;QUÍMICA;..
AMBOS SEXOS;Cataluña;SANIDAD;..
AMBOS SEXOS;Cataluña;SEGURIDAD Y MEDIO AMBIENTE;..
AMBOS SEXOS;Cataluña;SERVICIOS SOCIOCULTURALES Y A LA COMUNIDAD;..
AMBOS SEXOS;Cataluña;TEXTIL, CONFECCIÓN Y PIEL;..
AMBOS SEXOS;Cataluña;TRANSPORTE Y MANTENIMIENTO DE VEHÍCULOS;..
AMBOS SEXOS;Cataluña;VIDRIO Y CERÁMICA;..
AMBOS SEXOS;Comunitat Valenciana;ACTIVIDADES FÍSICAS Y DEPORTIVAS;90,7
AMBOS SEXOS;Comunitat Valenciana;ADMINISTRACIÓN Y GESTIÓN;79,0
AMBOS SEXOS;Comunitat Valenciana;AGRARIA;74,3
AMBOS SEXOS;Comunitat Valenciana;ARTES GRÁFICAS;77,0
AMBOS SEXOS;Comunitat Valenciana;ARTES Y ARTESANÍAS;78,8
AMBOS SEXOS;Comunitat Valenciana;COMERCIO Y MARKETING;79,0
AMBOS SEXOS;Comunitat Valenciana;EDIFICACIÓN Y OBRA CIVIL;64,9
AMBOS SEXOS;Comunitat Valenciana;ELECTRICIDAD Y ELECTRÓNICA;70,2
AMBOS SEXOS;Comunitat Valenciana;ENERGÍA Y AGUA;65,4
AMBOS SEXOS;Comunitat Valenciana;FABRICACIÓN MECÁNICA;73,1
AMBOS SEXOS;Comunitat Valenciana;HOSTELERÍA Y TURISMO;71,9
AMBOS SEXOS;Comunitat Valenciana;IMAGEN PERSONAL;78,9
AMBOS SEXOS;Comunitat Valenciana;IMAGEN Y SONIDO;81,4
AMBOS SEXOS;Comunitat Valenciana;INDUSTRIAS ALIMENTARIAS;76,5
AMBOS SEXOS;Comunitat Valenciana;INDUSTRIAS EXTRACTIVAS;.
AMBOS SEXOS;Comunitat Valenciana;INFORMÁTICA Y COMUNICACIONES;70,6
AMBOS SEXOS;Comunitat Valenciana;INSTALACIÓN Y MANTENIMIENTO;74,7
AMBOS SEXOS;Comunitat Valenciana;MADERA, MUEBLE Y CORCHO;60,1
AMBOS SEXOS;Comunitat Valenciana;MARÍTIMO-PESQUERA;79,0
AMBOS SEXOS;Comunitat Valenciana;QUÍMICA;77,2
AMBOS SEXOS;Comunitat Valenciana;SANIDAD;84,9
AMBOS SEXOS;Comunitat Valenciana;SEGURIDAD Y MEDIO AMBIENTE;78,8
AMBOS SEXOS;Comunitat Valenciana;SERVICIOS SOCIOCULTURALES Y A LA COMUNIDAD;79,9
AMBOS SEXOS;Comunitat Valenciana;TEXTIL, CONFECCIÓN Y PIEL;72,6
AMBOS SEXOS;Comunitat Valenciana;TRANSPORTE Y MANTENIMIENTO DE VEHÍCULOS;73,6
AMBOS SEXOS;Comunitat Valenciana;VIDRIO Y CERÁMICA;67,7
AMBOS SEXOS;Extremadura;ACTIVIDADES FÍSICAS Y DEPORTIVAS;89,6
AMBOS SEXOS;Extremadura;ADMINISTRACIÓN Y GESTIÓN;86,5
AMBOS SEXOS;Extremadura;AGRARIA;89,7
AMBOS SEXOS;Extremadura;ARTES GRÁFICAS;77,2
AMBOS SEXOS;Extremadura;ARTES Y ARTESANÍAS;.
AMBOS SEXOS;Extremadura;COMERCIO Y MARKETING;89,1
AMBOS SEXOS;Extremadura;EDIFICACIÓN Y OBRA CIVIL;72,5
AMBOS SEXOS;Extremadura;ELECTRICIDAD Y ELECTRÓNICA;78,1
AMBOS SEXOS;Extremadura;ENERGÍA Y AGUA;82,2
AMBOS SEXOS;Extremadura;FABRICACIÓN MECÁNICA;93,8
AMBOS SEXOS;Extremadura;HOSTELERÍA Y TURISMO;81,5
AMBOS SEXOS;Extremadura;IMAGEN PERSONAL;91,4
AMBOS SEXOS;Extremadura;IMAGEN Y SONIDO;79,3
AMBOS SEXOS;Extremadura;INDUSTRIAS ALIMENTARIAS;87,4
AMBOS SEXOS;Extremadura;INDUSTRIAS EXTRACTIVAS;.
AMBOS SEXOS;Extremadura;INFORMÁTICA Y COMUNICACIONES;76,0
AMBOS SEXOS;Extremadura;INSTALACIÓN Y MANTENIMIENTO;71,5
AMBOS SEXOS;Extremadura;MADERA, MUEBLE Y CORCHO;71,8
AMBOS SEXOS;Extremadura;MARÍTIMO-PESQUERA;.
AMBOS SEXOS;Extremadura;QUÍMICA;77,5
AMBOS SEXOS;Extremadura;SANIDAD;91,8
AMBOS SEXOS;Extremadura;SEGURIDAD Y MEDIO AMBIENTE;98,5
AMBOS SEXOS;Extremadura;SERVICIOS SOCIOCULTURALES Y A LA COMUNIDAD;93,6
AMBOS SEXOS;Extremadura;TEXTIL, CONFECCIÓN Y PIEL;95,9
AMBOS SEXOS;Extremadura;TRANSPORTE Y MANTENIMIENTO DE VEHÍCULOS;85,3
AMBOS SEXOS;Extremadura;VIDRIO Y CERÁMICA;.
AMBOS SEXOS;Galicia;ACTIVIDADES FÍSICAS Y DEPORTIVAS;92,8
AMBOS SEXOS;Galicia;ADMINISTRACIÓN Y GESTIÓN;82,7
AMBOS SEXOS;Galicia;AGRARIA;88,6
AMBOS SEXOS;Galicia;ARTES GRÁFICAS;88,5
AMBOS SEXOS;Galicia;ARTES Y ARTESANÍAS;.
AMBOS SEXOS;Galicia;COMERCIO Y MARKETING;88,2
AMBOS SEXOS;Galicia;EDIFICACIÓN Y OBRA CIVIL;74,2
AMBOS SEXOS;Galicia;ELECTRICIDAD Y ELECTRÓNICA;81,7
AMBOS SEXOS;Galicia;ENERGÍA Y AGUA;80,2
AMBOS SEXOS;Galicia;FABRICACIÓN MECÁNICA;82,1
AMBOS SEXOS;Galicia;HOSTELERÍA Y TURISMO;86,4
AMBOS SEXOS;Galicia;IMAGEN PERSONAL;85,5
AMBOS SEXOS;Galicia;IMAGEN Y SONIDO;87,6
AMBOS SEXOS;Galicia;INDUSTRIAS ALIMENTARIAS;74,1
AMBOS SEXOS;Galicia;INDUSTRIAS EXTRACTIVAS;.
AMBOS SEXOS;Galicia;INFORMÁTICA Y COMUNICACIONES;78,8
AMBOS SEXOS;Galicia;INSTALACIÓN Y MANTENIMIENTO;85,1
AMBOS SEXOS;Galicia;MADERA, MUEBLE Y CORCHO;79,6
AMBOS SEXOS;Galicia;MARÍTIMO-PESQUERA;88,7
AMBOS SEXOS;Galicia;QUÍMICA;81,5
AMBOS SEXOS;Galicia;SANIDAD;92,7
AMBOS SEXOS;Galicia;SEGURIDAD Y MEDIO AMBIENTE;85,1
AMBOS SEXOS;Galicia;SERVICIOS SOCIOCULTURALES Y A LA COMUNIDAD;94,0
AMBOS SEXOS;Galicia;TEXTIL, CONFECCIÓN Y PIEL;85,8
AMBOS SEXOS;Galicia;TRANSPORTE Y MANTENIMIENTO DE VEHÍCULOS;88,9
AMBOS SEXOS;Galicia;VIDRIO Y CERÁMICA;.
AMBOS SEXOS;Madrid, Comunidad de;ACTIVIDADES FÍSICAS Y DEPORTIVAS;88,7
AMBOS SEXOS;Madrid, Comunidad de;ADMINISTRACIÓN Y GESTIÓN;80,4
AMBOS SEXOS;Madrid, Comunidad de;AGRARIA;65,9
AMBOS SEXOS;Madrid, Comunidad de;ARTES GRÁFICAS;92,1
AMBOS SEXOS;Madrid, Comunidad de;ARTES Y ARTESANÍAS;.
AMBOS SEXOS;Madrid, Comunidad de;COMERCIO Y MARKETING;84,7
AMBOS SEXOS;Madrid, Comunidad de;EDIFICACIÓN Y OBRA CIVIL;77,0
AMBOS SEXOS;Madrid, Comunidad de;ELECTRICIDAD Y ELECTRÓNICA;83,3
AMBOS SEXOS;Madrid, Comunidad de;ENERGÍA Y AGUA;74,6
AMBOS SEXOS;Madrid, Comunidad de;FABRICACIÓN MECÁNICA;72,2
AMBOS SEXOS;Madrid, Comunidad de;HOSTELERÍA Y TURISMO;79,1
AMBOS SEXOS;Madrid, Comunidad de;IMAGEN PERSONAL;89,6
AMBOS SEXOS;Madrid, Comunidad de;IMAGEN Y SONIDO;92,7
AMBOS SEXOS;Madrid, Comunidad de;INDUSTRIAS ALIMENTARIAS;75,7
AMBOS SEXOS;Madrid, Comunidad de;INDUSTRIAS EXTRACTIVAS;.
AMBOS SEXOS;Madrid, Comunidad de;INFORMÁTICA Y COMUNICACIONES;84,6
AMBOS SEXOS;Madrid, Comunidad de;INSTALACIÓN Y MANTENIMIENTO;74,3
AMBOS SEXOS;Madrid, Comunidad de;MADERA, MUEBLE Y CORCHO;85,2
AMBOS SEXOS;Madrid, Comunidad de;MARÍTIMO-PESQUERA;.
AMBOS SEXOS;Madrid, Comunidad de;QUÍMICA;72,2
AMBOS SEXOS;Madrid, Comunidad de;SANIDAD;90,2
AMBOS SEXOS;Madrid, Comunidad de;SEGURIDAD Y MEDIO AMBIENTE;75,8
AMBOS SEXOS;Madrid, Comunidad de;SERVICIOS SOCIOCULTURALES Y A LA COMUNIDAD;88,8
AMBOS SEXOS;Madrid, Comunidad de;TEXTIL, CONFECCIÓN Y PIEL;86,6
AMBOS SEXOS;Madrid, Comunidad de;TRANSPORTE Y MANTENIMIENTO DE VEHÍCULOS;82,2
AMBOS SEXOS;Madrid, Comunidad de;VIDRIO Y CERÁMICA;.
AMBOS SEXOS;Murcia (Región de );ACTIVIDADES FÍSICAS Y DEPORTIVAS;89,3
AMBOS SEXOS;Murcia (Región de );ADMINISTRACIÓN Y GESTIÓN;85,2
AMBOS SEXOS;Murcia (Región de );AGRARIA;87,4
AMBOS SEXOS;Murcia (Región de );ARTES GRÁFICAS;58,8
AMBOS SEXOS;Murcia (Región de );ARTES Y ARTESANÍAS;.
AMBOS SEXOS;Murcia (Región de );COMERCIO Y MARKETING;87,8
AMBOS SEXOS;Murcia (Región de );EDIFICACIÓN Y OBRA CIVIL;70,3
AMBOS SEXOS;Murcia (Región de );ELECTRICIDAD Y ELECTRÓNICA;80,1
AMBOS SEXOS;Murcia (Región de );ENERGÍA Y AGUA;80,0
AMBOS SEXOS;Murcia (Región de );FABRICACIÓN MECÁNICA;76,6
AMBOS SEXOS;Murcia (Región de );HOSTELERÍA Y TURISMO;76,5
AMBOS SEXOS;Murcia (Región de );IMAGEN PERSONAL;84,6
AMBOS SEXOS;Murcia (Región de );IMAGEN Y SONIDO;92,8
AMBOS SEXOS;Murcia (Región de );INDUSTRIAS ALIMENTARIAS;85,2
AMBOS SEXOS;Murcia (Región de );INDUSTRIAS EXTRACTIVAS;.
AMBOS SEXOS;Murcia (Región de );INFORMÁTICA Y COMUNICACIONES;79,1
AMBOS SEXOS;Murcia (Región de );INSTALACIÓN Y MANTENIMIENTO;77,6
AMBOS SEXOS;Murcia (Región de );MADERA, MUEBLE Y CORCHO;.
AMBOS SEXOS;Murcia (Región de );MARÍTIMO-PESQUERA;78,7
AMBOS SEXOS;Murcia (Región de );QUÍMICA;89,4
AMBOS SEXOS;Murcia (Región de );SANIDAD;89,1
AMBOS SEXOS;Murcia (Región de );SEGURIDAD Y MEDIO AMBIENTE;83,0
AMBOS SEXOS;Murcia (Región de );SERVICIOS SOCIOCULTURALES Y A LA COMUNIDAD;91,8
AMBOS SEXOS;Murcia (Región de );TEXTIL, CONFECCIÓN Y PIEL;92,2
AMBOS SEXOS;Murcia (Región de );TRANSPORTE Y MANTENIMIENTO DE VEHÍCULOS;88,0
AMBOS SEXOS;Murcia (Región de );VIDRIO Y CERÁMICA;.
AMBOS SEXOS;Navarra, Comunidad Foral de;ACTIVIDADES FÍSICAS Y DEPORTIVAS;94,9
AMBOS SEXOS;Navarra, Comunidad Foral de;ADMINISTRACIÓN Y GESTIÓN;92,3
AMBOS SEXOS;Navarra, Comunidad Foral de;AGRARIA;93,7
AMBOS SEXOS;Navarra, Comunidad Foral de;ARTES GRÁFICAS;88,2
AMBOS SEXOS;Navarra, Comunidad Foral de;ARTES Y ARTESANÍAS;.
AMBOS SEXOS;Navarra, Comunidad Foral de;COMERCIO Y MARKETING;90,4
AMBOS SEXOS;Navarra, Comunidad Foral de;EDIFICACIÓN Y OBRA CIVIL;77,7
AMBOS SEXOS;Navarra, Comunidad Foral de;ELECTRICIDAD Y ELECTRÓNICA;85,2
AMBOS SEXOS;Navarra, Comunidad Foral de;ENERGÍA Y AGUA;87,8
AMBOS SEXOS;Navarra, Comunidad Foral de;FABRICACIÓN MECÁNICA;86,1
AMBOS SEXOS;Navarra, Comunidad Foral de;HOSTELERÍA Y TURISMO;86,9
AMBOS SEXOS;Navarra, Comunidad Foral de;IMAGEN PERSONAL;88,8
AMBOS SEXOS;Navarra, Comunidad Foral de;IMAGEN Y SONIDO;88,5
AMBOS SEXOS;Navarra, Comunidad Foral de;INDUSTRIAS ALIMENTARIAS;79,8
AMBOS SEXOS;Navarra, Comunidad Foral de;INDUSTRIAS EXTRACTIVAS;.
AMBOS SEXOS;Navarra, Comunidad Foral de;INFORMÁTICA Y COMUNICACIONES;85,0
AMBOS SEXOS;Navarra, Comunidad Foral de;INSTALACIÓN Y MANTENIMIENTO;87,5
AMBOS SEXOS;Navarra, Comunidad Foral de;MADERA, MUEBLE Y CORCHO;94,4
AMBOS SEXOS;Navarra, Comunidad Foral de;MARÍTIMO-PESQUERA;.
AMBOS SEXOS;Navarra, Comunidad Foral de;QUÍMICA;93,4
AMBOS SEXOS;Navarra, Comunidad Foral de;SANIDAD;94,9
AMBOS SEXOS;Navarra, Comunidad Foral de;SEGURIDAD Y MEDIO AMBIENTE;94,2
AMBOS SEXOS;Navarra, Comunidad Foral de;SERVICIOS SOCIOCULTURALES Y A LA COMUNIDAD;92,5
AMBOS SEXOS;Navarra, Comunidad Foral de;TEXTIL, CONFECCIÓN Y PIEL;.
AMBOS SEXOS;Navarra, Comunidad Foral de;TRANSPORTE Y MANTENIMIENTO DE VEHÍCULOS;91,9
AMBOS SEXOS;Navarra, Comunidad Foral de;VIDRIO Y CERÁMICA;.
AMBOS SEXOS;País Vasco;ACTIVIDADES FÍSICAS Y DEPORTIVAS;98,1
AMBOS SEXOS;País Vasco;ADMINISTRACIÓN Y GESTIÓN;96,1
AMBOS SEXOS;País Vasco;AGRARIA;89,1
AMBOS SEXOS;País Vasco;ARTES GRÁFICAS;94,0
AMBOS SEXOS;País Vasco;ARTES Y ARTESANÍAS;.
AMBOS SEXOS;País Vasco;COMERCIO Y MARKETING;96,3
AMBOS SEXOS;País Vasco;EDIFICACIÓN Y OBRA CIVIL;96,8
AMBOS SEXOS;País Vasco;ELECTRICIDAD Y ELECTRÓNICA;94,1
AMBOS SEXOS;País Vasco;ENERGÍA Y AGUA;91,9
AMBOS SEXOS;País Vasco;FABRICACIÓN MECÁNICA;96,0
AMBOS SEXOS;País Vasco;HOSTELERÍA Y TURISMO;94,9
AMBOS SEXOS;País Vasco;IMAGEN PERSONAL;98,1
AMBOS SEXOS;País Vasco;IMAGEN Y SONIDO;95,3
AMBOS SEXOS;País Vasco;INDUSTRIAS ALIMENTARIAS;96,5
AMBOS SEXOS;País Vasco;INDUSTRIAS EXTRACTIVAS;.
AMBOS SEXOS;País Vasco;INFORMÁTICA Y COMUNICACIONES;94,6
AMBOS SEXOS;País Vasco;INSTALACIÓN Y MANTENIMIENTO;94,7
AMBOS SEXOS;País Vasco;MADERA, MUEBLE Y CORCHO;91,2
AMBOS SEXOS;País Vasco;MARÍTIMO-PESQUERA;94,5
AMBOS SEXOS;País Vasco;QUÍMICA;97,1
AMBOS SEXOS;País Vasco;SANIDAD;93,9
AMBOS SEXOS;País Vasco;SEGURIDAD Y MEDIO AMBIENTE;92,6
AMBOS SEXOS;País Vasco;SERVICIOS SOCIOCULTURALES Y A LA COMUNIDAD;97,1
AMBOS SEXOS;País Vasco;TEXTIL, CONFECCIÓN Y PIEL;94,0
AMBOS SEXOS;País Vasco;TRANSPORTE Y MANTENIMIENTO DE VEHÍCULOS;96,2
AMBOS SEXOS;País Vasco;VIDRIO Y CERÁMICA;.
AMBOS SEXOS;Rioja, La;ACTIVIDADES FÍSICAS Y DEPORTIVAS;83,9
AMBOS SEXOS;Rioja, La;ADMINISTRACIÓN Y GESTIÓN;86,4
AMBOS SEXOS;Rioja, La;AGRARIA;67,5
AMBOS SEXOS;Rioja, La;ARTES GRÁFICAS;.
AMBOS SEXOS;Rioja, La;ARTES Y ARTESANÍAS;.
AMBOS SEXOS;Rioja, La;COMERCIO Y MARKETING;88,4
AMBOS SEXOS;Rioja, La;EDIFICACIÓN Y OBRA CIVIL;80,5
AMBOS SEXOS;Rioja, La;ELECTRICIDAD Y ELECTRÓNICA;80,4
AMBOS SEXOS;Rioja, La;ENERGÍA Y AGUA;98,2
AMBOS SEXOS;Rioja, La;FABRICACIÓN MECÁNICA;84,7
AMBOS SEXOS;Rioja, La;HOSTELERÍA Y TURISMO;90,5
AMBOS SEXOS;Rioja, La;IMAGEN PERSONAL;89,5
AMBOS SEXOS;Rioja, La;IMAGEN Y SONIDO;.
AMBOS SEXOS;Rioja, La;INDUSTRIAS ALIMENTARIAS;81,2
AMBOS SEXOS;Rioja, La;INDUSTRIAS EXTRACTIVAS;.
AMBOS SEXOS;Rioja, La;INFORMÁTICA Y COMUNICACIONES;86,9
AMBOS SEXOS;Rioja, La;INSTALACIÓN Y MANTENIMIENTO;85,5
AMBOS SEXOS;Rioja, La;MADERA, MUEBLE Y CORCHO;.
AMBOS SEXOS;Rioja, La;MARÍTIMO-PESQUERA;.
AMBOS SEXOS;Rioja, La;QUÍMICA;90,2
AMBOS SEXOS;Rioja, La;SANIDAD;90,1
AMBOS SEXOS;Rioja, La;SEGURIDAD Y MEDIO AMBIENTE;70,8
AMBOS SEXOS;Rioja, La;SERVICIOS SOCIOCULTURALES Y A LA COMUNIDAD;92,0
AMBOS SEXOS;Rioja, La;TEXTIL, CONFECCIÓN Y PIEL;88,5
AMBOS SEXOS;Rioja, La;TRANSPORTE Y MANTENIMIENTO DE VEHÍCULOS;89,8
AMBOS SEXOS;Rioja, La;VIDRIO Y CERÁMICA;.
AMBOS SEXOS;Ceuta;ACTIVIDADES FÍSICAS Y DEPORTIVAS;79,7
AMBOS SEXOS;Ceuta;ADMINISTRACIÓN Y GESTIÓN;0,0
AMBOS SEXOS;Ceuta;AGRARIA;58,8
AMBOS SEXOS;Ceuta;ARTES GRÁFICAS;.
AMBOS SEXOS;Ceuta;ARTES Y ARTESANÍAS;.
AMBOS SEXOS;Ceuta;COMERCIO Y MARKETING;0,0
AMBOS SEXOS;Ceuta;EDIFICACIÓN Y OBRA CIVIL;63,7
AMBOS SEXOS;Ceuta;ELECTRICIDAD Y ELECTRÓNICA;69,3
AMBOS SEXOS;Ceuta;ENERGÍA Y AGUA;84,7
AMBOS SEXOS;Ceuta;FABRICACIÓN MECÁNICA;.
AMBOS SEXOS;Ceuta;HOSTELERÍA Y TURISMO;76,7
AMBOS SEXOS;Ceuta;IMAGEN PERSONAL;78,3
AMBOS SEXOS;Ceuta;IMAGEN Y SONIDO;85,9
AMBOS SEXOS;Ceuta;INDUSTRIAS ALIMENTARIAS;.
AMBOS SEXOS;Ceuta;INDUSTRIAS EXTRACTIVAS;.
AMBOS SEXOS;Ceuta;INFORMÁTICA Y COMUNICACIONES;0,0
AMBOS SEXOS;Ceuta;INSTALACIÓN Y MANTENIMIENTO;.
AMBOS SEXOS;Ceuta;MADERA, MUEBLE Y CORCHO;.
AMBOS SEXOS;Ceuta;MARÍTIMO-PESQUERA;.
AMBOS SEXOS;Ceuta;QUÍMICA;.
AMBOS SEXOS;Ceuta;SANIDAD;66,3
AMBOS SEXOS;Ceuta;SEGURIDAD Y MEDIO AMBIENTE;59,7
AMBOS SEXOS;Ceuta;SERVICIOS SOCIOCULTURALES Y A LA COMUNIDAD;87,4
AMBOS SEXOS;Ceuta;TEXTIL, CONFECCIÓN Y PIEL;.
AMBOS SEXOS;Ceuta;TRANSPORTE Y MANTENIMIENTO DE VEHÍCULOS;55,3
AMBOS SEXOS;Ceuta;VIDRIO Y CERÁMICA;.
AMBOS SEXOS;Melilla;ACTIVIDADES FÍSICAS Y DEPORTIVAS;60,8
AMBOS SEXOS;Melilla;ADMINISTRACIÓN Y GESTIÓN;68,4
AMBOS SEXOS;Melilla;AGRARIA;.
AMBOS SEXOS;Melilla;ARTES GRÁFICAS;.
AMBOS SEXOS;Melilla;ARTES Y ARTESANÍAS;.
AMBOS SEXOS;Melilla;COMERCIO Y MARKETING;85,9
AMBOS SEXOS;Melilla;EDIFICACIÓN Y OBRA CIVIL;.
AMBOS SEXOS;Melilla;ELECTRICIDAD Y ELECTRÓNICA;81,1
AMBOS SEXOS;Melilla;ENERGÍA Y AGUA;.
AMBOS SEXOS;Melilla;FABRICACIÓN MECÁNICA;.
AMBOS SEXOS;Melilla;HOSTELERÍA Y TURISMO;73,7
AMBOS SEXOS;Melilla;IMAGEN PERSONAL;.
AMBOS SEXOS;Melilla;IMAGEN Y SONIDO;73,9
AMBOS SEXOS;Melilla;INDUSTRIAS ALIMENTARIAS;.
AMBOS SEXOS;Melilla;INDUSTRIAS EXTRACTIVAS;.
AMBOS SEXOS;Melilla;INFORMÁTICA Y COMUNICACIONES;59,5
AMBOS SEXOS;Melilla;INSTALACIÓN Y MANTENIMIENTO;.
AMBOS SEXOS;Melilla;MADERA, MUEBLE Y CORCHO;.
AMBOS SEXOS;Melilla;MARÍTIMO-PESQUERA;.
AMBOS SEXOS;Melilla;QUÍMICA;.
AMBOS SEXOS;Melilla;SANIDAD;92,5
AMBOS SEXOS;Melilla;SEGURIDAD Y MEDIO AMBIENTE;48,3
AMBOS SEXOS;Melilla;SERVICIOS SOCIOCULTURALES Y A LA COMUNIDAD;90,8
AMBOS SEXOS;Melilla;TEXTIL, CONFECCIÓN Y PIEL;.
AMBOS SEXOS;Melilla;TRANSPORTE Y MANTENIMIENTO DE VEHÍCULOS;74,7
AMBOS SEXOS;Melilla;VIDRIO Y CERÁMICA;.
Hombres;TOTAL;ACTIVIDADES FÍSICAS Y DEPORTIVAS;92,1
Hombres;TOTAL;ADMINISTRACIÓN Y GESTIÓN;84,2
Hombres;TOTAL;AGRARIA;82,9
Hombres;TOTAL;ARTES GRÁFICAS;85,2
Hombres;TOTAL;ARTES Y ARTESANÍAS;80,1
Hombres;TOTAL;COMERCIO Y MARKETING;84,8
Hombres;TOTAL;EDIFICACIÓN Y OBRA CIVIL;76,9
Hombres;TOTAL;ELECTRICIDAD Y ELECTRÓNICA;82,0
Hombres;TOTAL;ENERGÍA Y AGUA;81,8
Hombres;TOTAL;FABRICACIÓN MECÁNICA;84,5
Hombres;TOTAL;HOSTELERÍA Y TURISMO;81,0
Hombres;TOTAL;IMAGEN PERSONAL;84,1
Hombres;TOTAL;IMAGEN Y SONIDO;88,5
Hombres;TOTAL;INDUSTRIAS ALIMENTARIAS;80,3
Hombres;TOTAL;INDUSTRIAS EXTRACTIVAS;.
Hombres;TOTAL;INFORMÁTICA Y COMUNICACIONES;81,5
Hombres;TOTAL;INSTALACIÓN Y MANTENIMIENTO;83,7
Hombres;TOTAL;MADERA, MUEBLE Y CORCHO;80,3
Hombres;TOTAL;MARÍTIMO-PESQUERA;88,3
Hombres;TOTAL;QUÍMICA;82,9
Hombres;TOTAL;SANIDAD;91,1
Hombres;TOTAL;SEGURIDAD Y MEDIO AMBIENTE;82,2
Hombres;TOTAL;SERVICIOS SOCIOCULTURALES Y A LA COMUNIDAD;88,2
Hombres;TOTAL;TEXTIL, CONFECCIÓN Y PIEL;82,4
Hombres;TOTAL;TRANSPORTE Y MANTENIMIENTO DE VEHÍCULOS;85,4
Hombres;TOTAL;VIDRIO Y CERÁMICA;61,2
Hombres;Andalucía;ACTIVIDADES FÍSICAS Y DEPORTIVAS;96,7
Hombres;Andalucía;ADMINISTRACIÓN Y GESTIÓN;86,7
Hombres;Andalucía;AGRARIA;85,8
Hombres;Andalucía;ARTES GRÁFICAS;87,8
Hombres;Andalucía;ARTES Y ARTESANÍAS;.
Hombres;Andalucía;COMERCIO Y MARKETING;89,4
Hombres;Andalucía;EDIFICACIÓN Y OBRA CIVIL;77,3
Hombres;Andalucía;ELECTRICIDAD Y ELECTRÓNICA;81,4
Hombres;Andalucía;ENERGÍA Y AGUA;83,6
Hombres;Andalucía;FABRICACIÓN MECÁNICA;82,1
Hombres;Andalucía;HOSTELERÍA Y TURISMO;82,9
Hombres;Andalucía;IMAGEN PERSONAL;88,8
Hombres;Andalucía;IMAGEN Y SONIDO;89,9
Hombres;Andalucía;INDUSTRIAS ALIMENTARIAS;82,2
Hombres;Andalucía;INDUSTRIAS EXTRACTIVAS;.
Hombres;Andalucía;INFORMÁTICA Y COMUNICACIONES;82,8
Hombres;Andalucía;INSTALACIÓN Y MANTENIMIENTO;82,0
Hombres;Andalucía;MADERA, MUEBLE Y CORCHO;80,9
Hombres;Andalucía;MARÍTIMO-PESQUERA;91,3
Hombres;Andalucía;QUÍMICA;82,8
Hombres;Andalucía;SANIDAD;96,7
Hombres;Andalucía;SEGURIDAD Y MEDIO AMBIENTE;87,8
Hombres;Andalucía;SERVICIOS SOCIOCULTURALES Y A LA COMUNIDAD;91,8
Hombres;Andalucía;TEXTIL, CONFECCIÓN Y PIEL;82,1
Hombres;Andalucía;TRANSPORTE Y MANTENIMIENTO DE VEHÍCULOS;88,7
Hombres;Andalucía;VIDRIO Y CERÁMICA;.
Hombres;Aragón;ACTIVIDADES FÍSICAS Y DEPORTIVAS;91,0
Hombres;Aragón;ADMINISTRACIÓN Y GESTIÓN;76,9
Hombres;Aragón;AGRARIA;79,4
Hombres;Aragón;ARTES GRÁFICAS;83,0
Hombres;Aragón;ARTES Y ARTESANÍAS;.
Hombres;Aragón;COMERCIO Y MARKETING;71,5
Hombres;Aragón;EDIFICACIÓN Y OBRA CIVIL;82,2
Hombres;Aragón;ELECTRICIDAD Y ELECTRÓNICA;84,1
Hombres;Aragón;ENERGÍA Y AGUA;88,5
Hombres;Aragón;FABRICACIÓN MECÁNICA;81,4
Hombres;Aragón;HOSTELERÍA Y TURISMO;72,3
Hombres;Aragón;IMAGEN PERSONAL;81,4
Hombres;Aragón;IMAGEN Y SONIDO;89,1
Hombres;Aragón;INDUSTRIAS ALIMENTARIAS;74,3
Hombres;Aragón;INDUSTRIAS EXTRACTIVAS;.
Hombres;Aragón;INFORMÁTICA Y COMUNICACIONES;81,0
Hombres;Aragón;INSTALACIÓN Y MANTENIMIENTO;87,8
Hombres;Aragón;MADERA, MUEBLE Y CORCHO;80,9
Hombres;Aragón;MARÍTIMO-PESQUERA;.
Hombres;Aragón;QUÍMICA;84,2
Hombres;Aragón;SANIDAD;85,1
Hombres;Aragón;SEGURIDAD Y MEDIO AMBIENTE;95,9
Hombres;Aragón;SERVICIOS SOCIOCULTURALES Y A LA COMUNIDAD;94,5
Hombres;Aragón;TEXTIL, CONFECCIÓN Y PIEL;96,6
Hombres;Aragón;TRANSPORTE Y MANTENIMIENTO DE VEHÍCULOS;86,7
Hombres;Aragón;VIDRIO Y CERÁMICA;.
Hombres;Asturias, Principado de;ACTIVIDADES FÍSICAS Y DEPORTIVAS;92,3
Hombres;Asturias, Principado de;ADMINISTRACIÓN Y GESTIÓN;78,9
Hombres;Asturias, Principado de;AGRARIA;82,5
Hombres;Asturias, Principado de;ARTES GRÁFICAS;52,2
Hombres;Asturias, Principado de;ARTES Y ARTESANÍAS;.
Hombres;Asturias, Principado de;COMERCIO Y MARKETING;80,4
Hombres;Asturias, Principado de;EDIFICACIÓN Y OBRA CIVIL;60,4
Hombres;Asturias, Principado de;ELECTRICIDAD Y ELECTRÓNICA;74,8
Hombres;Asturias, Principado de;ENERGÍA Y AGUA;76,2
Hombres;Asturias, Principado de;FABRICACIÓN MECÁNICA;71,4
Hombres;Asturias, Principado de;HOSTELERÍA Y TURISMO;77,6
Hombres;Asturias, Principado de;IMAGEN PERSONAL;44,8
Hombres;Asturias, Principado de;IMAGEN Y SONIDO;77,5
Hombres;Asturias, Principado de;INDUSTRIAS ALIMENTARIAS;73,6
Hombres;Asturias, Principado de;INDUSTRIAS EXTRACTIVAS;.
Hombres;Asturias, Principado de;INFORMÁTICA Y COMUNICACIONES;77,7
Hombres;Asturias, Principado de;INSTALACIÓN Y MANTENIMIENTO;77,2
Hombres;Asturias, Principado de;MADERA, MUEBLE Y CORCHO;.
Hombres;Asturias, Principado de;MARÍTIMO-PESQUERA;80,0
Hombres;Asturias, Principado de;QUÍMICA;83,1
Hombres;Asturias, Principado de;SANIDAD;94,6
Hombres;Asturias, Principado de;SEGURIDAD Y MEDIO AMBIENTE;84,7
Hombres;Asturias, Principado de;SERVICIOS SOCIOCULTURALES Y A LA COMUNIDAD;80,4
Hombres;Asturias, Principado de;TEXTIL, CONFECCIÓN Y PIEL;.
Hombres;Asturias, Principado de;TRANSPORTE Y MANTENIMIENTO DE VEHÍCULOS;77,2
Hombres;Asturias, Principado de;VIDRIO Y CERÁMICA;.
Hombres;Balears, Illes;ACTIVIDADES FÍSICAS Y DEPORTIVAS;94,1
Hombres;Balears, Illes;ADMINISTRACIÓN Y GESTIÓN;90,1
Hombres;Balears, Illes;AGRARIA;93,8
Hombres;Balears, Illes;ARTES GRÁFICAS;100,0
Hombres;Balears, Illes;ARTES Y ARTESANÍAS;.
Hombres;Balears, Illes;COMERCIO Y MARKETING;95,5
Hombres;Balears, Illes;EDIFICACIÓN Y OBRA CIVIL;88,3
Hombres;Balears, Illes;ELECTRICIDAD Y ELECTRÓNICA;85,7
Hombres;Balears, Illes;ENERGÍA Y AGUA;97,1
Hombres;Balears, Illes;FABRICACIÓN MECÁNICA;.
Hombres;Balears, Illes;HOSTELERÍA Y TURISMO;91,0
Hombres;Balears, Illes;IMAGEN PERSONAL;50,0
Hombres;Balears, Illes;IMAGEN Y SONIDO;93,8
Hombres;Balears, Illes;INDUSTRIAS ALIMENTARIAS;79,3
Hombres;Balears, Illes;INDUSTRIAS EXTRACTIVAS;.
Hombres;Balears, Illes;INFORMÁTICA Y COMUNICACIONES;90,2
Hombres;Balears, Illes;INSTALACIÓN Y MANTENIMIENTO;91,3
Hombres;Balears, Illes;MADERA, MUEBLE Y CORCHO;100,0
Hombres;Balears, Illes;MARÍTIMO-PESQUERA;90,7
Hombres;Balears, Illes;QUÍMICA;92,4
Hombres;Balears, Illes;SANIDAD;91,8
Hombres;Balears, Illes;SEGURIDAD Y MEDIO AMBIENTE;.
Hombres;Balears, Illes;SERVICIOS SOCIOCULTURALES Y A LA COMUNIDAD;94,1
Hombres;Balears, Illes;TEXTIL, CONFECCIÓN Y PIEL;.
Hombres;Balears, Illes;TRANSPORTE Y MANTENIMIENTO DE VEHÍCULOS;91,1
Hombres;Balears, Illes;VIDRIO Y CERÁMICA;.
Hombres;Canarias;ACTIVIDADES FÍSICAS Y DEPORTIVAS;88,3
Hombres;Canarias;ADMINISTRACIÓN Y GESTIÓN;86,3
Hombres;Canarias;AGRARIA;78,6
Hombres;Canarias;ARTES GRÁFICAS;78,9
Hombres;Canarias;ARTES Y ARTESANÍAS;.
Hombres;Canarias;COMERCIO Y MARKETING;90,8
Hombres;Canarias;EDIFICACIÓN Y OBRA CIVIL;81,2
Hombres;Canarias;ELECTRICIDAD Y ELECTRÓNICA;85,9
Hombres;Canarias;ENERGÍA Y AGUA;87,2
Hombres;Canarias;FABRICACIÓN MECÁNICA;74,0
Hombres;Canarias;HOSTELERÍA Y TURISMO;84,8
Hombres;Canarias;IMAGEN PERSONAL;90,4
Hombres;Canarias;IMAGEN Y SONIDO;88,2
Hombres;Canarias;INDUSTRIAS ALIMENTARIAS;79,8
Hombres;Canarias;INDUSTRIAS EXTRACTIVAS;.
Hombres;Canarias;INFORMÁTICA Y COMUNICACIONES;77,0
Hombres;Canarias;INSTALACIÓN Y MANTENIMIENTO;82,0
Hombres;Canarias;MADERA, MUEBLE Y CORCHO;78,0
Hombres;Canarias;MARÍTIMO-PESQUERA;88,8
Hombres;Canarias;QUÍMICA;92,8
Hombres;Canarias;SANIDAD;93,3
Hombres;Canarias;SEGURIDAD Y MEDIO AMBIENTE;86,3
Hombres;Canarias;SERVICIOS SOCIOCULTURALES Y A LA COMUNIDAD;91,5
Hombres;Canarias;TEXTIL, CONFECCIÓN Y PIEL;90,3
Hombres;Canarias;TRANSPORTE Y MANTENIMIENTO DE VEHÍCULOS;86,6
Hombres;Canarias;VIDRIO Y CERÁMICA;.
Hombres;Cantabria;ACTIVIDADES FÍSICAS Y DEPORTIVAS;94,7
Hombres;Cantabria;ADMINISTRACIÓN Y GESTIÓN;93,0
Hombres;Cantabria;AGRARIA;85,3
Hombres;Cantabria;ARTES GRÁFICAS;87,2
Hombres;Cantabria;ARTES Y ARTESANÍAS;.
Hombres;Cantabria;COMERCIO Y MARKETING;94,0
Hombres;Cantabria;EDIFICACIÓN Y OBRA CIVIL;92,1
Hombres;Cantabria;ELECTRICIDAD Y ELECTRÓNICA;85,6
Hombres;Cantabria;ENERGÍA Y AGUA;94,8
Hombres;Cantabria;FABRICACIÓN MECÁNICA;89,5
Hombres;Cantabria;HOSTELERÍA Y TURISMO;90,2
Hombres;Cantabria;IMAGEN PERSONAL;69,4
Hombres;Cantabria;IMAGEN Y SONIDO;91,5
Hombres;Cantabria;INDUSTRIAS ALIMENTARIAS;84,4
Hombres;Cantabria;INDUSTRIAS EXTRACTIVAS;.
Hombres;Cantabria;INFORMÁTICA Y COMUNICACIONES;87,5
Hombres;Cantabria;INSTALACIÓN Y MANTENIMIENTO;94,1
Hombres;Cantabria;MADERA, MUEBLE Y CORCHO;93,8
Hombres;Cantabria;MARÍTIMO-PESQUERA;.
Hombres;Cantabria;QUÍMICA;98,6
Hombres;Cantabria;SANIDAD;93,1
Hombres;Cantabria;SEGURIDAD Y MEDIO AMBIENTE;90,8
Hombres;Cantabria;SERVICIOS SOCIOCULTURALES Y A LA COMUNIDAD;95,7
Hombres;Cantabria;TEXTIL, CONFECCIÓN Y PIEL;.
Hombres;Cantabria;TRANSPORTE Y MANTENIMIENTO DE VEHÍCULOS;87,2
Hombres;Cantabria;VIDRIO Y CERÁMICA;.
Hombres;Castilla y León;ACTIVIDADES FÍSICAS Y DEPORTIVAS;85,2
Hombres;Castilla y León;ADMINISTRACIÓN Y GESTIÓN;82,1
Hombres;Castilla y León;AGRARIA;85,2
Hombres;Castilla y León;ARTES GRÁFICAS;81,5
Hombres;Castilla y León;ARTES Y ARTESANÍAS;.
Hombres;Castilla y León;COMERCIO Y MARKETING;74,1
Hombres;Castilla y León;EDIFICACIÓN Y OBRA CIVIL;63,2
Hombres;Castilla y León;ELECTRICIDAD Y ELECTRÓNICA;77,9
Hombres;Castilla y León;ENERGÍA Y AGUA;86,2
Hombres;Castilla y León;FABRICACIÓN MECÁNICA;77,0
Hombres;Castilla y León;HOSTELERÍA Y TURISMO;74,6
Hombres;Castilla y León;IMAGEN PERSONAL;78,1
Hombres;Castilla y León;IMAGEN Y SONIDO;83,4
Hombres;Castilla y León;INDUSTRIAS ALIMENTARIAS;78,4
Hombres;Castilla y León;INDUSTRIAS EXTRACTIVAS;.
Hombres;Castilla y León;INFORMÁTICA Y COMUNICACIONES;77,5
Hombres;Castilla y León;INSTALACIÓN Y MANTENIMIENTO;85,5
Hombres;Castilla y León;MADERA, MUEBLE Y CORCHO;83,7
Hombres;Castilla y León;MARÍTIMO-PESQUERA;.
Hombres;Castilla y León;QUÍMICA;81,1
Hombres;Castilla y León;SANIDAD;81,2
Hombres;Castilla y León;SEGURIDAD Y MEDIO AMBIENTE;74,5
Hombres;Castilla y León;SERVICIOS SOCIOCULTURALES Y A LA COMUNIDAD;84,4
Hombres;Castilla y León;TEXTIL, CONFECCIÓN Y PIEL;94,7
Hombres;Castilla y León;TRANSPORTE Y MANTENIMIENTO DE VEHÍCULOS;90,4
Hombres;Castilla y León;VIDRIO Y CERÁMICA;.
Hombres;Castilla.La Mancha;ACTIVIDADES FÍSICAS Y DEPORTIVAS;97,8
Hombres;Castilla.La Mancha;ADMINISTRACIÓN Y GESTIÓN;97,2
Hombres;Castilla.La Mancha;AGRARIA;97,1
Hombres;Castilla.La Mancha;ARTES GRÁFICAS;.
Hombres;Castilla.La Mancha;ARTES Y ARTESANÍAS;.
Hombres;Castilla.La Mancha;COMERCIO Y MARKETING;97,7
Hombres;Castilla.La Mancha;EDIFICACIÓN Y OBRA CIVIL;98,3
Hombres;Castilla.La Mancha;ELECTRICIDAD Y ELECTRÓNICA;97,3
Hombres;Castilla.La Mancha;ENERGÍA Y AGUA;98,7
Hombres;Castilla.La Mancha;FABRICACIÓN MECÁNICA;98,7
Hombres;Castilla.La Mancha;HOSTELERÍA Y TURISMO;97,1
Hombres;Castilla.La Mancha;IMAGEN PERSONAL;99,1
Hombres;Castilla.La Mancha;IMAGEN Y SONIDO;92,6
Hombres;Castilla.La Mancha;INDUSTRIAS ALIMENTARIAS;98,7
Hombres;Castilla.La Mancha;INDUSTRIAS EXTRACTIVAS;.
Hombres;Castilla.La Mancha;INFORMÁTICA Y COMUNICACIONES;96,8
Hombres;Castilla.La Mancha;INSTALACIÓN Y MANTENIMIENTO;98,5
Hombres;Castilla.La Mancha;MADERA, MUEBLE Y CORCHO;85,6
Hombres;Castilla.La Mancha;MARÍTIMO-PESQUERA;.
Hombres;Castilla.La Mancha;QUÍMICA;98,8
Hombres;Castilla.La Mancha;SANIDAD;97,9
Hombres;Castilla.La Mancha;SEGURIDAD Y MEDIO AMBIENTE;98,1
Hombres;Castilla.La Mancha;SERVICIOS SOCIOCULTURALES Y A LA COMUNIDAD;96,6
Hombres;Castilla.La Mancha;TEXTIL, CONFECCIÓN Y PIEL;97,9
Hombres;Castilla.La Mancha;TRANSPORTE Y MANTENIMIENTO DE VEHÍCULOS;96,9
Hombres;Castilla.La Mancha;VIDRIO Y CERÁMICA;.
Hombres;Cataluña;ACTIVIDADES FÍSICAS Y DEPORTIVAS;..
Hombres;Cataluña;ADMINISTRACIÓN Y GESTIÓN;..
Hombres;Cataluña;AGRARIA;..
Hombres;Cataluña;ARTES GRÁFICAS;..
Hombres;Cataluña;ARTES Y ARTESANÍAS;..
Hombres;Cataluña;COMERCIO Y MARKETING;..
Hombres;Cataluña;EDIFICACIÓN Y OBRA CIVIL;..
Hombres;Cataluña;ELECTRICIDAD Y ELECTRÓNICA;..
Hombres;Cataluña;ENERGÍA Y AGUA;..
Hombres;Cataluña;FABRICACIÓN MECÁNICA;..
Hombres;Cataluña;HOSTELERÍA Y TURISMO;..
Hombres;Cataluña;IMAGEN PERSONAL;..
Hombres;Cataluña;IMAGEN Y SONIDO;..
Hombres;Cataluña;INDUSTRIAS ALIMENTARIAS;..
Hombres;Cataluña;INDUSTRIAS EXTRACTIVAS;..
Hombres;Cataluña;INFORMÁTICA Y COMUNICACIONES;..
Hombres;Cataluña;INSTALACIÓN Y MANTENIMIENTO;..
Hombres;Cataluña;MADERA, MUEBLE Y CORCHO;..
Hombres;Cataluña;MARÍTIMO-PESQUERA;..
Hombres;Cataluña;QUÍMICA;..
Hombres;Cataluña;SANIDAD;..
Hombres;Cataluña;SEGURIDAD Y MEDIO AMBIENTE;..
Hombres;Cataluña;SERVICIOS SOCIOCULTURALES Y A LA COMUNIDAD;..
Hombres;Cataluña;TEXTIL, CONFECCIÓN Y PIEL;..
Hombres;Cataluña;TRANSPORTE Y MANTENIMIENTO DE VEHÍCULOS;..
Hombres;Cataluña;VIDRIO Y CERÁMICA;..
Hombres;Comunitat Valenciana;ACTIVIDADES FÍSICAS Y DEPORTIVAS;90,4
Hombres;Comunitat Valenciana;ADMINISTRACIÓN Y GESTIÓN;80,5
Hombres;Comunitat Valenciana;AGRARIA;74,3
Hombres;Comunitat Valenciana;ARTES GRÁFICAS;73,1
Hombres;Comunitat Valenciana;ARTES Y ARTESANÍAS;80,1
Hombres;Comunitat Valenciana;COMERCIO Y MARKETING;78,3
Hombres;Comunitat Valenciana;EDIFICACIÓN Y OBRA CIVIL;65,3
Hombres;Comunitat Valenciana;ELECTRICIDAD Y ELECTRÓNICA;70,4
Hombres;Comunitat Valenciana;ENERGÍA Y AGUA;65,3
Hombres;Comunitat Valenciana;FABRICACIÓN MECÁNICA;72,6
Hombres;Comunitat Valenciana;HOSTELERÍA Y TURISMO;69,9
Hombres;Comunitat Valenciana;IMAGEN PERSONAL;75,2
Hombres;Comunitat Valenciana;IMAGEN Y SONIDO;80,3
Hombres;Comunitat Valenciana;INDUSTRIAS ALIMENTARIAS;74,1
Hombres;Comunitat Valenciana;INDUSTRIAS EXTRACTIVAS;.
Hombres;Comunitat Valenciana;INFORMÁTICA Y COMUNICACIONES;70,9
Hombres;Comunitat Valenciana;INSTALACIÓN Y MANTENIMIENTO;75,0
Hombres;Comunitat Valenciana;MADERA, MUEBLE Y CORCHO;57,7
Hombres;Comunitat Valenciana;MARÍTIMO-PESQUERA;78,8
Hombres;Comunitat Valenciana;QUÍMICA;78,3
Hombres;Comunitat Valenciana;SANIDAD;83,2
Hombres;Comunitat Valenciana;SEGURIDAD Y MEDIO AMBIENTE;78,5
Hombres;Comunitat Valenciana;SERVICIOS SOCIOCULTURALES Y A LA COMUNIDAD;77,5
Hombres;Comunitat Valenciana;TEXTIL, CONFECCIÓN Y PIEL;65,8
Hombres;Comunitat Valenciana;TRANSPORTE Y MANTENIMIENTO DE VEHÍCULOS;73,5
Hombres;Comunitat Valenciana;VIDRIO Y CERÁMICA;61,2
Hombres;Extremadura;ACTIVIDADES FÍSICAS Y DEPORTIVAS;89,4
Hombres;Extremadura;ADMINISTRACIÓN Y GESTIÓN;84,0
Hombres;Extremadura;AGRARIA;87,9
Hombres;Extremadura;ARTES GRÁFICAS;67,9
Hombres;Extremadura;ARTES Y ARTESANÍAS;.
Hombres;Extremadura;COMERCIO Y MARKETING;86,5
Hombres;Extremadura;EDIFICACIÓN Y OBRA CIVIL;70,4
Hombres;Extremadura;ELECTRICIDAD Y ELECTRÓNICA;77,6
Hombres;Extremadura;ENERGÍA Y AGUA;82,0
Hombres;Extremadura;FABRICACIÓN MECÁNICA;93,7
Hombres;Extremadura;HOSTELERÍA Y TURISMO;78,3
Hombres;Extremadura;IMAGEN PERSONAL;93,7
Hombres;Extremadura;IMAGEN Y SONIDO;78,2
Hombres;Extremadura;INDUSTRIAS ALIMENTARIAS;83,3
Hombres;Extremadura;INDUSTRIAS EXTRACTIVAS;.
Hombres;Extremadura;INFORMÁTICA Y COMUNICACIONES;75,2
Hombres;Extremadura;INSTALACIÓN Y MANTENIMIENTO;70,6
Hombres;Extremadura;MADERA, MUEBLE Y CORCHO;72,5
Hombres;Extremadura;MARÍTIMO-PESQUERA;.
Hombres;Extremadura;QUÍMICA;81,4
Hombres;Extremadura;SANIDAD;89,2
Hombres;Extremadura;SEGURIDAD Y MEDIO AMBIENTE;99,2
Hombres;Extremadura;SERVICIOS SOCIOCULTURALES Y A LA COMUNIDAD;91,0
Hombres;Extremadura;TEXTIL, CONFECCIÓN Y PIEL;98,3
Hombres;Extremadura;TRANSPORTE Y MANTENIMIENTO DE VEHÍCULOS;85,1
Hombres;Extremadura;VIDRIO Y CERÁMICA;.
Hombres;Galicia;ACTIVIDADES FÍSICAS Y DEPORTIVAS;92,5
Hombres;Galicia;ADMINISTRACIÓN Y GESTIÓN;80,3
Hombres;Galicia;AGRARIA;86,8
Hombres;Galicia;ARTES GRÁFICAS;88,6
Hombres;Galicia;ARTES Y ARTESANÍAS;.
Hombres;Galicia;COMERCIO Y MARKETING;86,9
Hombres;Galicia;EDIFICACIÓN Y OBRA CIVIL;69,9
Hombres;Galicia;ELECTRICIDAD Y ELECTRÓNICA;82,2
Hombres;Galicia;ENERGÍA Y AGUA;81,0
Hombres;Galicia;FABRICACIÓN MECÁNICA;82,8
Hombres;Galicia;HOSTELERÍA Y TURISMO;84,4
Hombres;Galicia;IMAGEN PERSONAL;71,9
Hombres;Galicia;IMAGEN Y SONIDO;86,1
Hombres;Galicia;INDUSTRIAS ALIMENTARIAS;70,3
Hombres;Galicia;INDUSTRIAS EXTRACTIVAS;.
Hombres;Galicia;INFORMÁTICA Y COMUNICACIONES;78,7
Hombres;Galicia;INSTALACIÓN Y MANTENIMIENTO;85,8
Hombres;Galicia;MADERA, MUEBLE Y CORCHO;80,2
Hombres;Galicia;MARÍTIMO-PESQUERA;88,5
Hombres;Galicia;QUÍMICA;83,5
Hombres;Galicia;SANIDAD;93,1
Hombres;Galicia;SEGURIDAD Y MEDIO AMBIENTE;83,1
Hombres;Galicia;SERVICIOS SOCIOCULTURALES Y A LA COMUNIDAD;91,2
Hombres;Galicia;TEXTIL, CONFECCIÓN Y PIEL;77,0
Hombres;Galicia;TRANSPORTE Y MANTENIMIENTO DE VEHÍCULOS;89,1
Hombres;Galicia;VIDRIO Y CERÁMICA;.
Hombres;Madrid, Comunidad de;ACTIVIDADES FÍSICAS Y DEPORTIVAS;89,0
Hombres;Madrid, Comunidad de;ADMINISTRACIÓN Y GESTIÓN;80,0
Hombres;Madrid, Comunidad de;AGRARIA;64,3
Hombres;Madrid, Comunidad de;ARTES GRÁFICAS;91,0
Hombres;Madrid, Comunidad de;ARTES Y ARTESANÍAS;.
Hombres;Madrid, Comunidad de;COMERCIO Y MARKETING;83,9
Hombres;Madrid, Comunidad de;EDIFICACIÓN Y OBRA CIVIL;77,7
Hombres;Madrid, Comunidad de;ELECTRICIDAD Y ELECTRÓNICA;83,0
Hombres;Madrid, Comunidad de;ENERGÍA Y AGUA;76,4
Hombres;Madrid, Comunidad de;FABRICACIÓN MECÁNICA;72,5
Hombres;Madrid, Comunidad de;HOSTELERÍA Y TURISMO;77,1
Hombres;Madrid, Comunidad de;IMAGEN PERSONAL;83,6
Hombres;Madrid, Comunidad de;IMAGEN Y SONIDO;91,8
Hombres;Madrid, Comunidad de;INDUSTRIAS ALIMENTARIAS;73,6
Hombres;Madrid, Comunidad de;INDUSTRIAS EXTRACTIVAS;.
Hombres;Madrid, Comunidad de;INFORMÁTICA Y COMUNICACIONES;84,8
Hombres;Madrid, Comunidad de;INSTALACIÓN Y MANTENIMIENTO;75,0
Hombres;Madrid, Comunidad de;MADERA, MUEBLE Y CORCHO;81,3
Hombres;Madrid, Comunidad de;MARÍTIMO-PESQUERA;.
Hombres;Madrid, Comunidad de;QUÍMICA;70,9
Hombres;Madrid, Comunidad de;SANIDAD;89,9
Hombres;Madrid, Comunidad de;SEGURIDAD Y MEDIO AMBIENTE;71,4
Hombres;Madrid, Comunidad de;SERVICIOS SOCIOCULTURALES Y A LA COMUNIDAD;88,7
Hombres;Madrid, Comunidad de;TEXTIL, CONFECCIÓN Y PIEL;83,0
Hombres;Madrid, Comunidad de;TRANSPORTE Y MANTENIMIENTO DE VEHÍCULOS;82,0
Hombres;Madrid, Comunidad de;VIDRIO Y CERÁMICA;.
Hombres;Murcia (Región de );ACTIVIDADES FÍSICAS Y DEPORTIVAS;89,0
Hombres;Murcia (Región de );ADMINISTRACIÓN Y GESTIÓN;83,7
Hombres;Murcia (Región de );AGRARIA;85,9
Hombres;Murcia (Región de );ARTES GRÁFICAS;63,3
Hombres;Murcia (Región de );ARTES Y ARTESANÍAS;.
Hombres;Murcia (Región de );COMERCIO Y MARKETING;85,8
Hombres;Murcia (Región de );EDIFICACIÓN Y OBRA CIVIL;68,6
Hombres;Murcia (Región de );ELECTRICIDAD Y ELECTRÓNICA;80,4
Hombres;Murcia (Región de );ENERGÍA Y AGUA;82,7
Hombres;Murcia (Región de );FABRICACIÓN MECÁNICA;74,9
Hombres;Murcia (Región de );HOSTELERÍA Y TURISMO;80,3
Hombres;Murcia (Región de );IMAGEN PERSONAL;87,8
Hombres;Murcia (Región de );IMAGEN Y SONIDO;92,6
Hombres;Murcia (Región de );INDUSTRIAS ALIMENTARIAS;83,0
Hombres;Murcia (Región de );INDUSTRIAS EXTRACTIVAS;.
Hombres;Murcia (Región de );INFORMÁTICA Y COMUNICACIONES;79,2
Hombres;Murcia (Región de );INSTALACIÓN Y MANTENIMIENTO;77,7
Hombres;Murcia (Región de );MADERA, MUEBLE Y CORCHO;.
Hombres;Murcia (Región de );MARÍTIMO-PESQUERA;75,5
Hombres;Murcia (Región de );QUÍMICA;90,9
Hombres;Murcia (Región de );SANIDAD;88,8
Hombres;Murcia (Región de );SEGURIDAD Y MEDIO AMBIENTE;83,2
Hombres;Murcia (Región de );SERVICIOS SOCIOCULTURALES Y A LA COMUNIDAD;87,2
Hombres;Murcia (Región de );TEXTIL, CONFECCIÓN Y PIEL;90,9
Hombres;Murcia (Región de );TRANSPORTE Y MANTENIMIENTO DE VEHÍCULOS;88,1
Hombres;Murcia (Región de );VIDRIO Y CERÁMICA;.
Hombres;Navarra, Comunidad Foral de;ACTIVIDADES FÍSICAS Y DEPORTIVAS;93,7
Hombres;Navarra, Comunidad Foral de;ADMINISTRACIÓN Y GESTIÓN;91,2
Hombres;Navarra, Comunidad Foral de;AGRARIA;92,3
Hombres;Navarra, Comunidad Foral de;ARTES GRÁFICAS;80,1
Hombres;Navarra, Comunidad Foral de;ARTES Y ARTESANÍAS;.
Hombres;Navarra, Comunidad Foral de;COMERCIO Y MARKETING;88,4
Hombres;Navarra, Comunidad Foral de;EDIFICACIÓN Y OBRA CIVIL;73,5
Hombres;Navarra, Comunidad Foral de;ELECTRICIDAD Y ELECTRÓNICA;85,0
Hombres;Navarra, Comunidad Foral de;ENERGÍA Y AGUA;87,4
Hombres;Navarra, Comunidad Foral de;FABRICACIÓN MECÁNICA;85,7
Hombres;Navarra, Comunidad Foral de;HOSTELERÍA Y TURISMO;84,4
Hombres;Navarra, Comunidad Foral de;IMAGEN PERSONAL;93,5
Hombres;Navarra, Comunidad Foral de;IMAGEN Y SONIDO;87,0
Hombres;Navarra, Comunidad Foral de;INDUSTRIAS ALIMENTARIAS;78,5
Hombres;Navarra, Comunidad Foral de;INDUSTRIAS EXTRACTIVAS;.
Hombres;Navarra, Comunidad Foral de;INFORMÁTICA Y COMUNICACIONES;85,9
Hombres;Navarra, Comunidad Foral de;INSTALACIÓN Y MANTENIMIENTO;87,5
Hombres;Navarra, Comunidad Foral de;MADERA, MUEBLE Y CORCHO;92,6
Hombres;Navarra, Comunidad Foral de;MARÍTIMO-PESQUERA;.
Hombres;Navarra, Comunidad Foral de;QUÍMICA;84,6
Hombres;Navarra, Comunidad Foral de;SANIDAD;94,6
Hombres;Navarra, Comunidad Foral de;SEGURIDAD Y MEDIO AMBIENTE;90,8
Hombres;Navarra, Comunidad Foral de;SERVICIOS SOCIOCULTURALES Y A LA COMUNIDAD;86,9
Hombres;Navarra, Comunidad Foral de;TEXTIL, CONFECCIÓN Y PIEL;.
Hombres;Navarra, Comunidad Foral de;TRANSPORTE Y MANTENIMIENTO DE VEHÍCULOS;92,6
Hombres;Navarra, Comunidad Foral de;VIDRIO Y CERÁMICA;.
Hombres;País Vasco;ACTIVIDADES FÍSICAS Y DEPORTIVAS;98,0
Hombres;País Vasco;ADMINISTRACIÓN Y GESTIÓN;94,7
Hombres;País Vasco;AGRARIA;88,8
Hombres;País Vasco;ARTES GRÁFICAS;93,4
Hombres;País Vasco;ARTES Y ARTESANÍAS;.
Hombres;País Vasco;COMERCIO Y MARKETING;95,1
Hombres;País Vasco;EDIFICACIÓN Y OBRA CIVIL;95,8
Hombres;País Vasco;ELECTRICIDAD Y ELECTRÓNICA;94,1
Hombres;País Vasco;ENERGÍA Y AGUA;92,4
Hombres;País Vasco;FABRICACIÓN MECÁNICA;95,9
Hombres;País Vasco;HOSTELERÍA Y TURISMO;93,9
Hombres;País Vasco;IMAGEN PERSONAL;97,8
Hombres;País Vasco;IMAGEN Y SONIDO;95,0
Hombres;País Vasco;INDUSTRIAS ALIMENTARIAS;100,0
Hombres;País Vasco;INDUSTRIAS EXTRACTIVAS;.
Hombres;País Vasco;INFORMÁTICA Y COMUNICACIONES;94,6
Hombres;País Vasco;INSTALACIÓN Y MANTENIMIENTO;94,6
Hombres;País Vasco;MADERA, MUEBLE Y CORCHO;88,5
Hombres;País Vasco;MARÍTIMO-PESQUERA;94,1
Hombres;País Vasco;QUÍMICA;96,8
Hombres;País Vasco;SANIDAD;94,6
Hombres;País Vasco;SEGURIDAD Y MEDIO AMBIENTE;93,1
Hombres;País Vasco;SERVICIOS SOCIOCULTURALES Y A LA COMUNIDAD;96,2
Hombres;País Vasco;TEXTIL, CONFECCIÓN Y PIEL;96,1
Hombres;País Vasco;TRANSPORTE Y MANTENIMIENTO DE VEHÍCULOS;96,1
Hombres;País Vasco;VIDRIO Y CERÁMICA;.
Hombres;Rioja, La;ACTIVIDADES FÍSICAS Y DEPORTIVAS;81,6
Hombres;Rioja, La;ADMINISTRACIÓN Y GESTIÓN;83,8
Hombres;Rioja, La;AGRARIA;64,6
Hombres;Rioja, La;ARTES GRÁFICAS;.
Hombres;Rioja, La;ARTES Y ARTESANÍAS;.
Hombres;Rioja, La;COMERCIO Y MARKETING;86,1
Hombres;Rioja, La;EDIFICACIÓN Y OBRA CIVIL;88,8
Hombres;Rioja, La;ELECTRICIDAD Y ELECTRÓNICA;80,3
Hombres;Rioja, La;ENERGÍA Y AGUA;98,0
Hombres;Rioja, La;FABRICACIÓN MECÁNICA;85,9
Hombres;Rioja, La;HOSTELERÍA Y TURISMO;86,6
Hombres;Rioja, La;IMAGEN PERSONAL;77,4
Hombres;Rioja, La;IMAGEN Y SONIDO;.
Hombres;Rioja, La;INDUSTRIAS ALIMENTARIAS;75,8
Hombres;Rioja, La;INDUSTRIAS EXTRACTIVAS;.
Hombres;Rioja, La;INFORMÁTICA Y COMUNICACIONES;86,6
Hombres;Rioja, La;INSTALACIÓN Y MANTENIMIENTO;86,3
Hombres;Rioja, La;MADERA, MUEBLE Y CORCHO;.
Hombres;Rioja, La;MARÍTIMO-PESQUERA;.
Hombres;Rioja, La;QUÍMICA;88,3
Hombres;Rioja, La;SANIDAD;90,6
Hombres;Rioja, La;SEGURIDAD Y MEDIO AMBIENTE;69,3
Hombres;Rioja, La;SERVICIOS SOCIOCULTURALES Y A LA COMUNIDAD;93,7
Hombres;Rioja, La;TEXTIL, CONFECCIÓN Y PIEL;87,8
Hombres;Rioja, La;TRANSPORTE Y MANTENIMIENTO DE VEHÍCULOS;89,8
Hombres;Rioja, La;VIDRIO Y CERÁMICA;.
Hombres;Ceuta;ACTIVIDADES FÍSICAS Y DEPORTIVAS;81,3
Hombres;Ceuta;ADMINISTRACIÓN Y GESTIÓN;0,0
Hombres;Ceuta;AGRARIA;60,7
Hombres;Ceuta;ARTES GRÁFICAS;.
Hombres;Ceuta;ARTES Y ARTESANÍAS;.
Hombres;Ceuta;COMERCIO Y MARKETING;.
Hombres;Ceuta;EDIFICACIÓN Y OBRA CIVIL;60,7
Hombres;Ceuta;ELECTRICIDAD Y ELECTRÓNICA;67,0
Hombres;Ceuta;ENERGÍA Y AGUA;83,3
Hombres;Ceuta;FABRICACIÓN MECÁNICA;.
Hombres;Ceuta;HOSTELERÍA Y TURISMO;56,5
Hombres;Ceuta;IMAGEN PERSONAL;0,0
Hombres;Ceuta;IMAGEN Y SONIDO;84,1
Hombres;Ceuta;INDUSTRIAS ALIMENTARIAS;.
Hombres;Ceuta;INDUSTRIAS EXTRACTIVAS;.
Hombres;Ceuta;INFORMÁTICA Y COMUNICACIONES;0,0
Hombres;Ceuta;INSTALACIÓN Y MANTENIMIENTO;.
Hombres;Ceuta;MADERA, MUEBLE Y CORCHO;.
Hombres;Ceuta;MARÍTIMO-PESQUERA;.
Hombres;Ceuta;QUÍMICA;.
Hombres;Ceuta;SANIDAD;75,4
Hombres;Ceuta;SEGURIDAD Y MEDIO AMBIENTE;54,6
Hombres;Ceuta;SERVICIOS SOCIOCULTURALES Y A LA COMUNIDAD;73,6
Hombres;Ceuta;TEXTIL, CONFECCIÓN Y PIEL;.
Hombres;Ceuta;TRANSPORTE Y MANTENIMIENTO DE VEHÍCULOS;53,2
Hombres;Ceuta;VIDRIO Y CERÁMICA;.
Hombres;Melilla;ACTIVIDADES FÍSICAS Y DEPORTIVAS;63,3
Hombres;Melilla;ADMINISTRACIÓN Y GESTIÓN;73,0
Hombres;Melilla;AGRARIA;.
Hombres;Melilla;ARTES GRÁFICAS;.
Hombres;Melilla;ARTES Y ARTESANÍAS;.
Hombres;Melilla;COMERCIO Y MARKETING;90,4
Hombres;Melilla;EDIFICACIÓN Y OBRA CIVIL;.
Hombres;Melilla;ELECTRICIDAD Y ELECTRÓNICA;80,6
Hombres;Melilla;ENERGÍA Y AGUA;.
Hombres;Melilla;FABRICACIÓN MECÁNICA;.
Hombres;Melilla;HOSTELERÍA Y TURISMO;86,2
Hombres;Melilla;IMAGEN PERSONAL;.
Hombres;Melilla;IMAGEN Y SONIDO;84,2
Hombres;Melilla;INDUSTRIAS ALIMENTARIAS;.
Hombres;Melilla;INDUSTRIAS EXTRACTIVAS;.
Hombres;Melilla;INFORMÁTICA Y COMUNICACIONES;66,3
Hombres;Melilla;INSTALACIÓN Y MANTENIMIENTO;.
Hombres;Melilla;MADERA, MUEBLE Y CORCHO;.
Hombres;Melilla;MARÍTIMO-PESQUERA;.
Hombres;Melilla;QUÍMICA;.
Hombres;Melilla;SANIDAD;77,0
Hombres;Melilla;SEGURIDAD Y MEDIO AMBIENTE;49,0
Hombres;Melilla;SERVICIOS SOCIOCULTURALES Y A LA COMUNIDAD;90,5
Hombres;Melilla;TEXTIL, CONFECCIÓN Y PIEL;.
Hombres;Melilla;TRANSPORTE Y MANTENIMIENTO DE VEHÍCULOS;73,3
Hombres;Melilla;VIDRIO Y CERÁMICA;.
Mujeres;TOTAL;ACTIVIDADES FÍSICAS Y DEPORTIVAS;92,4
Mujeres;TOTAL;ADMINISTRACIÓN Y GESTIÓN;86,2
Mujeres;TOTAL;AGRARIA;88,8
Mujeres;TOTAL;ARTES GRÁFICAS;88,8
Mujeres;TOTAL;ARTES Y ARTESANÍAS;77,4
Mujeres;TOTAL;COMERCIO Y MARKETING;87,6
Mujeres;TOTAL;EDIFICACIÓN Y OBRA CIVIL;77,9
Mujeres;TOTAL;ELECTRICIDAD Y ELECTRÓNICA;81,4
Mujeres;TOTAL;ENERGÍA Y AGUA;80,3
Mujeres;TOTAL;FABRICACIÓN MECÁNICA;85,2
Mujeres;TOTAL;HOSTELERÍA Y TURISMO;84,9
Mujeres;TOTAL;IMAGEN PERSONAL;88,6
Mujeres;TOTAL;IMAGEN Y SONIDO;91,4
Mujeres;TOTAL;INDUSTRIAS ALIMENTARIAS;83,5
Mujeres;TOTAL;INDUSTRIAS EXTRACTIVAS;.
Mujeres;TOTAL;INFORMÁTICA Y COMUNICACIONES;81,1
Mujeres;TOTAL;INSTALACIÓN Y MANTENIMIENTO;79,8
Mujeres;TOTAL;MADERA, MUEBLE Y CORCHO;84,6
Mujeres;TOTAL;MARÍTIMO-PESQUERA;92,7
Mujeres;TOTAL;QUÍMICA;83,1
Mujeres;TOTAL;SANIDAD;92,1
Mujeres;TOTAL;SEGURIDAD Y MEDIO AMBIENTE;86,4
Mujeres;TOTAL;SERVICIOS SOCIOCULTURALES Y A LA COMUNIDAD;91,0
Mujeres;TOTAL;TEXTIL, CONFECCIÓN Y PIEL;87,4
Mujeres;TOTAL;TRANSPORTE Y MANTENIMIENTO DE VEHÍCULOS;87,6
Mujeres;TOTAL;VIDRIO Y CERÁMICA;76,3
Mujeres;Andalucía;ACTIVIDADES FÍSICAS Y DEPORTIVAS;96,0
Mujeres;Andalucía;ADMINISTRACIÓN Y GESTIÓN;90,1
Mujeres;Andalucía;AGRARIA;93,2
Mujeres;Andalucía;ARTES GRÁFICAS;91,0
Mujeres;Andalucía;ARTES Y ARTESANÍAS;.
Mujeres;Andalucía;COMERCIO Y MARKETING;91,6
Mujeres;Andalucía;EDIFICACIÓN Y OBRA CIVIL;77,6
Mujeres;Andalucía;ELECTRICIDAD Y ELECTRÓNICA;84,0
Mujeres;Andalucía;ENERGÍA Y AGUA;88,3
Mujeres;Andalucía;FABRICACIÓN MECÁNICA;82,3
Mujeres;Andalucía;HOSTELERÍA Y TURISMO;88,6
Mujeres;Andalucía;IMAGEN PERSONAL;92,7
Mujeres;Andalucía;IMAGEN Y SONIDO;93,1
Mujeres;Andalucía;INDUSTRIAS ALIMENTARIAS;84,1
Mujeres;Andalucía;INDUSTRIAS EXTRACTIVAS;.
Mujeres;Andalucía;INFORMÁTICA Y COMUNICACIONES;84,1
Mujeres;Andalucía;INSTALACIÓN Y MANTENIMIENTO;70,9
Mujeres;Andalucía;MADERA, MUEBLE Y CORCHO;88,5
Mujeres;Andalucía;MARÍTIMO-PESQUERA;93,7
Mujeres;Andalucía;QUÍMICA;86,8
Mujeres;Andalucía;SANIDAD;97,6
Mujeres;Andalucía;SEGURIDAD Y MEDIO AMBIENTE;91,4
Mujeres;Andalucía;SERVICIOS SOCIOCULTURALES Y A LA COMUNIDAD;96,0
Mujeres;Andalucía;TEXTIL, CONFECCIÓN Y PIEL;94,9
Mujeres;Andalucía;TRANSPORTE Y MANTENIMIENTO DE VEHÍCULOS;89,8
Mujeres;Andalucía;VIDRIO Y CERÁMICA;.
Mujeres;Aragón;ACTIVIDADES FÍSICAS Y DEPORTIVAS;95,0
Mujeres;Aragón;ADMINISTRACIÓN Y GESTIÓN;82,5
Mujeres;Aragón;AGRARIA;88,1
Mujeres;Aragón;ARTES GRÁFICAS;90,4
Mujeres;Aragón;ARTES Y ARTESANÍAS;.
Mujeres;Aragón;COMERCIO Y MARKETING;77,5
Mujeres;Aragón;EDIFICACIÓN Y OBRA CIVIL;83,3
Mujeres;Aragón;ELECTRICIDAD Y ELECTRÓNICA;85,0
Mujeres;Aragón;ENERGÍA Y AGUA;100,0
Mujeres;Aragón;FABRICACIÓN MECÁNICA;92,5
Mujeres;Aragón;HOSTELERÍA Y TURISMO;85,4
Mujeres;Aragón;IMAGEN PERSONAL;91,3
Mujeres;Aragón;IMAGEN Y SONIDO;89,6
Mujeres;Aragón;INDUSTRIAS ALIMENTARIAS;78,7
Mujeres;Aragón;INDUSTRIAS EXTRACTIVAS;.
Mujeres;Aragón;INFORMÁTICA Y COMUNICACIONES;82,3
Mujeres;Aragón;INSTALACIÓN Y MANTENIMIENTO;79,3
Mujeres;Aragón;MADERA, MUEBLE Y CORCHO;84,9
Mujeres;Aragón;MARÍTIMO-PESQUERA;.
Mujeres;Aragón;QUÍMICA;88,7
Mujeres;Aragón;SANIDAD;83,6
Mujeres;Aragón;SEGURIDAD Y MEDIO AMBIENTE;89,8
Mujeres;Aragón;SERVICIOS SOCIOCULTURALES Y A LA COMUNIDAD;94,4
Mujeres;Aragón;TEXTIL, CONFECCIÓN Y PIEL;92,3
Mujeres;Aragón;TRANSPORTE Y MANTENIMIENTO DE VEHÍCULOS;62,2
Mujeres;Aragón;VIDRIO Y CERÁMICA;.
Mujeres;Asturias, Principado de;ACTIVIDADES FÍSICAS Y DEPORTIVAS;86,5
Mujeres;Asturias, Principado de;ADMINISTRACIÓN Y GESTIÓN;83,1
Mujeres;Asturias, Principado de;AGRARIA;93,1
Mujeres;Asturias, Principado de;ARTES GRÁFICAS;76,2
Mujeres;Asturias, Principado de;ARTES Y ARTESANÍAS;.
Mujeres;Asturias, Principado de;COMERCIO Y MARKETING;83,9
Mujeres;Asturias, Principado de;EDIFICACIÓN Y OBRA CIVIL;76,4
Mujeres;Asturias, Principado de;ELECTRICIDAD Y ELECTRÓNICA;79,5
Mujeres;Asturias, Principado de;ENERGÍA Y AGUA;100,0
Mujeres;Asturias, Principado de;FABRICACIÓN MECÁNICA;70,2
Mujeres;Asturias, Principado de;HOSTELERÍA Y TURISMO;80,8
Mujeres;Asturias, Principado de;IMAGEN PERSONAL;83,5
Mujeres;Asturias, Principado de;IMAGEN Y SONIDO;85,5
Mujeres;Asturias, Principado de;INDUSTRIAS ALIMENTARIAS;94,6
Mujeres;Asturias, Principado de;INDUSTRIAS EXTRACTIVAS;.
Mujeres;Asturias, Principado de;INFORMÁTICA Y COMUNICACIONES;79,5
Mujeres;Asturias, Principado de;INSTALACIÓN Y MANTENIMIENTO;90,7
Mujeres;Asturias, Principado de;MADERA, MUEBLE Y CORCHO;.
Mujeres;Asturias, Principado de;MARÍTIMO-PESQUERA;75,0
Mujeres;Asturias, Principado de;QUÍMICA;78,6
Mujeres;Asturias, Principado de;SANIDAD;92,4
Mujeres;Asturias, Principado de;SEGURIDAD Y MEDIO AMBIENTE;87,4
Mujeres;Asturias, Principado de;SERVICIOS SOCIOCULTURALES Y A LA COMUNIDAD;85,2
Mujeres;Asturias, Principado de;TEXTIL, CONFECCIÓN Y PIEL;.
Mujeres;Asturias, Principado de;TRANSPORTE Y MANTENIMIENTO DE VEHÍCULOS;91,4
Mujeres;Asturias, Principado de;VIDRIO Y CERÁMICA;.
Mujeres;Balears, Illes;ACTIVIDADES FÍSICAS Y DEPORTIVAS;94,7
Mujeres;Balears, Illes;ADMINISTRACIÓN Y GESTIÓN;92,1
Mujeres;Balears, Illes;AGRARIA;89,2
Mujeres;Balears, Illes;ARTES GRÁFICAS;97,3
Mujeres;Balears, Illes;ARTES Y ARTESANÍAS;.
Mujeres;Balears, Illes;COMERCIO Y MARKETING;96,7
Mujeres;Balears, Illes;EDIFICACIÓN Y OBRA CIVIL;84,2
Mujeres;Balears, Illes;ELECTRICIDAD Y ELECTRÓNICA;81,8
Mujeres;Balears, Illes;ENERGÍA Y AGUA;100,0
Mujeres;Balears, Illes;FABRICACIÓN MECÁNICA;.
Mujeres;Balears, Illes;HOSTELERÍA Y TURISMO;94,0
Mujeres;Balears, Illes;IMAGEN PERSONAL;94,6
Mujeres;Balears, Illes;IMAGEN Y SONIDO;95,9
Mujeres;Balears, Illes;INDUSTRIAS ALIMENTARIAS;98,4
Mujeres;Balears, Illes;INDUSTRIAS EXTRACTIVAS;.
Mujeres;Balears, Illes;INFORMÁTICA Y COMUNICACIONES;92,8
Mujeres;Balears, Illes;INSTALACIÓN Y MANTENIMIENTO;.
Mujeres;Balears, Illes;MADERA, MUEBLE Y CORCHO;97,2
Mujeres;Balears, Illes;MARÍTIMO-PESQUERA;98,6
Mujeres;Balears, Illes;QUÍMICA;80,2
Mujeres;Balears, Illes;SANIDAD;89,9
Mujeres;Balears, Illes;SEGURIDAD Y MEDIO AMBIENTE;.
Mujeres;Balears, Illes;SERVICIOS SOCIOCULTURALES Y A LA COMUNIDAD;96,0
Mujeres;Balears, Illes;TEXTIL, CONFECCIÓN Y PIEL;.
Mujeres;Balears, Illes;TRANSPORTE Y MANTENIMIENTO DE VEHÍCULOS;80,0
Mujeres;Balears, Illes;VIDRIO Y CERÁMICA;.
Mujeres;Canarias;ACTIVIDADES FÍSICAS Y DEPORTIVAS;88,9
Mujeres;Canarias;ADMINISTRACIÓN Y GESTIÓN;89,5
Mujeres;Canarias;AGRARIA;90,3
Mujeres;Canarias;ARTES GRÁFICAS;79,8
Mujeres;Canarias;ARTES Y ARTESANÍAS;.
Mujeres;Canarias;COMERCIO Y MARKETING;92,2
Mujeres;Canarias;EDIFICACIÓN Y OBRA CIVIL;89,2
Mujeres;Canarias;ELECTRICIDAD Y ELECTRÓNICA;74,4
Mujeres;Canarias;ENERGÍA Y AGUA;93,5
Mujeres;Canarias;FABRICACIÓN MECÁNICA;100,0
Mujeres;Canarias;HOSTELERÍA Y TURISMO;87,0
Mujeres;Canarias;IMAGEN PERSONAL;93,4
Mujeres;Canarias;IMAGEN Y SONIDO;92,8
Mujeres;Canarias;INDUSTRIAS ALIMENTARIAS;89,6
Mujeres;Canarias;INDUSTRIAS EXTRACTIVAS;.
Mujeres;Canarias;INFORMÁTICA Y COMUNICACIONES;80,0
Mujeres;Canarias;INSTALACIÓN Y MANTENIMIENTO;63,8
Mujeres;Canarias;MADERA, MUEBLE Y CORCHO;92,7
Mujeres;Canarias;MARÍTIMO-PESQUERA;91,4
Mujeres;Canarias;QUÍMICA;88,0
Mujeres;Canarias;SANIDAD;95,8
Mujeres;Canarias;SEGURIDAD Y MEDIO AMBIENTE;89,5
Mujeres;Canarias;SERVICIOS SOCIOCULTURALES Y A LA COMUNIDAD;94,1
Mujeres;Canarias;TEXTIL, CONFECCIÓN Y PIEL;89,0
Mujeres;Canarias;TRANSPORTE Y MANTENIMIENTO DE VEHÍCULOS;84,4
Mujeres;Canarias;VIDRIO Y CERÁMICA;.
Mujeres;Cantabria;ACTIVIDADES FÍSICAS Y DEPORTIVAS;96,1
Mujeres;Cantabria;ADMINISTRACIÓN Y GESTIÓN;96,7
Mujeres;Cantabria;AGRARIA;83,4
Mujeres;Cantabria;ARTES GRÁFICAS;98,0
Mujeres;Cantabria;ARTES Y ARTESANÍAS;.
Mujeres;Cantabria;COMERCIO Y MARKETING;95,7
Mujeres;Cantabria;EDIFICACIÓN Y OBRA CIVIL;88,9
Mujeres;Cantabria;ELECTRICIDAD Y ELECTRÓNICA;84,7
Mujeres;Cantabria;ENERGÍA Y AGUA;95,0
Mujeres;Cantabria;FABRICACIÓN MECÁNICA;93,9
Mujeres;Cantabria;HOSTELERÍA Y TURISMO;90,5
Mujeres;Cantabria;IMAGEN PERSONAL;92,2
Mujeres;Cantabria;IMAGEN Y SONIDO;85,7
Mujeres;Cantabria;INDUSTRIAS ALIMENTARIAS;85,6
Mujeres;Cantabria;INDUSTRIAS EXTRACTIVAS;.
Mujeres;Cantabria;INFORMÁTICA Y COMUNICACIONES;85,0
Mujeres;Cantabria;INSTALACIÓN Y MANTENIMIENTO;85,0
Mujeres;Cantabria;MADERA, MUEBLE Y CORCHO;92,6
Mujeres;Cantabria;MARÍTIMO-PESQUERA;.
Mujeres;Cantabria;QUÍMICA;96,2
Mujeres;Cantabria;SANIDAD;97,3
Mujeres;Cantabria;SEGURIDAD Y MEDIO AMBIENTE;98,3
Mujeres;Cantabria;SERVICIOS SOCIOCULTURALES Y A LA COMUNIDAD;96,7
Mujeres;Cantabria;TEXTIL, CONFECCIÓN Y PIEL;.
Mujeres;Cantabria;TRANSPORTE Y MANTENIMIENTO DE VEHÍCULOS;95,8
Mujeres;Cantabria;VIDRIO Y CERÁMICA;.
Mujeres;Castilla y León;ACTIVIDADES FÍSICAS Y DEPORTIVAS;89,9
Mujeres;Castilla y León;ADMINISTRACIÓN Y GESTIÓN;84,0
Mujeres;Castilla y León;AGRARIA;90,0
Mujeres;Castilla y León;ARTES GRÁFICAS;76,7
Mujeres;Castilla y León;ARTES Y ARTESANÍAS;.
Mujeres;Castilla y León;COMERCIO Y MARKETING;83,1
Mujeres;Castilla y León;EDIFICACIÓN Y OBRA CIVIL;63,9
Mujeres;Castilla y León;ELECTRICIDAD Y ELECTRÓNICA;71,5
Mujeres;Castilla y León;ENERGÍA Y AGUA;82,6
Mujeres;Castilla y León;FABRICACIÓN MECÁNICA;75,9
Mujeres;Castilla y León;HOSTELERÍA Y TURISMO;78,9
Mujeres;Castilla y León;IMAGEN PERSONAL;85,6
Mujeres;Castilla y León;IMAGEN Y SONIDO;85,6
Mujeres;Castilla y León;INDUSTRIAS ALIMENTARIAS;79,7
Mujeres;Castilla y León;INDUSTRIAS EXTRACTIVAS;.
Mujeres;Castilla y León;INFORMÁTICA Y COMUNICACIONES;79,1
Mujeres;Castilla y León;INSTALACIÓN Y MANTENIMIENTO;90,3
Mujeres;Castilla y León;MADERA, MUEBLE Y CORCHO;50,0
Mujeres;Castilla y León;MARÍTIMO-PESQUERA;.
Mujeres;Castilla y León;QUÍMICA;75,1
Mujeres;Castilla y León;SANIDAD;85,1
Mujeres;Castilla y León;SEGURIDAD Y MEDIO AMBIENTE;79,0
Mujeres;Castilla y León;SERVICIOS SOCIOCULTURALES Y A LA COMUNIDAD;90,3
Mujeres;Castilla y León;TEXTIL, CONFECCIÓN Y PIEL;89,7
Mujeres;Castilla y León;TRANSPORTE Y MANTENIMIENTO DE VEHÍCULOS;91,5
Mujeres;Castilla y León;VIDRIO Y CERÁMICA;.
Mujeres;Castilla.La Mancha;ACTIVIDADES FÍSICAS Y DEPORTIVAS;97,5
Mujeres;Castilla.La Mancha;ADMINISTRACIÓN Y GESTIÓN;97,4
Mujeres;Castilla.La Mancha;AGRARIA;98,2
Mujeres;Castilla.La Mancha;ARTES GRÁFICAS;.
Mujeres;Castilla.La Mancha;ARTES Y ARTESANÍAS;.
Mujeres;Castilla.La Mancha;COMERCIO Y MARKETING;98,8
Mujeres;Castilla.La Mancha;EDIFICACIÓN Y OBRA CIVIL;91,3
Mujeres;Castilla.La Mancha;ELECTRICIDAD Y ELECTRÓNICA;97,2
Mujeres;Castilla.La Mancha;ENERGÍA Y AGUA;98,7
Mujeres;Castilla.La Mancha;FABRICACIÓN MECÁNICA;100,0
Mujeres;Castilla.La Mancha;HOSTELERÍA Y TURISMO;98,4
Mujeres;Castilla.La Mancha;IMAGEN PERSONAL;98,6
Mujeres;Castilla.La Mancha;IMAGEN Y SONIDO;94,7
Mujeres;Castilla.La Mancha;INDUSTRIAS ALIMENTARIAS;96,1
Mujeres;Castilla.La Mancha;INDUSTRIAS EXTRACTIVAS;.
Mujeres;Castilla.La Mancha;INFORMÁTICA Y COMUNICACIONES;96,1
Mujeres;Castilla.La Mancha;INSTALACIÓN Y MANTENIMIENTO;98,4
Mujeres;Castilla.La Mancha;MADERA, MUEBLE Y CORCHO;100,0
Mujeres;Castilla.La Mancha;MARÍTIMO-PESQUERA;.
Mujeres;Castilla.La Mancha;QUÍMICA;98,2
Mujeres;Castilla.La Mancha;SANIDAD;98,6
Mujeres;Castilla.La Mancha;SEGURIDAD Y MEDIO AMBIENTE;98,1
Mujeres;Castilla.La Mancha;SERVICIOS SOCIOCULTURALES Y A LA COMUNIDAD;97,7
Mujeres;Castilla.La Mancha;TEXTIL, CONFECCIÓN Y PIEL;95,4
Mujeres;Castilla.La Mancha;TRANSPORTE Y MANTENIMIENTO DE VEHÍCULOS;98,3
Mujeres;Castilla.La Mancha;VIDRIO Y CERÁMICA;.
Mujeres;Cataluña;ACTIVIDADES FÍSICAS Y DEPORTIVAS;..
Mujeres;Cataluña;ADMINISTRACIÓN Y GESTIÓN;..
Mujeres;Cataluña;AGRARIA;..
Mujeres;Cataluña;ARTES GRÁFICAS;..
Mujeres;Cataluña;ARTES Y ARTESANÍAS;..
Mujeres;Cataluña;COMERCIO Y MARKETING;..
Mujeres;Cataluña;EDIFICACIÓN Y OBRA CIVIL;..
Mujeres;Cataluña;ELECTRICIDAD Y ELECTRÓNICA;..
Mujeres;Cataluña;ENERGÍA Y AGUA;..
Mujeres;Cataluña;FABRICACIÓN MECÁNICA;..
Mujeres;Cataluña;HOSTELERÍA Y TURISMO;..
Mujeres;Cataluña;IMAGEN PERSONAL;..
Mujeres;Cataluña;IMAGEN Y SONIDO;..
Mujeres;Cataluña;INDUSTRIAS ALIMENTARIAS;..
Mujeres;Cataluña;INDUSTRIAS EXTRACTIVAS;..
Mujeres;Cataluña;INFORMÁTICA Y COMUNICACIONES;..
Mujeres;Cataluña;INSTALACIÓN Y MANTENIMIENTO;..
Mujeres;Cataluña;MADERA, MUEBLE Y CORCHO;..
Mujeres;Cataluña;MARÍTIMO-PESQUERA;..
Mujeres;Cataluña;QUÍMICA;..
Mujeres;Cataluña;SANIDAD;..
Mujeres;Cataluña;SEGURIDAD Y MEDIO AMBIENTE;..
Mujeres;Cataluña;SERVICIOS SOCIOCULTURALES Y A LA COMUNIDAD;..
Mujeres;Cataluña;TEXTIL, CONFECCIÓN Y PIEL;..
Mujeres;Cataluña;TRANSPORTE Y MANTENIMIENTO DE VEHÍCULOS;..
Mujeres;Cataluña;VIDRIO Y CERÁMICA;..
Mujeres;Comunitat Valenciana;ACTIVIDADES FÍSICAS Y DEPORTIVAS;91,9
Mujeres;Comunitat Valenciana;ADMINISTRACIÓN Y GESTIÓN;78,0
Mujeres;Comunitat Valenciana;AGRARIA;74,4
Mujeres;Comunitat Valenciana;ARTES GRÁFICAS;79,3
Mujeres;Comunitat Valenciana;ARTES Y ARTESANÍAS;77,4
Mujeres;Comunitat Valenciana;COMERCIO Y MARKETING;79,8
Mujeres;Comunitat Valenciana;EDIFICACIÓN Y OBRA CIVIL;64,1
Mujeres;Comunitat Valenciana;ELECTRICIDAD Y ELECTRÓNICA;68,2
Mujeres;Comunitat Valenciana;ENERGÍA Y AGUA;67,3
Mujeres;Comunitat Valenciana;FABRICACIÓN MECÁNICA;78,8
Mujeres;Comunitat Valenciana;HOSTELERÍA Y TURISMO;73,4
Mujeres;Comunitat Valenciana;IMAGEN PERSONAL;79,2
Mujeres;Comunitat Valenciana;IMAGEN Y SONIDO;83,9
Mujeres;Comunitat Valenciana;INDUSTRIAS ALIMENTARIAS;78,1
Mujeres;Comunitat Valenciana;INDUSTRIAS EXTRACTIVAS;.
Mujeres;Comunitat Valenciana;INFORMÁTICA Y COMUNICACIONES;68,1
Mujeres;Comunitat Valenciana;INSTALACIÓN Y MANTENIMIENTO;66,8
Mujeres;Comunitat Valenciana;MADERA, MUEBLE Y CORCHO;68,3
Mujeres;Comunitat Valenciana;MARÍTIMO-PESQUERA;81,1
Mujeres;Comunitat Valenciana;QUÍMICA;76,4
Mujeres;Comunitat Valenciana;SANIDAD;85,4
Mujeres;Comunitat Valenciana;SEGURIDAD Y MEDIO AMBIENTE;79,4
Mujeres;Comunitat Valenciana;SERVICIOS SOCIOCULTURALES Y A LA COMUNIDAD;80,3
Mujeres;Comunitat Valenciana;TEXTIL, CONFECCIÓN Y PIEL;74,5
Mujeres;Comunitat Valenciana;TRANSPORTE Y MANTENIMIENTO DE VEHÍCULOS;76,5
Mujeres;Comunitat Valenciana;VIDRIO Y CERÁMICA;76,3
Mujeres;Extremadura;ACTIVIDADES FÍSICAS Y DEPORTIVAS;90,3
Mujeres;Extremadura;ADMINISTRACIÓN Y GESTIÓN;88,0
Mujeres;Extremadura;AGRARIA;97,5
Mujeres;Extremadura;ARTES GRÁFICAS;85,3
Mujeres;Extremadura;ARTES Y ARTESANÍAS;.
Mujeres;Extremadura;COMERCIO Y MARKETING;91,4
Mujeres;Extremadura;EDIFICACIÓN Y OBRA CIVIL;75,9
Mujeres;Extremadura;ELECTRICIDAD Y ELECTRÓNICA;87,3
Mujeres;Extremadura;ENERGÍA Y AGUA;86,7
Mujeres;Extremadura;FABRICACIÓN MECÁNICA;100,0
Mujeres;Extremadura;HOSTELERÍA Y TURISMO;85,6
Mujeres;Extremadura;IMAGEN PERSONAL;91,2
Mujeres;Extremadura;IMAGEN Y SONIDO;81,0
Mujeres;Extremadura;INDUSTRIAS ALIMENTARIAS;90,0
Mujeres;Extremadura;INDUSTRIAS EXTRACTIVAS;.
Mujeres;Extremadura;INFORMÁTICA Y COMUNICACIONES;84,7
Mujeres;Extremadura;INSTALACIÓN Y MANTENIMIENTO;100,0
Mujeres;Extremadura;MADERA, MUEBLE Y CORCHO;71,0
Mujeres;Extremadura;MARÍTIMO-PESQUERA;.
Mujeres;Extremadura;QUÍMICA;75,8
Mujeres;Extremadura;SANIDAD;92,5
Mujeres;Extremadura;SEGURIDAD Y MEDIO AMBIENTE;97,9
Mujeres;Extremadura;SERVICIOS SOCIOCULTURALES Y A LA COMUNIDAD;93,9
Mujeres;Extremadura;TEXTIL, CONFECCIÓN Y PIEL;95,1
Mujeres;Extremadura;TRANSPORTE Y MANTENIMIENTO DE VEHÍCULOS;94,7
Mujeres;Extremadura;VIDRIO Y CERÁMICA;.
Mujeres;Galicia;ACTIVIDADES FÍSICAS Y DEPORTIVAS;94,1
Mujeres;Galicia;ADMINISTRACIÓN Y GESTIÓN;84,7
Mujeres;Galicia;AGRARIA;93,4
Mujeres;Galicia;ARTES GRÁFICAS;88,5
Mujeres;Galicia;ARTES Y ARTESANÍAS;.
Mujeres;Galicia;COMERCIO Y MARKETING;89,6
Mujeres;Galicia;EDIFICACIÓN Y OBRA CIVIL;81,5
Mujeres;Galicia;ELECTRICIDAD Y ELECTRÓNICA;75,2
Mujeres;Galicia;ENERGÍA Y AGUA;73,2
Mujeres;Galicia;FABRICACIÓN MECÁNICA;70,7
Mujeres;Galicia;HOSTELERÍA Y TURISMO;88,0
Mujeres;Galicia;IMAGEN PERSONAL;86,5
Mujeres;Galicia;IMAGEN Y SONIDO;90,4
Mujeres;Galicia;INDUSTRIAS ALIMENTARIAS;76,8
Mujeres;Galicia;INDUSTRIAS EXTRACTIVAS;.
Mujeres;Galicia;INFORMÁTICA Y COMUNICACIONES;79,2
Mujeres;Galicia;INSTALACIÓN Y MANTENIMIENTO;71,4
Mujeres;Galicia;MADERA, MUEBLE Y CORCHO;78,1
Mujeres;Galicia;MARÍTIMO-PESQUERA;91,6
Mujeres;Galicia;QUÍMICA;79,8
Mujeres;Galicia;SANIDAD;92,6
Mujeres;Galicia;SEGURIDAD Y MEDIO AMBIENTE;87,6
Mujeres;Galicia;SERVICIOS SOCIOCULTURALES Y A LA COMUNIDAD;94,5
Mujeres;Galicia;TEXTIL, CONFECCIÓN Y PIEL;87,2
Mujeres;Galicia;TRANSPORTE Y MANTENIMIENTO DE VEHÍCULOS;85,0
Mujeres;Galicia;VIDRIO Y CERÁMICA;.
Mujeres;Madrid, Comunidad de;ACTIVIDADES FÍSICAS Y DEPORTIVAS;87,3
Mujeres;Madrid, Comunidad de;ADMINISTRACIÓN Y GESTIÓN;80,7
Mujeres;Madrid, Comunidad de;AGRARIA;70,9
Mujeres;Madrid, Comunidad de;ARTES GRÁFICAS;93,0
Mujeres;Madrid, Comunidad de;ARTES Y ARTESANÍAS;.
Mujeres;Madrid, Comunidad de;COMERCIO Y MARKETING;85,6
Mujeres;Madrid, Comunidad de;EDIFICACIÓN Y OBRA CIVIL;75,6
Mujeres;Madrid, Comunidad de;ELECTRICIDAD Y ELECTRÓNICA;87,2
Mujeres;Madrid, Comunidad de;ENERGÍA Y AGUA;53,4
Mujeres;Madrid, Comunidad de;FABRICACIÓN MECÁNICA;70,2
Mujeres;Madrid, Comunidad de;HOSTELERÍA Y TURISMO;80,7
Mujeres;Madrid, Comunidad de;IMAGEN PERSONAL;89,9
Mujeres;Madrid, Comunidad de;IMAGEN Y SONIDO;94,1
Mujeres;Madrid, Comunidad de;INDUSTRIAS ALIMENTARIAS;77,3
Mujeres;Madrid, Comunidad de;INDUSTRIAS EXTRACTIVAS;.
Mujeres;Madrid, Comunidad de;INFORMÁTICA Y COMUNICACIONES;83,0
Mujeres;Madrid, Comunidad de;INSTALACIÓN Y MANTENIMIENTO;63,9
Mujeres;Madrid, Comunidad de;MADERA, MUEBLE Y CORCHO;94,5
Mujeres;Madrid, Comunidad de;MARÍTIMO-PESQUERA;.
Mujeres;Madrid, Comunidad de;QUÍMICA;73,3
Mujeres;Madrid, Comunidad de;SANIDAD;90,3
Mujeres;Madrid, Comunidad de;SEGURIDAD Y MEDIO AMBIENTE;82,9
Mujeres;Madrid, Comunidad de;SERVICIOS SOCIOCULTURALES Y A LA COMUNIDAD;88,8
Mujeres;Madrid, Comunidad de;TEXTIL, CONFECCIÓN Y PIEL;87,7
Mujeres;Madrid, Comunidad de;TRANSPORTE Y MANTENIMIENTO DE VEHÍCULOS;85,9
Mujeres;Madrid, Comunidad de;VIDRIO Y CERÁMICA;.
Mujeres;Murcia (Región de );ACTIVIDADES FÍSICAS Y DEPORTIVAS;90,4
Mujeres;Murcia (Región de );ADMINISTRACIÓN Y GESTIÓN;86,3
Mujeres;Murcia (Región de );AGRARIA;90,8
Mujeres;Murcia (Región de );ARTES GRÁFICAS;55,4
Mujeres;Murcia (Región de );ARTES Y ARTESANÍAS;.
Mujeres;Murcia (Región de );COMERCIO Y MARKETING;90,0
Mujeres;Murcia (Región de );EDIFICACIÓN Y OBRA CIVIL;73,0
Mujeres;Murcia (Región de );ELECTRICIDAD Y ELECTRÓNICA;71,6
Mujeres;Murcia (Región de );ENERGÍA Y AGUA;62,8
Mujeres;Murcia (Región de );FABRICACIÓN MECÁNICA;82,6
Mujeres;Murcia (Región de );HOSTELERÍA Y TURISMO;72,3
Mujeres;Murcia (Región de );IMAGEN PERSONAL;84,1
Mujeres;Murcia (Región de );IMAGEN Y SONIDO;93,2
Mujeres;Murcia (Región de );INDUSTRIAS ALIMENTARIAS;87,4
Mujeres;Murcia (Región de );INDUSTRIAS EXTRACTIVAS;.
Mujeres;Murcia (Región de );INFORMÁTICA Y COMUNICACIONES;78,5
Mujeres;Murcia (Región de );INSTALACIÓN Y MANTENIMIENTO;75,0
Mujeres;Murcia (Región de );MADERA, MUEBLE Y CORCHO;.
Mujeres;Murcia (Región de );MARÍTIMO-PESQUERA;98,6
Mujeres;Murcia (Región de );QUÍMICA;88,2
Mujeres;Murcia (Región de );SANIDAD;89,2
Mujeres;Murcia (Región de );SEGURIDAD Y MEDIO AMBIENTE;82,9
Mujeres;Murcia (Región de );SERVICIOS SOCIOCULTURALES Y A LA COMUNIDAD;92,4
Mujeres;Murcia (Región de );TEXTIL, CONFECCIÓN Y PIEL;92,5
Mujeres;Murcia (Región de );TRANSPORTE Y MANTENIMIENTO DE VEHÍCULOS;83,8
Mujeres;Murcia (Región de );VIDRIO Y CERÁMICA;.
Mujeres;Navarra, Comunidad Foral de;ACTIVIDADES FÍSICAS Y DEPORTIVAS;98,5
Mujeres;Navarra, Comunidad Foral de;ADMINISTRACIÓN Y GESTIÓN;93,1
Mujeres;Navarra, Comunidad Foral de;AGRARIA;96,8
Mujeres;Navarra, Comunidad Foral de;ARTES GRÁFICAS;97,5
Mujeres;Navarra, Comunidad Foral de;ARTES Y ARTESANÍAS;.
Mujeres;Navarra, Comunidad Foral de;COMERCIO Y MARKETING;92,5
Mujeres;Navarra, Comunidad Foral de;EDIFICACIÓN Y OBRA CIVIL;83,2
Mujeres;Navarra, Comunidad Foral de;ELECTRICIDAD Y ELECTRÓNICA;88,2
Mujeres;Navarra, Comunidad Foral de;ENERGÍA Y AGUA;92,6
Mujeres;Navarra, Comunidad Foral de;FABRICACIÓN MECÁNICA;92,3
Mujeres;Navarra, Comunidad Foral de;HOSTELERÍA Y TURISMO;88,9
Mujeres;Navarra, Comunidad Foral de;IMAGEN PERSONAL;88,5
Mujeres;Navarra, Comunidad Foral de;IMAGEN Y SONIDO;100,0
Mujeres;Navarra, Comunidad Foral de;INDUSTRIAS ALIMENTARIAS;81,7
Mujeres;Navarra, Comunidad Foral de;INDUSTRIAS EXTRACTIVAS;.
Mujeres;Navarra, Comunidad Foral de;INFORMÁTICA Y COMUNICACIONES;79,1
Mujeres;Navarra, Comunidad Foral de;INSTALACIÓN Y MANTENIMIENTO;87,9
Mujeres;Navarra, Comunidad Foral de;MADERA, MUEBLE Y CORCHO;100,0
Mujeres;Navarra, Comunidad Foral de;MARÍTIMO-PESQUERA;.
Mujeres;Navarra, Comunidad Foral de;QUÍMICA;96,4
Mujeres;Navarra, Comunidad Foral de;SANIDAD;94,9
Mujeres;Navarra, Comunidad Foral de;SEGURIDAD Y MEDIO AMBIENTE;96,4
Mujeres;Navarra, Comunidad Foral de;SERVICIOS SOCIOCULTURALES Y A LA COMUNIDAD;93,5
Mujeres;Navarra, Comunidad Foral de;TEXTIL, CONFECCIÓN Y PIEL;.
Mujeres;Navarra, Comunidad Foral de;TRANSPORTE Y MANTENIMIENTO DE VEHÍCULOS;81,8
Mujeres;Navarra, Comunidad Foral de;VIDRIO Y CERÁMICA;.
Mujeres;País Vasco;ACTIVIDADES FÍSICAS Y DEPORTIVAS;98,6
Mujeres;País Vasco;ADMINISTRACIÓN Y GESTIÓN;97,0
Mujeres;País Vasco;AGRARIA;89,9
Mujeres;País Vasco;ARTES GRÁFICAS;94,4
Mujeres;País Vasco;ARTES Y ARTESANÍAS;.
Mujeres;País Vasco;COMERCIO Y MARKETING;97,6
Mujeres;País Vasco;EDIFICACIÓN Y OBRA CIVIL;98,3
Mujeres;País Vasco;ELECTRICIDAD Y ELECTRÓNICA;94,3
Mujeres;País Vasco;ENERGÍA Y AGUA;84,6
Mujeres;País Vasco;FABRICACIÓN MECÁNICA;96,7
Mujeres;País Vasco;HOSTELERÍA Y TURISMO;95,8
Mujeres;País Vasco;IMAGEN PERSONAL;98,1
Mujeres;País Vasco;IMAGEN Y SONIDO;95,8
Mujeres;País Vasco;INDUSTRIAS ALIMENTARIAS;92,9
Mujeres;País Vasco;INDUSTRIAS EXTRACTIVAS;.
Mujeres;País Vasco;INFORMÁTICA Y COMUNICACIONES;95,0
Mujeres;País Vasco;INSTALACIÓN Y MANTENIMIENTO;97,0
Mujeres;País Vasco;MADERA, MUEBLE Y CORCHO;100,0
Mujeres;País Vasco;MARÍTIMO-PESQUERA;100,0
Mujeres;País Vasco;QUÍMICA;97,3
Mujeres;País Vasco;SANIDAD;93,7
Mujeres;País Vasco;SEGURIDAD Y MEDIO AMBIENTE;91,9
Mujeres;País Vasco;SERVICIOS SOCIOCULTURALES Y A LA COMUNIDAD;97,3
Mujeres;País Vasco;TEXTIL, CONFECCIÓN Y PIEL;93,8
Mujeres;País Vasco;TRANSPORTE Y MANTENIMIENTO DE VEHÍCULOS;98,6
Mujeres;País Vasco;VIDRIO Y CERÁMICA;.
Mujeres;Rioja, La;ACTIVIDADES FÍSICAS Y DEPORTIVAS;91,0
Mujeres;Rioja, La;ADMINISTRACIÓN Y GESTIÓN;87,9
Mujeres;Rioja, La;AGRARIA;88,4
Mujeres;Rioja, La;ARTES GRÁFICAS;.
Mujeres;Rioja, La;ARTES Y ARTESANÍAS;.
Mujeres;Rioja, La;COMERCIO Y MARKETING;91,3
Mujeres;Rioja, La;EDIFICACIÓN Y OBRA CIVIL;72,2
Mujeres;Rioja, La;ELECTRICIDAD Y ELECTRÓNICA;82,7
Mujeres;Rioja, La;ENERGÍA Y AGUA;100,0
Mujeres;Rioja, La;FABRICACIÓN MECÁNICA;54,2
Mujeres;Rioja, La;HOSTELERÍA Y TURISMO;93,6
Mujeres;Rioja, La;IMAGEN PERSONAL;91,9
Mujeres;Rioja, La;IMAGEN Y SONIDO;.
Mujeres;Rioja, La;INDUSTRIAS ALIMENTARIAS;90,4
Mujeres;Rioja, La;INDUSTRIAS EXTRACTIVAS;.
Mujeres;Rioja, La;INFORMÁTICA Y COMUNICACIONES;90,4
Mujeres;Rioja, La;INSTALACIÓN Y MANTENIMIENTO;59,5
Mujeres;Rioja, La;MADERA, MUEBLE Y CORCHO;.
Mujeres;Rioja, La;MARÍTIMO-PESQUERA;.
Mujeres;Rioja, La;QUÍMICA;91,6
Mujeres;Rioja, La;SANIDAD;89,9
Mujeres;Rioja, La;SEGURIDAD Y MEDIO AMBIENTE;72,6
Mujeres;Rioja, La;SERVICIOS SOCIOCULTURALES Y A LA COMUNIDAD;91,6
Mujeres;Rioja, La;TEXTIL, CONFECCIÓN Y PIEL;89,2
Mujeres;Rioja, La;TRANSPORTE Y MANTENIMIENTO DE VEHÍCULOS;.
Mujeres;Rioja, La;VIDRIO Y CERÁMICA;.
Mujeres;Ceuta;ACTIVIDADES FÍSICAS Y DEPORTIVAS;72,5
Mujeres;Ceuta;ADMINISTRACIÓN Y GESTIÓN;0,0
Mujeres;Ceuta;AGRARIA;54,2
Mujeres;Ceuta;ARTES GRÁFICAS;.
Mujeres;Ceuta;ARTES Y ARTESANÍAS;.
Mujeres;Ceuta;COMERCIO Y MARKETING;0,0
Mujeres;Ceuta;EDIFICACIÓN Y OBRA CIVIL;68,6
Mujeres;Ceuta;ELECTRICIDAD Y ELECTRÓNICA;100,0
Mujeres;Ceuta;ENERGÍA Y AGUA;100,0
Mujeres;Ceuta;FABRICACIÓN MECÁNICA;.
Mujeres;Ceuta;HOSTELERÍA Y TURISMO;81,7
Mujeres;Ceuta;IMAGEN PERSONAL;81,0
Mujeres;Ceuta;IMAGEN Y SONIDO;90,9
Mujeres;Ceuta;INDUSTRIAS ALIMENTARIAS;.
Mujeres;Ceuta;INDUSTRIAS EXTRACTIVAS;.
Mujeres;Ceuta;INFORMÁTICA Y COMUNICACIONES;0,0
Mujeres;Ceuta;INSTALACIÓN Y MANTENIMIENTO;.
Mujeres;Ceuta;MADERA, MUEBLE Y CORCHO;.
Mujeres;Ceuta;MARÍTIMO-PESQUERA;.
Mujeres;Ceuta;QUÍMICA;.
Mujeres;Ceuta;SANIDAD;63,9
Mujeres;Ceuta;SEGURIDAD Y MEDIO AMBIENTE;71,4
Mujeres;Ceuta;SERVICIOS SOCIOCULTURALES Y A LA COMUNIDAD;88,8
Mujeres;Ceuta;TEXTIL, CONFECCIÓN Y PIEL;.
Mujeres;Ceuta;TRANSPORTE Y MANTENIMIENTO DE VEHÍCULOS;100,0
Mujeres;Ceuta;VIDRIO Y CERÁMICA;.
Mujeres;Melilla;ACTIVIDADES FÍSICAS Y DEPORTIVAS;43,1
Mujeres;Melilla;ADMINISTRACIÓN Y GESTIÓN;64,2
Mujeres;Melilla;AGRARIA;.
Mujeres;Melilla;ARTES GRÁFICAS;.
Mujeres;Melilla;ARTES Y ARTESANÍAS;.
Mujeres;Melilla;COMERCIO Y MARKETING;83,6
Mujeres;Melilla;EDIFICACIÓN Y OBRA CIVIL;.
Mujeres;Melilla;ELECTRICIDAD Y ELECTRÓNICA;100,0
Mujeres;Melilla;ENERGÍA Y AGUA;.
Mujeres;Melilla;FABRICACIÓN MECÁNICA;.
Mujeres;Melilla;HOSTELERÍA Y TURISMO;69,2
Mujeres;Melilla;IMAGEN PERSONAL;.
Mujeres;Melilla;IMAGEN Y SONIDO;55,4
Mujeres;Melilla;INDUSTRIAS ALIMENTARIAS;.
Mujeres;Melilla;INDUSTRIAS EXTRACTIVAS;.
Mujeres;Melilla;INFORMÁTICA Y COMUNICACIONES;34,5
Mujeres;Melilla;INSTALACIÓN Y MANTENIMIENTO;.
Mujeres;Melilla;MADERA, MUEBLE Y CORCHO;.
Mujeres;Melilla;MARÍTIMO-PESQUERA;.
Mujeres;Melilla;QUÍMICA;.
Mujeres;Melilla;SANIDAD;95,9
Mujeres;Melilla;SEGURIDAD Y MEDIO AMBIENTE;47,1
Mujeres;Melilla;SERVICIOS SOCIOCULTURALES Y A LA COMUNIDAD;90,8
Mujeres;Melilla;TEXTIL, CONFECCIÓN Y PIEL;.
Mujeres;Melilla;TRANSPORTE Y MANTENIMIENTO DE VEHÍCULOS;100,0
Mujeres;Melilla;VIDRIO Y CERÁMICA;.
