Nivel_Real,Nivel_Predicho,Correcto,Comunidad_Autonoma,Familia_Profesional,Sexo,Porcentaje
SUPERIOR,MEDIO,False,Galicia,"TEXTIL, CONFECCIÓN Y PIEL",AMBOS SEXOS,85.8
BASICO,MEDIO,False,Galicia,TRANSPORTE Y MANTENIMIENTO DE VEHÍCULOS,AMBOS SEXOS,88.9
SUPERIOR,SUPERIOR,True,Comunidad de Madrid,ACTIVIDADES FÍSICAS Y DEPORTIVAS,AMBOS SEXOS,88.7
MEDIO,SUPERIOR,False,Comunidad de Madrid,ADMINISTRACIÓN Y GESTIÓN,AMBOS SEXOS,80.4
BASICO,BASICO,True,Comunidad de Madrid,AGRARIA,AMBOS SEXOS,65.9
MEDIO,SUPERIOR,False,Comunidad de Madrid,ARTES GRÁFICAS,AMBOS SEXOS,92.1
SUPERIOR,SUPERIOR,True,Comunidad de Madrid,COMERCIO Y MARKETING,AMBOS SEXOS,84.7
SUPERIOR,BASICO,False,Comunidad de Madrid,EDIFICACIÓN Y OBRA CIVIL,AMBOS SEXOS,77.0
MEDIO,SUPERIOR,False,Comunidad de Madrid,ELECTRICIDAD Y ELECTRÓNICA,AMBOS SEXOS,83.3
BASICO,MEDIO,False,Comunidad de Madrid,ENERGÍA Y AGUA,AMBOS SEXOS,74.6
BASICO,BASICO,True,Comunidad de Madrid,FABRICACIÓN MECÁNICA,AMBOS SEXOS,72.2
BASICO,MEDIO,False,Comunidad de Madrid,HOSTELERÍA Y TURISMO,AMBOS SEXOS,79.1
BASICO,SUPERIOR,False,Comunidad de Madrid,IMAGEN PERSONAL,AMBOS SEXOS,89.6
MEDIO,MEDIO,True,Comunidad de Madrid,IMAGEN Y SONIDO,AMBOS SEXOS,92.7
BASICO,MEDIO,False,Comunidad de Madrid,INDUSTRIAS ALIMENTARIAS,AMBOS SEXOS,75.7
MEDIO,MEDIO,True,Comunidad de Madrid,INFORMÁTICA Y COMUNICACIONES,AMBOS SEXOS,84.6
SUPERIOR,SUPERIOR,True,Comunidad de Madrid,INSTALACIÓN Y MANTENIMIENTO,AMBOS SEXOS,74.3
MEDIO,SUPERIOR,False,Comunidad de Madrid,"MADERA, MUEBLE Y CORCHO",AMBOS SEXOS,85.2
BASICO,BASICO,True,Comunidad de Madrid,QUÍMICA,AMBOS SEXOS,72.2
SUPERIOR,MEDIO,False,Comunidad de Madrid,SANIDAD,AMBOS SEXOS,90.2
SUPERIOR,SUPERIOR,True,Comunidad de Madrid,SEGURIDAD Y MEDIO AMBIENTE,AMBOS SEXOS,75.8
MEDIO,MEDIO,True,Comunidad de Madrid,SERVICIOS SOCIOCULTURALES Y A LA COMUNIDAD,AMBOS SEXOS,88.8
MEDIO,MEDIO,True,Comunidad de Madrid,"TEXTIL, CONFECCIÓN Y PIEL",AMBOS SEXOS,86.6
SUPERIOR,SUPERIOR,True,Comunidad de Madrid,TRANSPORTE Y MANTENIMIENTO DE VEHÍCULOS,AMBOS SEXOS,82.2
BASICO,BASICO,True,Región de Murcia,ACTIVIDADES FÍSICAS Y DEPORTIVAS,AMBOS SEXOS,89.3
SUPERIOR,MEDIO,False,Región de Murcia,ADMINISTRACIÓN Y GESTIÓN,AMBOS SEXOS,85.2
MEDIO,MEDIO,True,Región de Murcia,AGRARIA,AMBOS SEXOS,87.4
SUPERIOR,SUPERIOR,True,Región de Murcia,ARTES GRÁFICAS,AMBOS SEXOS,58.8
SUPERIOR,SUPERIOR,True,Región de Murcia,COMERCIO Y MARKETING,AMBOS SEXOS,87.8
MEDIO,SUPERIOR,False,Región de Murcia,EDIFICACIÓN Y OBRA CIVIL,AMBOS SEXOS,70.3
SUPERIOR,MEDIO,False,Región de Murcia,ELECTRICIDAD Y ELECTRÓNICA,AMBOS SEXOS,80.1
BASICO,BASICO,True,Región de Murcia,ENERGÍA Y AGUA,AMBOS SEXOS,80.0
BASICO,MEDIO,False,Región de Murcia,FABRICACIÓN MECÁNICA,AMBOS SEXOS,76.6
MEDIO,SUPERIOR,False,Región de Murcia,HOSTELERÍA Y TURISMO,AMBOS SEXOS,76.5
BASICO,MEDIO,False,Región de Murcia,IMAGEN PERSONAL,AMBOS SEXOS,84.6
SUPERIOR,SUPERIOR,True,Región de Murcia,IMAGEN Y SONIDO,AMBOS SEXOS,92.8
SUPERIOR,BASICO,False,Región de Murcia,INDUSTRIAS ALIMENTARIAS,AMBOS SEXOS,85.2
SUPERIOR,SUPERIOR,True,Región de Murcia,INFORMÁTICA Y COMUNICACIONES,AMBOS SEXOS,79.1
MEDIO,SUPERIOR,False,Región de Murcia,INSTALACIÓN Y MANTENIMIENTO,AMBOS SEXOS,77.6
SUPERIOR,SUPERIOR,True,Región de Murcia,MARÍTIMO-PESQUERA,AMBOS SEXOS,78.7
MEDIO,SUPERIOR,False,Región de Murcia,QUÍMICA,AMBOS SEXOS,89.4
SUPERIOR,MEDIO,False,Región de Murcia,SANIDAD,AMBOS SEXOS,89.1
SUPERIOR,SUPERIOR,True,Región de Murcia,SEGURIDAD Y MEDIO AMBIENTE,AMBOS SEXOS,83.0
BASICO,MEDIO,False,Región de Murcia,SERVICIOS SOCIOCULTURALES Y A LA COMUNIDAD,AMBOS SEXOS,91.8
BASICO,BASICO,True,Región de Murcia,"TEXTIL, CONFECCIÓN Y PIEL",AMBOS SEXOS,92.2
SUPERIOR,MEDIO,False,Región de Murcia,TRANSPORTE Y MANTENIMIENTO DE VEHÍCULOS,AMBOS SEXOS,88.0
SUPERIOR,MEDIO,False,Comunidad Foral de Navarra,ACTIVIDADES FÍSICAS Y DEPORTIVAS,AMBOS SEXOS,94.9
MEDIO,SUPERIOR,False,Comunidad Foral de Navarra,ADMINISTRACIÓN Y GESTIÓN,AMBOS SEXOS,92.3
MEDIO,MEDIO,True,Comunidad Foral de Navarra,AGRARIA,AMBOS SEXOS,93.7
MEDIO,SUPERIOR,False,Comunidad Foral de Navarra,ARTES GRÁFICAS,AMBOS SEXOS,88.2
MEDIO,SUPERIOR,False,Comunidad Foral de Navarra,COMERCIO Y MARKETING,AMBOS SEXOS,90.4
MEDIO,SUPERIOR,False,Comunidad Foral de Navarra,EDIFICACIÓN Y OBRA CIVIL,AMBOS SEXOS,77.7
BASICO,BASICO,True,Comunidad Foral de Navarra,ELECTRICIDAD Y ELECTRÓNICA,AMBOS SEXOS,85.2
MEDIO,MEDIO,True,Comunidad Foral de Navarra,ENERGÍA Y AGUA,AMBOS SEXOS,87.8
BASICO,MEDIO,False,Comunidad Foral de Navarra,FABRICACIÓN MECÁNICA,AMBOS SEXOS,86.1
SUPERIOR,SUPERIOR,True,Comunidad Foral de Navarra,HOSTELERÍA Y TURISMO,AMBOS SEXOS,86.9
BASICO,MEDIO,False,Comunidad Foral de Navarra,IMAGEN PERSONAL,AMBOS SEXOS,88.8
SUPERIOR,MEDIO,False,Comunidad Foral de Navarra,IMAGEN Y SONIDO,AMBOS SEXOS,88.5
BASICO,BASICO,True,Comunidad Foral de Navarra,INDUSTRIAS ALIMENTARIAS,AMBOS SEXOS,79.8
MEDIO,MEDIO,True,Comunidad Foral de Navarra,INFORMÁTICA Y COMUNICACIONES,AMBOS SEXOS,85.0
MEDIO,MEDIO,True,Comunidad Foral de Navarra,INSTALACIÓN Y MANTENIMIENTO,AMBOS SEXOS,87.5
MEDIO,MEDIO,True,Comunidad Foral de Navarra,"MADERA, MUEBLE Y CORCHO",AMBOS SEXOS,94.4
MEDIO,SUPERIOR,False,Comunidad Foral de Navarra,QUÍMICA,AMBOS SEXOS,93.4
SUPERIOR,MEDIO,False,Comunidad Foral de Navarra,SANIDAD,AMBOS SEXOS,94.9
MEDIO,BASICO,False,Comunidad Foral de Navarra,SEGURIDAD Y MEDIO AMBIENTE,AMBOS SEXOS,94.2
SUPERIOR,MEDIO,False,Comunidad Foral de Navarra,SERVICIOS SOCIOCULTURALES Y A LA COMUNIDAD,AMBOS SEXOS,92.5
SUPERIOR,SUPERIOR,True,Comunidad Foral de Navarra,TRANSPORTE Y MANTENIMIENTO DE VEHÍCULOS,AMBOS SEXOS,91.9
MEDIO,SUPERIOR,False,País Vasco,ACTIVIDADES FÍSICAS Y DEPORTIVAS,AMBOS SEXOS,98.1
SUPERIOR,SUPERIOR,True,País Vasco,ADMINISTRACIÓN Y GESTIÓN,AMBOS SEXOS,96.1
BASICO,MEDIO,False,País Vasco,AGRARIA,AMBOS SEXOS,89.1
BASICO,BASICO,True,País Vasco,ARTES GRÁFICAS,AMBOS SEXOS,94.0
BASICO,BASICO,True,País Vasco,COMERCIO Y MARKETING,AMBOS SEXOS,96.3
SUPERIOR,SUPERIOR,True,País Vasco,EDIFICACIÓN Y OBRA CIVIL,AMBOS SEXOS,96.8
BASICO,MEDIO,False,País Vasco,ELECTRICIDAD Y ELECTRÓNICA,AMBOS SEXOS,94.1
BASICO,MEDIO,False,País Vasco,ENERGÍA Y AGUA,AMBOS SEXOS,91.9
BASICO,MEDIO,False,País Vasco,FABRICACIÓN MECÁNICA,AMBOS SEXOS,96.0
MEDIO,MEDIO,True,País Vasco,HOSTELERÍA Y TURISMO,AMBOS SEXOS,94.9
MEDIO,SUPERIOR,False,País Vasco,IMAGEN PERSONAL,AMBOS SEXOS,98.1
BASICO,BASICO,True,País Vasco,IMAGEN Y SONIDO,AMBOS SEXOS,95.3
MEDIO,SUPERIOR,False,País Vasco,INDUSTRIAS ALIMENTARIAS,AMBOS SEXOS,96.5
BASICO,BASICO,True,País Vasco,INFORMÁTICA Y COMUNICACIONES,AMBOS SEXOS,94.6
SUPERIOR,SUPERIOR,True,País Vasco,INSTALACIÓN Y MANTENIMIENTO,AMBOS SEXOS,94.7
BASICO,BASICO,True,País Vasco,"MADERA, MUEBLE Y CORCHO",AMBOS SEXOS,91.2
BASICO,BASICO,True,País Vasco,MARÍTIMO-PESQUERA,AMBOS SEXOS,94.5
BASICO,SUPERIOR,False,País Vasco,QUÍMICA,AMBOS SEXOS,97.1
MEDIO,MEDIO,True,País Vasco,SANIDAD,AMBOS SEXOS,93.9
MEDIO,SUPERIOR,False,País Vasco,SEGURIDAD Y MEDIO AMBIENTE,AMBOS SEXOS,92.6
MEDIO,SUPERIOR,False,País Vasco,SERVICIOS SOCIOCULTURALES Y A LA COMUNIDAD,AMBOS SEXOS,97.1
SUPERIOR,SUPERIOR,True,País Vasco,"TEXTIL, CONFECCIÓN Y PIEL",AMBOS SEXOS,94.0
SUPERIOR,SUPERIOR,True,País Vasco,TRANSPORTE Y MANTENIMIENTO DE VEHÍCULOS,AMBOS SEXOS,96.2
MEDIO,SUPERIOR,False,La Rioja,ACTIVIDADES FÍSICAS Y DEPORTIVAS,AMBOS SEXOS,83.9
MEDIO,SUPERIOR,False,La Rioja,ADMINISTRACIÓN Y GESTIÓN,AMBOS SEXOS,86.4
SUPERIOR,SUPERIOR,True,La Rioja,AGRARIA,AMBOS SEXOS,67.5
SUPERIOR,SUPERIOR,True,La Rioja,COMERCIO Y MARKETING,AMBOS SEXOS,88.4
MEDIO,MEDIO,True,La Rioja,EDIFICACIÓN Y OBRA CIVIL,AMBOS SEXOS,80.5
BASICO,SUPERIOR,False,La Rioja,ELECTRICIDAD Y ELECTRÓNICA,AMBOS SEXOS,80.4
SUPERIOR,MEDIO,False,La Rioja,ENERGÍA Y AGUA,AMBOS SEXOS,98.2
BASICO,SUPERIOR,False,La Rioja,FABRICACIÓN MECÁNICA,AMBOS SEXOS,84.7
SUPERIOR,SUPERIOR,True,La Rioja,HOSTELERÍA Y TURISMO,AMBOS SEXOS,90.5
SUPERIOR,SUPERIOR,True,La Rioja,IMAGEN PERSONAL,AMBOS SEXOS,89.5
MEDIO,SUPERIOR,False,La Rioja,INDUSTRIAS ALIMENTARIAS,AMBOS SEXOS,81.2
BASICO,MEDIO,False,La Rioja,INFORMÁTICA Y COMUNICACIONES,AMBOS SEXOS,86.9
SUPERIOR,SUPERIOR,True,La Rioja,INSTALACIÓN Y MANTENIMIENTO,AMBOS SEXOS,85.5
SUPERIOR,MEDIO,False,La Rioja,QUÍMICA,AMBOS SEXOS,90.2
SUPERIOR,SUPERIOR,True,La Rioja,SANIDAD,AMBOS SEXOS,90.1
MEDIO,SUPERIOR,False,La Rioja,SEGURIDAD Y MEDIO AMBIENTE,AMBOS SEXOS,70.8
MEDIO,BASICO,False,La Rioja,SERVICIOS SOCIOCULTURALES Y A LA COMUNIDAD,AMBOS SEXOS,92.0
MEDIO,MEDIO,True,La Rioja,"TEXTIL, CONFECCIÓN Y PIEL",AMBOS SEXOS,88.5
SUPERIOR,SUPERIOR,True,La Rioja,TRANSPORTE Y MANTENIMIENTO DE VEHÍCULOS,AMBOS SEXOS,89.8
MEDIO,MEDIO,True,Ceuta,ACTIVIDADES FÍSICAS Y DEPORTIVAS,AMBOS SEXOS,79.7
SUPERIOR,SUPERIOR,True,Ceuta,ADMINISTRACIÓN Y GESTIÓN,AMBOS SEXOS,0.0
MEDIO,SUPERIOR,False,Ceuta,AGRARIA,AMBOS SEXOS,58.8
BASICO,BASICO,True,Ceuta,COMERCIO Y MARKETING,AMBOS SEXOS,0.0
BASICO,BASICO,True,Ceuta,EDIFICACIÓN Y OBRA CIVIL,AMBOS SEXOS,63.7
SUPERIOR,SUPERIOR,True,Ceuta,ELECTRICIDAD Y ELECTRÓNICA,AMBOS SEXOS,69.3
MEDIO,SUPERIOR,False,Ceuta,ENERGÍA Y AGUA,AMBOS SEXOS,84.7
MEDIO,MEDIO,True,Ceuta,HOSTELERÍA Y TURISMO,AMBOS SEXOS,76.7
SUPERIOR,SUPERIOR,True,Ceuta,IMAGEN PERSONAL,AMBOS SEXOS,78.3
BASICO,MEDIO,False,Ceuta,IMAGEN Y SONIDO,AMBOS SEXOS,85.9
BASICO,MEDIO,False,Ceuta,INFORMÁTICA Y COMUNICACIONES,AMBOS SEXOS,0.0
MEDIO,SUPERIOR,False,Ceuta,SANIDAD,AMBOS SEXOS,66.3
SUPERIOR,MEDIO,False,Ceuta,SEGURIDAD Y MEDIO AMBIENTE,AMBOS SEXOS,59.7
MEDIO,BASICO,False,Ceuta,SERVICIOS SOCIOCULTURALES Y A LA COMUNIDAD,AMBOS SEXOS,87.4
BASICO,SUPERIOR,False,Ceuta,TRANSPORTE Y MANTENIMIENTO DE VEHÍCULOS,AMBOS SEXOS,55.3
SUPERIOR,SUPERIOR,True,Melilla,ACTIVIDADES FÍSICAS Y DEPORTIVAS,AMBOS SEXOS,60.8
SUPERIOR,SUPERIOR,True,Melilla,ADMINISTRACIÓN Y GESTIÓN,AMBOS SEXOS,68.4
BASICO,MEDIO,False,Melilla,COMERCIO Y MARKETING,AMBOS SEXOS,85.9
BASICO,SUPERIOR,False,Melilla,ELECTRICIDAD Y ELECTRÓNICA,AMBOS SEXOS,81.1
BASICO,MEDIO,False,Melilla,HOSTELERÍA Y TURISMO,AMBOS SEXOS,73.7
MEDIO,SUPERIOR,False,Melilla,IMAGEN Y SONIDO,AMBOS SEXOS,73.9
SUPERIOR,MEDIO,False,Melilla,INFORMÁTICA Y COMUNICACIONES,AMBOS SEXOS,59.5
MEDIO,BASICO,False,Melilla,SANIDAD,AMBOS SEXOS,92.5
MEDIO,SUPERIOR,False,Melilla,SEGURIDAD Y MEDIO AMBIENTE,AMBOS SEXOS,48.3
SUPERIOR,MEDIO,False,Melilla,SERVICIOS SOCIOCULTURALES Y A LA COMUNIDAD,AMBOS SEXOS,90.8
SUPERIOR,SUPERIOR,True,Melilla,TRANSPORTE Y MANTENIMIENTO DE VEHÍCULOS,AMBOS SEXOS,74.7
SUPERIOR,SUPERIOR,True,Andalucía,ACTIVIDADES FÍSICAS Y DEPORTIVAS,Hombres,96.7
SUPERIOR,MEDIO,False,Andalucía,ADMINISTRACIÓN Y GESTIÓN,Hombres,86.7
SUPERIOR,SUPERIOR,True,Andalucía,AGRARIA,Hombres,85.8
SUPERIOR,SUPERIOR,True,Andalucía,ARTES GRÁFICAS,Hombres,87.8
SUPERIOR,SUPERIOR,True,Andalucía,COMERCIO Y MARKETING,Hombres,89.4
MEDIO,SUPERIOR,False,Andalucía,EDIFICACIÓN Y OBRA CIVIL,Hombres,77.3
MEDIO,SUPERIOR,False,Andalucía,ELECTRICIDAD Y ELECTRÓNICA,Hombres,81.4
SUPERIOR,SUPERIOR,True,Andalucía,ENERGÍA Y AGUA,Hombres,83.6
BASICO,SUPERIOR,False,Andalucía,FABRICACIÓN MECÁNICA,Hombres,82.1
BASICO,MEDIO,False,Andalucía,HOSTELERÍA Y TURISMO,Hombres,82.9
BASICO,MEDIO,False,Andalucía,IMAGEN PERSONAL,Hombres,88.8
SUPERIOR,SUPERIOR,True,Andalucía,IMAGEN Y SONIDO,Hombres,89.9
MEDIO,MEDIO,True,Andalucía,INDUSTRIAS ALIMENTARIAS,Hombres,82.2
BASICO,BASICO,True,Andalucía,INFORMÁTICA Y COMUNICACIONES,Hombres,82.8
BASICO,BASICO,True,Andalucía,INSTALACIÓN Y MANTENIMIENTO,Hombres,82.0
SUPERIOR,SUPERIOR,True,Andalucía,"MADERA, MUEBLE Y CORCHO",Hombres,80.9
SUPERIOR,BASICO,False,Andalucía,MARÍTIMO-PESQUERA,Hombres,91.3
MEDIO,SUPERIOR,False,Andalucía,QUÍMICA,Hombres,82.8
SUPERIOR,SUPERIOR,True,Andalucía,SANIDAD,Hombres,96.7
BASICO,BASICO,True,Andalucía,SEGURIDAD Y MEDIO AMBIENTE,Hombres,87.8
SUPERIOR,SUPERIOR,True,Andalucía,SERVICIOS SOCIOCULTURALES Y A LA COMUNIDAD,Hombres,91.8
SUPERIOR,SUPERIOR,True,Andalucía,"TEXTIL, CONFECCIÓN Y PIEL",Hombres,82.1
MEDIO,MEDIO,True,Andalucía,TRANSPORTE Y MANTENIMIENTO DE VEHÍCULOS,Hombres,88.7
SUPERIOR,SUPERIOR,True,Aragón,ACTIVIDADES FÍSICAS Y DEPORTIVAS,Hombres,91.0
MEDIO,MEDIO,True,Aragón,ADMINISTRACIÓN Y GESTIÓN,Hombres,76.9
BASICO,BASICO,True,Aragón,AGRARIA,Hombres,79.4
BASICO,MEDIO,False,Aragón,ARTES GRÁFICAS,Hombres,83.0
BASICO,SUPERIOR,False,Aragón,COMERCIO Y MARKETING,Hombres,71.5
SUPERIOR,BASICO,False,Aragón,EDIFICACIÓN Y OBRA CIVIL,Hombres,82.2
MEDIO,BASICO,False,Aragón,ELECTRICIDAD Y ELECTRÓNICA,Hombres,84.1
SUPERIOR,BASICO,False,Aragón,ENERGÍA Y AGUA,Hombres,88.5
BASICO,SUPERIOR,False,Aragón,FABRICACIÓN MECÁNICA,Hombres,81.4
SUPERIOR,MEDIO,False,Aragón,HOSTELERÍA Y TURISMO,Hombres,72.3
MEDIO,BASICO,False,Aragón,IMAGEN PERSONAL,Hombres,81.4
SUPERIOR,SUPERIOR,True,Aragón,IMAGEN Y SONIDO,Hombres,89.1
SUPERIOR,SUPERIOR,True,Aragón,INDUSTRIAS ALIMENTARIAS,Hombres,74.3
MEDIO,MEDIO,True,Aragón,INFORMÁTICA Y COMUNICACIONES,Hombres,81.0
BASICO,SUPERIOR,False,Aragón,INSTALACIÓN Y MANTENIMIENTO,Hombres,87.8
MEDIO,BASICO,False,Aragón,"MADERA, MUEBLE Y CORCHO",Hombres,80.9
MEDIO,SUPERIOR,False,Aragón,QUÍMICA,Hombres,84.2
SUPERIOR,SUPERIOR,True,Aragón,SANIDAD,Hombres,85.1
BASICO,MEDIO,False,Aragón,SEGURIDAD Y MEDIO AMBIENTE,Hombres,95.9
MEDIO,SUPERIOR,False,Aragón,SERVICIOS SOCIOCULTURALES Y A LA COMUNIDAD,Hombres,94.5
SUPERIOR,SUPERIOR,True,Aragón,"TEXTIL, CONFECCIÓN Y PIEL",Hombres,96.6
BASICO,MEDIO,False,Aragón,TRANSPORTE Y MANTENIMIENTO DE VEHÍCULOS,Hombres,86.7
MEDIO,SUPERIOR,False,Principado de Asturias,ACTIVIDADES FÍSICAS Y DEPORTIVAS,Hombres,92.3
MEDIO,SUPERIOR,False,Principado de Asturias,ADMINISTRACIÓN Y GESTIÓN,Hombres,78.9
MEDIO,MEDIO,True,Principado de Asturias,AGRARIA,Hombres,82.5
SUPERIOR,BASICO,False,Principado de Asturias,ARTES GRÁFICAS,Hombres,52.2
SUPERIOR,SUPERIOR,True,Principado de Asturias,COMERCIO Y MARKETING,Hombres,80.4
SUPERIOR,SUPERIOR,True,Principado de Asturias,EDIFICACIÓN Y OBRA CIVIL,Hombres,60.4
BASICO,BASICO,True,Principado de Asturias,ELECTRICIDAD Y ELECTRÓNICA,Hombres,74.8
BASICO,MEDIO,False,Principado de Asturias,ENERGÍA Y AGUA,Hombres,76.2
BASICO,BASICO,True,Principado de Asturias,FABRICACIÓN MECÁNICA,Hombres,71.4
BASICO,BASICO,True,Principado de Asturias,HOSTELERÍA Y TURISMO,Hombres,77.6
SUPERIOR,SUPERIOR,True,Principado de Asturias,IMAGEN PERSONAL,Hombres,44.8
SUPERIOR,SUPERIOR,True,Principado de Asturias,IMAGEN Y SONIDO,Hombres,77.5
BASICO,MEDIO,False,Principado de Asturias,INDUSTRIAS ALIMENTARIAS,Hombres,73.6
SUPERIOR,SUPERIOR,True,Principado de Asturias,INFORMÁTICA Y COMUNICACIONES,Hombres,77.7
MEDIO,SUPERIOR,False,Principado de Asturias,INSTALACIÓN Y MANTENIMIENTO,Hombres,77.2
MEDIO,SUPERIOR,False,Principado de Asturias,MARÍTIMO-PESQUERA,Hombres,80.0
BASICO,MEDIO,False,Principado de Asturias,QUÍMICA,Hombres,83.1
SUPERIOR,SUPERIOR,True,Principado de Asturias,SANIDAD,Hombres,94.6
SUPERIOR,MEDIO,False,Principado de Asturias,SEGURIDAD Y MEDIO AMBIENTE,Hombres,84.7
MEDIO,SUPERIOR,False,Principado de Asturias,SERVICIOS SOCIOCULTURALES Y A LA COMUNIDAD,Hombres,80.4
BASICO,BASICO,True,Principado de Asturias,TRANSPORTE Y MANTENIMIENTO DE VEHÍCULOS,Hombres,77.2
BASICO,MEDIO,False,Islas Baleares,ACTIVIDADES FÍSICAS Y DEPORTIVAS,Hombres,94.1
BASICO,MEDIO,False,Islas Baleares,ADMINISTRACIÓN Y GESTIÓN,Hombres,90.1
MEDIO,SUPERIOR,False,Islas Baleares,AGRARIA,Hombres,93.8
MEDIO,BASICO,False,Islas Baleares,ARTES GRÁFICAS,Hombres,100.0
SUPERIOR,SUPERIOR,True,Islas Baleares,COMERCIO Y MARKETING,Hombres,95.5
SUPERIOR,SUPERIOR,True,Islas Baleares,EDIFICACIÓN Y OBRA CIVIL,Hombres,88.3
MEDIO,SUPERIOR,False,Islas Baleares,ELECTRICIDAD Y ELECTRÓNICA,Hombres,85.7
SUPERIOR,SUPERIOR,True,Islas Baleares,ENERGÍA Y AGUA,Hombres,97.1
BASICO,MEDIO,False,Islas Baleares,HOSTELERÍA Y TURISMO,Hombres,91.0
SUPERIOR,SUPERIOR,True,Islas Baleares,IMAGEN PERSONAL,Hombres,50.0
BASICO,BASICO,True,Islas Baleares,IMAGEN Y SONIDO,Hombres,93.8
BASICO,MEDIO,False,Islas Baleares,INDUSTRIAS ALIMENTARIAS,Hombres,79.3
BASICO,MEDIO,False,Islas Baleares,INFORMÁTICA Y COMUNICACIONES,Hombres,90.2
SUPERIOR,SUPERIOR,True,Islas Baleares,INSTALACIÓN Y MANTENIMIENTO,Hombres,91.3
BASICO,SUPERIOR,False,Islas Baleares,"MADERA, MUEBLE Y CORCHO",Hombres,100.0
BASICO,MEDIO,False,Islas Baleares,MARÍTIMO-PESQUERA,Hombres,90.7
SUPERIOR,SUPERIOR,True,Islas Baleares,QUÍMICA,Hombres,92.4
MEDIO,SUPERIOR,False,Islas Baleares,SANIDAD,Hombres,91.8
MEDIO,BASICO,False,Islas Baleares,SERVICIOS SOCIOCULTURALES Y A LA COMUNIDAD,Hombres,94.1
SUPERIOR,MEDIO,False,Islas Baleares,TRANSPORTE Y MANTENIMIENTO DE VEHÍCULOS,Hombres,91.1
SUPERIOR,MEDIO,False,Canarias,ACTIVIDADES FÍSICAS Y DEPORTIVAS,Hombres,88.3
MEDIO,MEDIO,True,Canarias,ADMINISTRACIÓN Y GESTIÓN,Hombres,86.3
SUPERIOR,MEDIO,False,Canarias,AGRARIA,Hombres,78.6
MEDIO,SUPERIOR,False,Canarias,ARTES GRÁFICAS,Hombres,78.9
SUPERIOR,SUPERIOR,True,Canarias,COMERCIO Y MARKETING,Hombres,90.8
MEDIO,MEDIO,True,Canarias,EDIFICACIÓN Y OBRA CIVIL,Hombres,81.2
SUPERIOR,SUPERIOR,True,Canarias,ELECTRICIDAD Y ELECTRÓNICA,Hombres,85.9
MEDIO,SUPERIOR,False,Canarias,ENERGÍA Y AGUA,Hombres,87.2
SUPERIOR,SUPERIOR,True,Canarias,FABRICACIÓN MECÁNICA,Hombres,74.0
BASICO,SUPERIOR,False,Canarias,HOSTELERÍA Y TURISMO,Hombres,84.8
SUPERIOR,MEDIO,False,Canarias,IMAGEN PERSONAL,Hombres,90.4
SUPERIOR,SUPERIOR,True,Canarias,IMAGEN Y SONIDO,Hombres,88.2
SUPERIOR,MEDIO,False,Canarias,INDUSTRIAS ALIMENTARIAS,Hombres,79.8
MEDIO,BASICO,False,Canarias,INFORMÁTICA Y COMUNICACIONES,Hombres,77.0
MEDIO,SUPERIOR,False,Canarias,INSTALACIÓN Y MANTENIMIENTO,Hombres,82.0
MEDIO,MEDIO,True,Canarias,"MADERA, MUEBLE Y CORCHO",Hombres,78.0
SUPERIOR,SUPERIOR,True,Canarias,MARÍTIMO-PESQUERA,Hombres,88.8
SUPERIOR,SUPERIOR,True,Canarias,QUÍMICA,Hombres,92.8
BASICO,BASICO,True,Canarias,SANIDAD,Hombres,93.3
MEDIO,MEDIO,True,Canarias,SEGURIDAD Y MEDIO AMBIENTE,Hombres,86.3
MEDIO,BASICO,False,Canarias,SERVICIOS SOCIOCULTURALES Y A LA COMUNIDAD,Hombres,91.5
SUPERIOR,SUPERIOR,True,Canarias,"TEXTIL, CONFECCIÓN Y PIEL",Hombres,90.3
MEDIO,SUPERIOR,False,Canarias,TRANSPORTE Y MANTENIMIENTO DE VEHÍCULOS,Hombres,86.6
MEDIO,BASICO,False,Cantabria,ACTIVIDADES FÍSICAS Y DEPORTIVAS,Hombres,94.7
BASICO,MEDIO,False,Cantabria,ADMINISTRACIÓN Y GESTIÓN,Hombres,93.0
SUPERIOR,SUPERIOR,True,Cantabria,AGRARIA,Hombres,85.3
BASICO,MEDIO,False,Cantabria,ARTES GRÁFICAS,Hombres,87.2
SUPERIOR,MEDIO,False,Cantabria,COMERCIO Y MARKETING,Hombres,94.0
MEDIO,MEDIO,True,Cantabria,EDIFICACIÓN Y OBRA CIVIL,Hombres,92.1
MEDIO,MEDIO,True,Cantabria,ELECTRICIDAD Y ELECTRÓNICA,Hombres,85.6
MEDIO,BASICO,False,Cantabria,ENERGÍA Y AGUA,Hombres,94.8
MEDIO,BASICO,False,Cantabria,FABRICACIÓN MECÁNICA,Hombres,89.5
MEDIO,MEDIO,True,Cantabria,HOSTELERÍA Y TURISMO,Hombres,90.2
MEDIO,SUPERIOR,False,Cantabria,IMAGEN PERSONAL,Hombres,69.4
MEDIO,BASICO,False,Cantabria,IMAGEN Y SONIDO,Hombres,91.5
MEDIO,SUPERIOR,False,Cantabria,INDUSTRIAS ALIMENTARIAS,Hombres,84.4
SUPERIOR,MEDIO,False,Cantabria,INFORMÁTICA Y COMUNICACIONES,Hombres,87.5
MEDIO,MEDIO,True,Cantabria,INSTALACIÓN Y MANTENIMIENTO,Hombres,94.1
SUPERIOR,SUPERIOR,True,Cantabria,"MADERA, MUEBLE Y CORCHO",Hombres,93.8
BASICO,SUPERIOR,False,Cantabria,QUÍMICA,Hombres,98.6
MEDIO,MEDIO,True,Cantabria,SANIDAD,Hombres,93.1
MEDIO,MEDIO,True,Cantabria,SEGURIDAD Y MEDIO AMBIENTE,Hombres,90.8
MEDIO,MEDIO,True,Cantabria,SERVICIOS SOCIOCULTURALES Y A LA COMUNIDAD,Hombres,95.7
MEDIO,SUPERIOR,False,Cantabria,TRANSPORTE Y MANTENIMIENTO DE VEHÍCULOS,Hombres,87.2
SUPERIOR,SUPERIOR,True,Castilla y León,ACTIVIDADES FÍSICAS Y DEPORTIVAS,Hombres,85.2
MEDIO,MEDIO,True,Castilla y León,ADMINISTRACIÓN Y GESTIÓN,Hombres,82.1
MEDIO,SUPERIOR,False,Castilla y León,AGRARIA,Hombres,85.2
SUPERIOR,MEDIO,False,Castilla y León,ARTES GRÁFICAS,Hombres,81.5
BASICO,MEDIO,False,Castilla y León,COMERCIO Y MARKETING,Hombres,74.1
SUPERIOR,SUPERIOR,True,Castilla y León,EDIFICACIÓN Y OBRA CIVIL,Hombres,63.2
SUPERIOR,SUPERIOR,True,Castilla y León,ELECTRICIDAD Y ELECTRÓNICA,Hombres,77.9
BASICO,BASICO,True,Castilla y León,ENERGÍA Y AGUA,Hombres,86.2
MEDIO,MEDIO,True,Castilla y León,FABRICACIÓN MECÁNICA,Hombres,77.0
SUPERIOR,SUPERIOR,True,Castilla y León,HOSTELERÍA Y TURISMO,Hombres,74.6
MEDIO,SUPERIOR,False,Castilla y León,IMAGEN PERSONAL,Hombres,78.1
MEDIO,MEDIO,True,Castilla y León,IMAGEN Y SONIDO,Hombres,83.4
SUPERIOR,SUPERIOR,True,Castilla y León,INDUSTRIAS ALIMENTARIAS,Hombres,78.4
MEDIO,SUPERIOR,False,Castilla y León,INFORMÁTICA Y COMUNICACIONES,Hombres,77.5
BASICO,BASICO,True,Castilla y León,INSTALACIÓN Y MANTENIMIENTO,Hombres,85.5
MEDIO,BASICO,False,Castilla y León,"MADERA, MUEBLE Y CORCHO",Hombres,83.7
BASICO,MEDIO,False,Castilla y León,QUÍMICA,Hombres,81.1
SUPERIOR,MEDIO,False,Castilla y León,SANIDAD,Hombres,81.2
MEDIO,MEDIO,True,Castilla y León,SEGURIDAD Y MEDIO AMBIENTE,Hombres,74.5
SUPERIOR,SUPERIOR,True,Castilla y León,SERVICIOS SOCIOCULTURALES Y A LA COMUNIDAD,Hombres,84.4
BASICO,MEDIO,False,Castilla y León,"TEXTIL, CONFECCIÓN Y PIEL",Hombres,94.7
BASICO,BASICO,True,Castilla y León,TRANSPORTE Y MANTENIMIENTO DE VEHÍCULOS,Hombres,90.4
BASICO,SUPERIOR,False,Castilla La Mancha,ACTIVIDADES FÍSICAS Y DEPORTIVAS,Hombres,97.8
SUPERIOR,SUPERIOR,True,Castilla La Mancha,ADMINISTRACIÓN Y GESTIÓN,Hombres,97.2
SUPERIOR,BASICO,False,Castilla La Mancha,AGRARIA,Hombres,97.1
BASICO,MEDIO,False,Castilla La Mancha,COMERCIO Y MARKETING,Hombres,97.7
MEDIO,SUPERIOR,False,Castilla La Mancha,EDIFICACIÓN Y OBRA CIVIL,Hombres,98.3
SUPERIOR,MEDIO,False,Castilla La Mancha,ELECTRICIDAD Y ELECTRÓNICA,Hombres,97.3
MEDIO,BASICO,False,Castilla La Mancha,ENERGÍA Y AGUA,Hombres,98.7
BASICO,SUPERIOR,False,Castilla La Mancha,FABRICACIÓN MECÁNICA,Hombres,98.7
BASICO,MEDIO,False,Castilla La Mancha,HOSTELERÍA Y TURISMO,Hombres,97.1
SUPERIOR,MEDIO,False,Castilla La Mancha,IMAGEN PERSONAL,Hombres,99.1
SUPERIOR,MEDIO,False,Castilla La Mancha,IMAGEN Y SONIDO,Hombres,92.6
SUPERIOR,SUPERIOR,True,Castilla La Mancha,INDUSTRIAS ALIMENTARIAS,Hombres,98.7
BASICO,MEDIO,False,Castilla La Mancha,INFORMÁTICA Y COMUNICACIONES,Hombres,96.8
MEDIO,SUPERIOR,False,Castilla La Mancha,INSTALACIÓN Y MANTENIMIENTO,Hombres,98.5
SUPERIOR,SUPERIOR,True,Castilla La Mancha,"MADERA, MUEBLE Y CORCHO",Hombres,85.6
MEDIO,SUPERIOR,False,Castilla La Mancha,QUÍMICA,Hombres,98.8
SUPERIOR,MEDIO,False,Castilla La Mancha,SANIDAD,Hombres,97.9
BASICO,SUPERIOR,False,Castilla La Mancha,SEGURIDAD Y MEDIO AMBIENTE,Hombres,98.1
MEDIO,MEDIO,True,Castilla La Mancha,SERVICIOS SOCIOCULTURALES Y A LA COMUNIDAD,Hombres,96.6
SUPERIOR,BASICO,False,Castilla La Mancha,"TEXTIL, CONFECCIÓN Y PIEL",Hombres,97.9
MEDIO,MEDIO,True,Castilla La Mancha,TRANSPORTE Y MANTENIMIENTO DE VEHÍCULOS,Hombres,96.9
MEDIO,SUPERIOR,False,Comunitat Valenciana,ACTIVIDADES FÍSICAS Y DEPORTIVAS,Hombres,90.4
MEDIO,SUPERIOR,False,Comunitat Valenciana,ADMINISTRACIÓN Y GESTIÓN,Hombres,80.5
BASICO,BASICO,True,Comunitat Valenciana,AGRARIA,Hombres,74.3
SUPERIOR,SUPERIOR,True,Comunitat Valenciana,ARTES GRÁFICAS,Hombres,73.1
SUPERIOR,SUPERIOR,True,Comunitat Valenciana,ARTES Y ARTESANÍAS,Hombres,80.1
SUPERIOR,MEDIO,False,Comunitat Valenciana,COMERCIO Y MARKETING,Hombres,78.3
SUPERIOR,SUPERIOR,True,Comunitat Valenciana,EDIFICACIÓN Y OBRA CIVIL,Hombres,65.3
SUPERIOR,SUPERIOR,True,Comunitat Valenciana,ELECTRICIDAD Y ELECTRÓNICA,Hombres,70.4
MEDIO,MEDIO,True,Comunitat Valenciana,ENERGÍA Y AGUA,Hombres,65.3
MEDIO,MEDIO,True,Comunitat Valenciana,FABRICACIÓN MECÁNICA,Hombres,72.6
MEDIO,SUPERIOR,False,Comunitat Valenciana,HOSTELERÍA Y TURISMO,Hombres,69.9
BASICO,MEDIO,False,Comunitat Valenciana,IMAGEN PERSONAL,Hombres,75.2
MEDIO,SUPERIOR,False,Comunitat Valenciana,IMAGEN Y SONIDO,Hombres,80.3
SUPERIOR,MEDIO,False,Comunitat Valenciana,INDUSTRIAS ALIMENTARIAS,Hombres,74.1
BASICO,BASICO,True,Comunitat Valenciana,INFORMÁTICA Y COMUNICACIONES,Hombres,70.9
BASICO,SUPERIOR,False,Comunitat Valenciana,INSTALACIÓN Y MANTENIMIENTO,Hombres,75.0
MEDIO,SUPERIOR,False,Comunitat Valenciana,"MADERA, MUEBLE Y CORCHO",Hombres,57.7
BASICO,SUPERIOR,False,Comunitat Valenciana,MARÍTIMO-PESQUERA,Hombres,78.8
MEDIO,SUPERIOR,False,Comunitat Valenciana,QUÍMICA,Hombres,78.3
MEDIO,MEDIO,True,Comunitat Valenciana,SANIDAD,Hombres,83.2
SUPERIOR,BASICO,False,Comunitat Valenciana,SEGURIDAD Y MEDIO AMBIENTE,Hombres,78.5
SUPERIOR,MEDIO,False,Comunitat Valenciana,SERVICIOS SOCIOCULTURALES Y A LA COMUNIDAD,Hombres,77.5
MEDIO,MEDIO,True,Comunitat Valenciana,"TEXTIL, CONFECCIÓN Y PIEL",Hombres,65.8
SUPERIOR,MEDIO,False,Comunitat Valenciana,TRANSPORTE Y MANTENIMIENTO DE VEHÍCULOS,Hombres,73.5
BASICO,BASICO,True,Comunitat Valenciana,VIDRIO Y CERÁMICA,Hombres,61.2
SUPERIOR,MEDIO,False,Extremadura,ACTIVIDADES FÍSICAS Y DEPORTIVAS,Hombres,89.4
SUPERIOR,SUPERIOR,True,Extremadura,ADMINISTRACIÓN Y GESTIÓN,Hombres,84.0
MEDIO,BASICO,False,Extremadura,AGRARIA,Hombres,87.9
MEDIO,MEDIO,True,Extremadura,ARTES GRÁFICAS,Hombres,67.9
BASICO,BASICO,True,Extremadura,COMERCIO Y MARKETING,Hombres,86.5
SUPERIOR,SUPERIOR,True,Extremadura,EDIFICACIÓN Y OBRA CIVIL,Hombres,70.4
MEDIO,MEDIO,True,Extremadura,ELECTRICIDAD Y ELECTRÓNICA,Hombres,77.6
BASICO,SUPERIOR,False,Extremadura,ENERGÍA Y AGUA,Hombres,82.0
MEDIO,MEDIO,True,Extremadura,FABRICACIÓN MECÁNICA,Hombres,93.7
MEDIO,BASICO,False,Extremadura,HOSTELERÍA Y TURISMO,Hombres,78.3
SUPERIOR,SUPERIOR,True,Extremadura,IMAGEN PERSONAL,Hombres,93.7
BASICO,BASICO,True,Extremadura,IMAGEN Y SONIDO,Hombres,78.2
MEDIO,SUPERIOR,False,Extremadura,INDUSTRIAS ALIMENTARIAS,Hombres,83.3
SUPERIOR,MEDIO,False,Extremadura,INFORMÁTICA Y COMUNICACIONES,Hombres,75.2
MEDIO,SUPERIOR,False,Extremadura,INSTALACIÓN Y MANTENIMIENTO,Hombres,70.6
MEDIO,BASICO,False,Extremadura,"MADERA, MUEBLE Y CORCHO",Hombres,72.5
MEDIO,MEDIO,True,Extremadura,QUÍMICA,Hombres,81.4
BASICO,BASICO,True,Extremadura,SANIDAD,Hombres,89.2
BASICO,MEDIO,False,Extremadura,SEGURIDAD Y MEDIO AMBIENTE,Hombres,99.2
MEDIO,MEDIO,True,Extremadura,SERVICIOS SOCIOCULTURALES Y A LA COMUNIDAD,Hombres,91.0
SUPERIOR,MEDIO,False,Extremadura,"TEXTIL, CONFECCIÓN Y PIEL",Hombres,98.3
BASICO,BASICO,True,Extremadura,TRANSPORTE Y MANTENIMIENTO DE VEHÍCULOS,Hombres,85.1
SUPERIOR,SUPERIOR,True,Galicia,ACTIVIDADES FÍSICAS Y DEPORTIVAS,Hombres,92.5
SUPERIOR,MEDIO,False,Galicia,ADMINISTRACIÓN Y GESTIÓN,Hombres,80.3
MEDIO,MEDIO,True,Galicia,AGRARIA,Hombres,86.8
SUPERIOR,MEDIO,False,Galicia,ARTES GRÁFICAS,Hombres,88.6
BASICO,BASICO,True,Galicia,COMERCIO Y MARKETING,Hombres,86.9
SUPERIOR,SUPERIOR,True,Galicia,EDIFICACIÓN Y OBRA CIVIL,Hombres,69.9
SUPERIOR,SUPERIOR,True,Galicia,ELECTRICIDAD Y ELECTRÓNICA,Hombres,82.2
BASICO,BASICO,True,Galicia,ENERGÍA Y AGUA,Hombres,81.0
SUPERIOR,SUPERIOR,True,Galicia,FABRICACIÓN MECÁNICA,Hombres,82.8
MEDIO,MEDIO,True,Galicia,HOSTELERÍA Y TURISMO,Hombres,84.4
BASICO,MEDIO,False,Galicia,IMAGEN PERSONAL,Hombres,71.9
MEDIO,BASICO,False,Galicia,IMAGEN Y SONIDO,Hombres,86.1
SUPERIOR,SUPERIOR,True,Galicia,INDUSTRIAS ALIMENTARIAS,Hombres,70.3
MEDIO,MEDIO,True,Galicia,INFORMÁTICA Y COMUNICACIONES,Hombres,78.7
SUPERIOR,SUPERIOR,True,Galicia,INSTALACIÓN Y MANTENIMIENTO,Hombres,85.8
MEDIO,MEDIO,True,Galicia,"MADERA, MUEBLE Y CORCHO",Hombres,80.2
MEDIO,SUPERIOR,False,Galicia,MARÍTIMO-PESQUERA,Hombres,88.5
BASICO,MEDIO,False,Galicia,QUÍMICA,Hombres,83.5
MEDIO,SUPERIOR,False,Galicia,SANIDAD,Hombres,93.1
MEDIO,BASICO,False,Galicia,SEGURIDAD Y MEDIO AMBIENTE,Hombres,83.1
MEDIO,BASICO,False,Galicia,SERVICIOS SOCIOCULTURALES Y A LA COMUNIDAD,Hombres,91.2
MEDIO,SUPERIOR,False,Galicia,"TEXTIL, CONFECCIÓN Y PIEL",Hombres,77.0
MEDIO,SUPERIOR,False,Galicia,TRANSPORTE Y MANTENIMIENTO DE VEHÍCULOS,Hombres,89.1
SUPERIOR,MEDIO,False,Comunidad de Madrid,ACTIVIDADES FÍSICAS Y DEPORTIVAS,Hombres,89.0
MEDIO,SUPERIOR,False,Comunidad de Madrid,ADMINISTRACIÓN Y GESTIÓN,Hombres,80.0
BASICO,MEDIO,False,Comunidad de Madrid,AGRARIA,Hombres,64.3
MEDIO,BASICO,False,Comunidad de Madrid,ARTES GRÁFICAS,Hombres,91.0
BASICO,BASICO,True,Comunidad de Madrid,COMERCIO Y MARKETING,Hombres,83.9
MEDIO,SUPERIOR,False,Comunidad de Madrid,EDIFICACIÓN Y OBRA CIVIL,Hombres,77.7
MEDIO,SUPERIOR,False,Comunidad de Madrid,ELECTRICIDAD Y ELECTRÓNICA,Hombres,83.0
BASICO,BASICO,True,Comunidad de Madrid,ENERGÍA Y AGUA,Hombres,76.4
MEDIO,SUPERIOR,False,Comunidad de Madrid,FABRICACIÓN MECÁNICA,Hombres,72.5
SUPERIOR,BASICO,False,Comunidad de Madrid,HOSTELERÍA Y TURISMO,Hombres,77.1
SUPERIOR,MEDIO,False,Comunidad de Madrid,IMAGEN PERSONAL,Hombres,83.6
SUPERIOR,SUPERIOR,True,Comunidad de Madrid,IMAGEN Y SONIDO,Hombres,91.8
BASICO,SUPERIOR,False,Comunidad de Madrid,INDUSTRIAS ALIMENTARIAS,Hombres,73.6
BASICO,MEDIO,False,Comunidad de Madrid,INFORMÁTICA Y COMUNICACIONES,Hombres,84.8
BASICO,MEDIO,False,Comunidad de Madrid,INSTALACIÓN Y MANTENIMIENTO,Hombres,75.0
MEDIO,BASICO,False,Comunidad de Madrid,"MADERA, MUEBLE Y CORCHO",Hombres,81.3
MEDIO,MEDIO,True,Comunidad de Madrid,QUÍMICA,Hombres,70.9
BASICO,MEDIO,False,Comunidad de Madrid,SANIDAD,Hombres,89.9
BASICO,SUPERIOR,False,Comunidad de Madrid,SEGURIDAD Y MEDIO AMBIENTE,Hombres,71.4
MEDIO,SUPERIOR,False,Comunidad de Madrid,SERVICIOS SOCIOCULTURALES Y A LA COMUNIDAD,Hombres,88.7
MEDIO,BASICO,False,Comunidad de Madrid,"TEXTIL, CONFECCIÓN Y PIEL",Hombres,83.0
SUPERIOR,SUPERIOR,True,Comunidad de Madrid,TRANSPORTE Y MANTENIMIENTO DE VEHÍCULOS,Hombres,82.0
SUPERIOR,SUPERIOR,True,Región de Murcia,ACTIVIDADES FÍSICAS Y DEPORTIVAS,Hombres,89.0
SUPERIOR,SUPERIOR,True,Región de Murcia,ADMINISTRACIÓN Y GESTIÓN,Hombres,83.7
SUPERIOR,MEDIO,False,Región de Murcia,AGRARIA,Hombres,85.9
MEDIO,MEDIO,True,Región de Murcia,ARTES GRÁFICAS,Hombres,63.3
SUPERIOR,SUPERIOR,True,Región de Murcia,COMERCIO Y MARKETING,Hombres,85.8
BASICO,MEDIO,False,Región de Murcia,EDIFICACIÓN Y OBRA CIVIL,Hombres,68.6
SUPERIOR,SUPERIOR,True,Región de Murcia,ELECTRICIDAD Y ELECTRÓNICA,Hombres,80.4
SUPERIOR,SUPERIOR,True,Región de Murcia,ENERGÍA Y AGUA,Hombres,82.7
MEDIO,BASICO,False,Región de Murcia,FABRICACIÓN MECÁNICA,Hombres,74.9
MEDIO,SUPERIOR,False,Región de Murcia,HOSTELERÍA Y TURISMO,Hombres,80.3
MEDIO,SUPERIOR,False,Región de Murcia,IMAGEN PERSONAL,Hombres,87.8
SUPERIOR,MEDIO,False,Región de Murcia,IMAGEN Y SONIDO,Hombres,92.6
BASICO,SUPERIOR,False,Región de Murcia,INDUSTRIAS ALIMENTARIAS,Hombres,83.0
MEDIO,MEDIO,True,Región de Murcia,INFORMÁTICA Y COMUNICACIONES,Hombres,79.2
MEDIO,MEDIO,True,Región de Murcia,INSTALACIÓN Y MANTENIMIENTO,Hombres,77.7
BASICO,BASICO,True,Región de Murcia,MARÍTIMO-PESQUERA,Hombres,75.5
BASICO,MEDIO,False,Región de Murcia,QUÍMICA,Hombres,90.9
BASICO,SUPERIOR,False,Región de Murcia,SANIDAD,Hombres,88.8
SUPERIOR,SUPERIOR,True,Región de Murcia,SEGURIDAD Y MEDIO AMBIENTE,Hombres,83.2
SUPERIOR,SUPERIOR,True,Región de Murcia,SERVICIOS SOCIOCULTURALES Y A LA COMUNIDAD,Hombres,87.2
SUPERIOR,SUPERIOR,True,Región de Murcia,"TEXTIL, CONFECCIÓN Y PIEL",Hombres,90.9
SUPERIOR,MEDIO,False,Región de Murcia,TRANSPORTE Y MANTENIMIENTO DE VEHÍCULOS,Hombres,88.1
MEDIO,SUPERIOR,False,Comunidad Foral de Navarra,ACTIVIDADES FÍSICAS Y DEPORTIVAS,Hombres,93.7
SUPERIOR,SUPERIOR,True,Comunidad Foral de Navarra,ADMINISTRACIÓN Y GESTIÓN,Hombres,91.2
MEDIO,BASICO,False,Comunidad Foral de Navarra,AGRARIA,Hombres,92.3
SUPERIOR,SUPERIOR,True,Comunidad Foral de Navarra,ARTES GRÁFICAS,Hombres,80.1
BASICO,SUPERIOR,False,Comunidad Foral de Navarra,COMERCIO Y MARKETING,Hombres,88.4
MEDIO,MEDIO,True,Comunidad Foral de Navarra,EDIFICACIÓN Y OBRA CIVIL,Hombres,73.5
MEDIO,SUPERIOR,False,Comunidad Foral de Navarra,ELECTRICIDAD Y ELECTRÓNICA,Hombres,85.0
SUPERIOR,SUPERIOR,True,Comunidad Foral de Navarra,ENERGÍA Y AGUA,Hombres,87.4
SUPERIOR,MEDIO,False,Comunidad Foral de Navarra,FABRICACIÓN MECÁNICA,Hombres,85.7
MEDIO,SUPERIOR,False,Comunidad Foral de Navarra,HOSTELERÍA Y TURISMO,Hombres,84.4
MEDIO,SUPERIOR,False,Comunidad Foral de Navarra,IMAGEN PERSONAL,Hombres,93.5
BASICO,BASICO,True,Comunidad Foral de Navarra,IMAGEN Y SONIDO,Hombres,87.0
MEDIO,MEDIO,True,Comunidad Foral de Navarra,INDUSTRIAS ALIMENTARIAS,Hombres,78.5
MEDIO,SUPERIOR,False,Comunidad Foral de Navarra,INFORMÁTICA Y COMUNICACIONES,Hombres,85.9
SUPERIOR,MEDIO,False,Comunidad Foral de Navarra,INSTALACIÓN Y MANTENIMIENTO,Hombres,87.5
SUPERIOR,SUPERIOR,True,Comunidad Foral de Navarra,"MADERA, MUEBLE Y CORCHO",Hombres,92.6
BASICO,MEDIO,False,Comunidad Foral de Navarra,QUÍMICA,Hombres,84.6
BASICO,SUPERIOR,False,Comunidad Foral de Navarra,SANIDAD,Hombres,94.6
SUPERIOR,SUPERIOR,True,Comunidad Foral de Navarra,SEGURIDAD Y MEDIO AMBIENTE,Hombres,90.8
MEDIO,SUPERIOR,False,Comunidad Foral de Navarra,SERVICIOS SOCIOCULTURALES Y A LA COMUNIDAD,Hombres,86.9
BASICO,BASICO,True,Comunidad Foral de Navarra,TRANSPORTE Y MANTENIMIENTO DE VEHÍCULOS,Hombres,92.6
SUPERIOR,BASICO,False,País Vasco,ACTIVIDADES FÍSICAS Y DEPORTIVAS,Hombres,98.0
MEDIO,SUPERIOR,False,País Vasco,ADMINISTRACIÓN Y GESTIÓN,Hombres,94.7
MEDIO,SUPERIOR,False,País Vasco,AGRARIA,Hombres,88.8
MEDIO,MEDIO,True,País Vasco,ARTES GRÁFICAS,Hombres,93.4
MEDIO,SUPERIOR,False,País Vasco,COMERCIO Y MARKETING,Hombres,95.1
MEDIO,BASICO,False,País Vasco,EDIFICACIÓN Y OBRA CIVIL,Hombres,95.8
MEDIO,MEDIO,True,País Vasco,ELECTRICIDAD Y ELECTRÓNICA,Hombres,94.1
MEDIO,BASICO,False,País Vasco,ENERGÍA Y AGUA,Hombres,92.4
SUPERIOR,SUPERIOR,True,País Vasco,FABRICACIÓN MECÁNICA,Hombres,95.9
SUPERIOR,MEDIO,False,País Vasco,HOSTELERÍA Y TURISMO,Hombres,93.9
MEDIO,SUPERIOR,False,País Vasco,IMAGEN PERSONAL,Hombres,97.8
MEDIO,MEDIO,True,País Vasco,IMAGEN Y SONIDO,Hombres,95.0
SUPERIOR,SUPERIOR,True,País Vasco,INDUSTRIAS ALIMENTARIAS,Hombres,100.0
MEDIO,MEDIO,True,País Vasco,INFORMÁTICA Y COMUNICACIONES,Hombres,94.6
MEDIO,SUPERIOR,False,País Vasco,INSTALACIÓN Y MANTENIMIENTO,Hombres,94.6
SUPERIOR,SUPERIOR,True,País Vasco,"MADERA, MUEBLE Y CORCHO",Hombres,88.5
SUPERIOR,SUPERIOR,True,País Vasco,MARÍTIMO-PESQUERA,Hombres,94.1
BASICO,MEDIO,False,País Vasco,QUÍMICA,Hombres,96.8
BASICO,SUPERIOR,False,País Vasco,SANIDAD,Hombres,94.6
SUPERIOR,SUPERIOR,True,País Vasco,SEGURIDAD Y MEDIO AMBIENTE,Hombres,93.1
SUPERIOR,SUPERIOR,True,País Vasco,SERVICIOS SOCIOCULTURALES Y A LA COMUNIDAD,Hombres,96.2
BASICO,SUPERIOR,False,País Vasco,"TEXTIL, CONFECCIÓN Y PIEL",Hombres,96.1
SUPERIOR,SUPERIOR,True,País Vasco,TRANSPORTE Y MANTENIMIENTO DE VEHÍCULOS,Hombres,96.1
SUPERIOR,MEDIO,False,La Rioja,ACTIVIDADES FÍSICAS Y DEPORTIVAS,Hombres,81.6
SUPERIOR,SUPERIOR,True,La Rioja,ADMINISTRACIÓN Y GESTIÓN,Hombres,83.8
SUPERIOR,SUPERIOR,True,La Rioja,AGRARIA,Hombres,64.6
BASICO,SUPERIOR,False,La Rioja,COMERCIO Y MARKETING,Hombres,86.1
SUPERIOR,SUPERIOR,True,La Rioja,EDIFICACIÓN Y OBRA CIVIL,Hombres,88.8
SUPERIOR,SUPERIOR,True,La Rioja,ELECTRICIDAD Y ELECTRÓNICA,Hombres,80.3
SUPERIOR,SUPERIOR,True,La Rioja,ENERGÍA Y AGUA,Hombres,98.0
BASICO,BASICO,True,La Rioja,FABRICACIÓN MECÁNICA,Hombres,85.9
BASICO,MEDIO,False,La Rioja,HOSTELERÍA Y TURISMO,Hombres,86.6
SUPERIOR,MEDIO,False,La Rioja,IMAGEN PERSONAL,Hombres,77.4
MEDIO,BASICO,False,La Rioja,INDUSTRIAS ALIMENTARIAS,Hombres,75.8
MEDIO,MEDIO,True,La Rioja,INFORMÁTICA Y COMUNICACIONES,Hombres,86.6
SUPERIOR,MEDIO,False,La Rioja,INSTALACIÓN Y MANTENIMIENTO,Hombres,86.3
MEDIO,BASICO,False,La Rioja,QUÍMICA,Hombres,88.3
MEDIO,SUPERIOR,False,La Rioja,SANIDAD,Hombres,90.6
BASICO,MEDIO,False,La Rioja,SEGURIDAD Y MEDIO AMBIENTE,Hombres,69.3
BASICO,BASICO,True,La Rioja,SERVICIOS SOCIOCULTURALES Y A LA COMUNIDAD,Hombres,93.7
MEDIO,SUPERIOR,False,La Rioja,"TEXTIL, CONFECCIÓN Y PIEL",Hombres,87.8
MEDIO,MEDIO,True,La Rioja,TRANSPORTE Y MANTENIMIENTO DE VEHÍCULOS,Hombres,89.8
SUPERIOR,SUPERIOR,True,Ceuta,ACTIVIDADES FÍSICAS Y DEPORTIVAS,Hombres,81.3
SUPERIOR,SUPERIOR,True,Ceuta,ADMINISTRACIÓN Y GESTIÓN,Hombres,0.0
MEDIO,MEDIO,True,Ceuta,AGRARIA,Hombres,60.7
MEDIO,SUPERIOR,False,Ceuta,EDIFICACIÓN Y OBRA CIVIL,Hombres,60.7
MEDIO,SUPERIOR,False,Ceuta,ELECTRICIDAD Y ELECTRÓNICA,Hombres,67.0
SUPERIOR,MEDIO,False,Ceuta,ENERGÍA Y AGUA,Hombres,83.3
SUPERIOR,SUPERIOR,True,Ceuta,HOSTELERÍA Y TURISMO,Hombres,56.5
SUPERIOR,SUPERIOR,True,Ceuta,IMAGEN PERSONAL,Hombres,0.0
MEDIO,SUPERIOR,False,Ceuta,IMAGEN Y SONIDO,Hombres,84.1
MEDIO,BASICO,False,Ceuta,INFORMÁTICA Y COMUNICACIONES,Hombres,0.0
SUPERIOR,SUPERIOR,True,Ceuta,SANIDAD,Hombres,75.4
MEDIO,SUPERIOR,False,Ceuta,SEGURIDAD Y MEDIO AMBIENTE,Hombres,54.6
SUPERIOR,SUPERIOR,True,Ceuta,SERVICIOS SOCIOCULTURALES Y A LA COMUNIDAD,Hombres,73.6
MEDIO,SUPERIOR,False,Ceuta,TRANSPORTE Y MANTENIMIENTO DE VEHÍCULOS,Hombres,53.2
BASICO,MEDIO,False,Melilla,ACTIVIDADES FÍSICAS Y DEPORTIVAS,Hombres,63.3
SUPERIOR,SUPERIOR,True,Melilla,ADMINISTRACIÓN Y GESTIÓN,Hombres,73.0
BASICO,MEDIO,False,Melilla,COMERCIO Y MARKETING,Hombres,90.4
SUPERIOR,SUPERIOR,True,Melilla,ELECTRICIDAD Y ELECTRÓNICA,Hombres,80.6
SUPERIOR,SUPERIOR,True,Melilla,HOSTELERÍA Y TURISMO,Hombres,86.2
MEDIO,MEDIO,True,Melilla,IMAGEN Y SONIDO,Hombres,84.2
BASICO,MEDIO,False,Melilla,INFORMÁTICA Y COMUNICACIONES,Hombres,66.3
MEDIO,SUPERIOR,False,Melilla,SANIDAD,Hombres,77.0
SUPERIOR,MEDIO,False,Melilla,SEGURIDAD Y MEDIO AMBIENTE,Hombres,49.0
BASICO,MEDIO,False,Melilla,SERVICIOS SOCIOCULTURALES Y A LA COMUNIDAD,Hombres,90.5
SUPERIOR,MEDIO,False,Melilla,TRANSPORTE Y MANTENIMIENTO DE VEHÍCULOS,Hombres,73.3
SUPERIOR,SUPERIOR,True,Andalucía,ACTIVIDADES FÍSICAS Y DEPORTIVAS,Mujeres,96.0
BASICO,BASICO,True,Andalucía,ADMINISTRACIÓN Y GESTIÓN,Mujeres,90.1
SUPERIOR,SUPERIOR,True,Andalucía,AGRARIA,Mujeres,93.2
BASICO,MEDIO,False,Andalucía,ARTES GRÁFICAS,Mujeres,91.0
SUPERIOR,SUPERIOR,True,Andalucía,COMERCIO Y MARKETING,Mujeres,91.6
BASICO,MEDIO,False,Andalucía,EDIFICACIÓN Y OBRA CIVIL,Mujeres,77.6
SUPERIOR,SUPERIOR,True,Andalucía,ELECTRICIDAD Y ELECTRÓNICA,Mujeres,84.0
MEDIO,SUPERIOR,False,Andalucía,ENERGÍA Y AGUA,Mujeres,88.3
SUPERIOR,SUPERIOR,True,Andalucía,FABRICACIÓN MECÁNICA,Mujeres,82.3
SUPERIOR,BASICO,False,Andalucía,HOSTELERÍA Y TURISMO,Mujeres,88.6
SUPERIOR,SUPERIOR,True,Andalucía,IMAGEN PERSONAL,Mujeres,92.7
SUPERIOR,SUPERIOR,True,Andalucía,IMAGEN Y SONIDO,Mujeres,93.1
MEDIO,MEDIO,True,Andalucía,INDUSTRIAS ALIMENTARIAS,Mujeres,84.1
MEDIO,MEDIO,True,Andalucía,INFORMÁTICA Y COMUNICACIONES,Mujeres,84.1
BASICO,BASICO,True,Andalucía,INSTALACIÓN Y MANTENIMIENTO,Mujeres,70.9
BASICO,MEDIO,False,Andalucía,"MADERA, MUEBLE Y CORCHO",Mujeres,88.5
BASICO,BASICO,True,Andalucía,MARÍTIMO-PESQUERA,Mujeres,93.7
SUPERIOR,MEDIO,False,Andalucía,QUÍMICA,Mujeres,86.8
BASICO,MEDIO,False,Andalucía,SANIDAD,Mujeres,97.6
BASICO,BASICO,True,Andalucía,SEGURIDAD Y MEDIO AMBIENTE,Mujeres,91.4
MEDIO,BASICO,False,Andalucía,SERVICIOS SOCIOCULTURALES Y A LA COMUNIDAD,Mujeres,96.0
MEDIO,BASICO,False,Andalucía,"TEXTIL, CONFECCIÓN Y PIEL",Mujeres,94.9
BASICO,SUPERIOR,False,Andalucía,TRANSPORTE Y MANTENIMIENTO DE VEHÍCULOS,Mujeres,89.8
MEDIO,MEDIO,True,Aragón,ACTIVIDADES FÍSICAS Y DEPORTIVAS,Mujeres,95.0
MEDIO,MEDIO,True,Aragón,ADMINISTRACIÓN Y GESTIÓN,Mujeres,82.5
SUPERIOR,MEDIO,False,Aragón,AGRARIA,Mujeres,88.1
MEDIO,SUPERIOR,False,Aragón,ARTES GRÁFICAS,Mujeres,90.4
BASICO,MEDIO,False,Aragón,COMERCIO Y MARKETING,Mujeres,77.5
MEDIO,MEDIO,True,Aragón,EDIFICACIÓN Y OBRA CIVIL,Mujeres,83.3
SUPERIOR,MEDIO,False,Aragón,ELECTRICIDAD Y ELECTRÓNICA,Mujeres,85.0
MEDIO,SUPERIOR,False,Aragón,ENERGÍA Y AGUA,Mujeres,100.0
MEDIO,SUPERIOR,False,Aragón,FABRICACIÓN MECÁNICA,Mujeres,92.5
BASICO,SUPERIOR,False,Aragón,HOSTELERÍA Y TURISMO,Mujeres,85.4
MEDIO,SUPERIOR,False,Aragón,IMAGEN PERSONAL,Mujeres,91.3
SUPERIOR,SUPERIOR,True,Aragón,IMAGEN Y SONIDO,Mujeres,89.6
SUPERIOR,MEDIO,False,Aragón,INDUSTRIAS ALIMENTARIAS,Mujeres,78.7
MEDIO,SUPERIOR,False,Aragón,INFORMÁTICA Y COMUNICACIONES,Mujeres,82.3
SUPERIOR,SUPERIOR,True,Aragón,INSTALACIÓN Y MANTENIMIENTO,Mujeres,79.3
MEDIO,BASICO,False,Aragón,"MADERA, MUEBLE Y CORCHO",Mujeres,84.9
SUPERIOR,SUPERIOR,True,Aragón,QUÍMICA,Mujeres,88.7
BASICO,BASICO,True,Aragón,SANIDAD,Mujeres,83.6
MEDIO,SUPERIOR,False,Aragón,SEGURIDAD Y MEDIO AMBIENTE,Mujeres,89.8
SUPERIOR,SUPERIOR,True,Aragón,SERVICIOS SOCIOCULTURALES Y A LA COMUNIDAD,Mujeres,94.4
MEDIO,MEDIO,True,Aragón,"TEXTIL, CONFECCIÓN Y PIEL",Mujeres,92.3
SUPERIOR,SUPERIOR,True,Aragón,TRANSPORTE Y MANTENIMIENTO DE VEHÍCULOS,Mujeres,62.2
BASICO,SUPERIOR,False,Principado de Asturias,ACTIVIDADES FÍSICAS Y DEPORTIVAS,Mujeres,86.5
BASICO,MEDIO,False,Principado de Asturias,ADMINISTRACIÓN Y GESTIÓN,Mujeres,83.1
SUPERIOR,SUPERIOR,True,Principado de Asturias,AGRARIA,Mujeres,93.1
SUPERIOR,SUPERIOR,True,Principado de Asturias,ARTES GRÁFICAS,Mujeres,76.2
BASICO,BASICO,True,Principado de Asturias,COMERCIO Y MARKETING,Mujeres,83.9
MEDIO,MEDIO,True,Principado de Asturias,EDIFICACIÓN Y OBRA CIVIL,Mujeres,76.4
MEDIO,BASICO,False,Principado de Asturias,ELECTRICIDAD Y ELECTRÓNICA,Mujeres,79.5
SUPERIOR,SUPERIOR,True,Principado de Asturias,ENERGÍA Y AGUA,Mujeres,100.0
MEDIO,SUPERIOR,False,Principado de Asturias,FABRICACIÓN MECÁNICA,Mujeres,70.2
SUPERIOR,SUPERIOR,True,Principado de Asturias,HOSTELERÍA Y TURISMO,Mujeres,80.8
SUPERIOR,SUPERIOR,True,Principado de Asturias,IMAGEN PERSONAL,Mujeres,83.5
MEDIO,SUPERIOR,False,Principado de Asturias,IMAGEN Y SONIDO,Mujeres,85.5
MEDIO,MEDIO,True,Principado de Asturias,INDUSTRIAS ALIMENTARIAS,Mujeres,94.6
MEDIO,BASICO,False,Principado de Asturias,INFORMÁTICA Y COMUNICACIONES,Mujeres,79.5
SUPERIOR,SUPERIOR,True,Principado de Asturias,INSTALACIÓN Y MANTENIMIENTO,Mujeres,90.7
MEDIO,SUPERIOR,False,Principado de Asturias,MARÍTIMO-PESQUERA,Mujeres,75.0
MEDIO,SUPERIOR,False,Principado de Asturias,QUÍMICA,Mujeres,78.6
BASICO,BASICO,True,Principado de Asturias,SANIDAD,Mujeres,92.4
MEDIO,MEDIO,True,Principado de Asturias,SEGURIDAD Y MEDIO AMBIENTE,Mujeres,87.4
BASICO,BASICO,True,Principado de Asturias,SERVICIOS SOCIOCULTURALES Y A LA COMUNIDAD,Mujeres,85.2
BASICO,SUPERIOR,False,Principado de Asturias,TRANSPORTE Y MANTENIMIENTO DE VEHÍCULOS,Mujeres,91.4
BASICO,SUPERIOR,False,Islas Baleares,ACTIVIDADES FÍSICAS Y DEPORTIVAS,Mujeres,94.7
BASICO,SUPERIOR,False,Islas Baleares,ADMINISTRACIÓN Y GESTIÓN,Mujeres,92.1
MEDIO,SUPERIOR,False,Islas Baleares,AGRARIA,Mujeres,89.2
MEDIO,MEDIO,True,Islas Baleares,ARTES GRÁFICAS,Mujeres,97.3
MEDIO,SUPERIOR,False,Islas Baleares,COMERCIO Y MARKETING,Mujeres,96.7
MEDIO,SUPERIOR,False,Islas Baleares,EDIFICACIÓN Y OBRA CIVIL,Mujeres,84.2
SUPERIOR,SUPERIOR,True,Islas Baleares,ELECTRICIDAD Y ELECTRÓNICA,Mujeres,81.8
MEDIO,MEDIO,True,Islas Baleares,ENERGÍA Y AGUA,Mujeres,100.0
SUPERIOR,SUPERIOR,True,Islas Baleares,HOSTELERÍA Y TURISMO,Mujeres,94.0
SUPERIOR,SUPERIOR,True,Islas Baleares,IMAGEN PERSONAL,Mujeres,94.6
MEDIO,SUPERIOR,False,Islas Baleares,IMAGEN Y SONIDO,Mujeres,95.9
MEDIO,SUPERIOR,False,Islas Baleares,INDUSTRIAS ALIMENTARIAS,Mujeres,98.4
SUPERIOR,MEDIO,False,Islas Baleares,INFORMÁTICA Y COMUNICACIONES,Mujeres,92.8
SUPERIOR,MEDIO,False,Islas Baleares,"MADERA, MUEBLE Y CORCHO",Mujeres,97.2
MEDIO,MEDIO,True,Islas Baleares,MARÍTIMO-PESQUERA,Mujeres,98.6
SUPERIOR,MEDIO,False,Islas Baleares,QUÍMICA,Mujeres,80.2
MEDIO,SUPERIOR,False,Islas Baleares,SANIDAD,Mujeres,89.9
MEDIO,BASICO,False,Islas Baleares,SERVICIOS SOCIOCULTURALES Y A LA COMUNIDAD,Mujeres,96.0
MEDIO,SUPERIOR,False,Islas Baleares,TRANSPORTE Y MANTENIMIENTO DE VEHÍCULOS,Mujeres,80.0
MEDIO,MEDIO,True,Canarias,ACTIVIDADES FÍSICAS Y DEPORTIVAS,Mujeres,88.9
BASICO,BASICO,True,Canarias,ADMINISTRACIÓN Y GESTIÓN,Mujeres,89.5
BASICO,MEDIO,False,Canarias,AGRARIA,Mujeres,90.3
SUPERIOR,SUPERIOR,True,Canarias,ARTES GRÁFICAS,Mujeres,79.8
MEDIO,SUPERIOR,False,Canarias,COMERCIO Y MARKETING,Mujeres,92.2
MEDIO,SUPERIOR,False,Canarias,EDIFICACIÓN Y OBRA CIVIL,Mujeres,89.2
SUPERIOR,MEDIO,False,Canarias,ELECTRICIDAD Y ELECTRÓNICA,Mujeres,74.4
SUPERIOR,SUPERIOR,True,Canarias,ENERGÍA Y AGUA,Mujeres,93.5
BASICO,MEDIO,False,Canarias,FABRICACIÓN MECÁNICA,Mujeres,100.0
SUPERIOR,SUPERIOR,True,Canarias,HOSTELERÍA Y TURISMO,Mujeres,87.0
MEDIO,SUPERIOR,False,Canarias,IMAGEN PERSONAL,Mujeres,93.4
BASICO,BASICO,True,Canarias,IMAGEN Y SONIDO,Mujeres,92.8
SUPERIOR,SUPERIOR,True,Canarias,INDUSTRIAS ALIMENTARIAS,Mujeres,89.6
MEDIO,MEDIO,True,Canarias,INFORMÁTICA Y COMUNICACIONES,Mujeres,80.0
SUPERIOR,SUPERIOR,True,Canarias,INSTALACIÓN Y MANTENIMIENTO,Mujeres,63.8
SUPERIOR,SUPERIOR,True,Canarias,"MADERA, MUEBLE Y CORCHO",Mujeres,92.7
SUPERIOR,MEDIO,False,Canarias,MARÍTIMO-PESQUERA,Mujeres,91.4
SUPERIOR,MEDIO,False,Canarias,QUÍMICA,Mujeres,88.0
BASICO,BASICO,True,Canarias,SANIDAD,Mujeres,95.8
MEDIO,MEDIO,True,Canarias,SEGURIDAD Y MEDIO AMBIENTE,Mujeres,89.5
SUPERIOR,SUPERIOR,True,Canarias,SERVICIOS SOCIOCULTURALES Y A LA COMUNIDAD,Mujeres,94.1
SUPERIOR,MEDIO,False,Canarias,"TEXTIL, CONFECCIÓN Y PIEL",Mujeres,89.0
BASICO,MEDIO,False,Canarias,TRANSPORTE Y MANTENIMIENTO DE VEHÍCULOS,Mujeres,84.4
MEDIO,MEDIO,True,Cantabria,ACTIVIDADES FÍSICAS Y DEPORTIVAS,Mujeres,96.1
SUPERIOR,MEDIO,False,Cantabria,ADMINISTRACIÓN Y GESTIÓN,Mujeres,96.7
SUPERIOR,MEDIO,False,Cantabria,AGRARIA,Mujeres,83.4
MEDIO,SUPERIOR,False,Cantabria,ARTES GRÁFICAS,Mujeres,98.0
BASICO,MEDIO,False,Cantabria,COMERCIO Y MARKETING,Mujeres,95.7
SUPERIOR,SUPERIOR,True,Cantabria,EDIFICACIÓN Y OBRA CIVIL,Mujeres,88.9
MEDIO,SUPERIOR,False,Cantabria,ELECTRICIDAD Y ELECTRÓNICA,Mujeres,84.7
SUPERIOR,SUPERIOR,True,Cantabria,ENERGÍA Y AGUA,Mujeres,95.0
BASICO,MEDIO,False,Cantabria,FABRICACIÓN MECÁNICA,Mujeres,93.9
SUPERIOR,SUPERIOR,True,Cantabria,HOSTELERÍA Y TURISMO,Mujeres,90.5
BASICO,MEDIO,False,Cantabria,IMAGEN PERSONAL,Mujeres,92.2
BASICO,BASICO,True,Cantabria,IMAGEN Y SONIDO,Mujeres,85.7
MEDIO,MEDIO,True,Cantabria,INDUSTRIAS ALIMENTARIAS,Mujeres,85.6
SUPERIOR,SUPERIOR,True,Cantabria,INFORMÁTICA Y COMUNICACIONES,Mujeres,85.0
SUPERIOR,MEDIO,False,Cantabria,INSTALACIÓN Y MANTENIMIENTO,Mujeres,85.0
MEDIO,MEDIO,True,Cantabria,"MADERA, MUEBLE Y CORCHO",Mujeres,92.6
SUPERIOR,SUPERIOR,True,Cantabria,QUÍMICA,Mujeres,96.2
MEDIO,BASICO,False,Cantabria,SANIDAD,Mujeres,97.3
MEDIO,SUPERIOR,False,Cantabria,SEGURIDAD Y MEDIO AMBIENTE,Mujeres,98.3
SUPERIOR,MEDIO,False,Cantabria,SERVICIOS SOCIOCULTURALES Y A LA COMUNIDAD,Mujeres,96.7
MEDIO,SUPERIOR,False,Cantabria,TRANSPORTE Y MANTENIMIENTO DE VEHÍCULOS,Mujeres,95.8
SUPERIOR,SUPERIOR,True,Castilla y León,ACTIVIDADES FÍSICAS Y DEPORTIVAS,Mujeres,89.9
MEDIO,SUPERIOR,False,Castilla y León,ADMINISTRACIÓN Y GESTIÓN,Mujeres,84.0
SUPERIOR,SUPERIOR,True,Castilla y León,AGRARIA,Mujeres,90.0
SUPERIOR,SUPERIOR,True,Castilla y León,ARTES GRÁFICAS,Mujeres,76.7
MEDIO,MEDIO,True,Castilla y León,COMERCIO Y MARKETING,Mujeres,83.1
BASICO,BASICO,True,Castilla y León,EDIFICACIÓN Y OBRA CIVIL,Mujeres,63.9
MEDIO,MEDIO,True,Castilla y León,ELECTRICIDAD Y ELECTRÓNICA,Mujeres,71.5
BASICO,BASICO,True,Castilla y León,ENERGÍA Y AGUA,Mujeres,82.6
BASICO,MEDIO,False,Castilla y León,FABRICACIÓN MECÁNICA,Mujeres,75.9
BASICO,MEDIO,False,Castilla y León,HOSTELERÍA Y TURISMO,Mujeres,78.9
SUPERIOR,MEDIO,False,Castilla y León,IMAGEN PERSONAL,Mujeres,85.6
SUPERIOR,MEDIO,False,Castilla y León,IMAGEN Y SONIDO,Mujeres,85.6
MEDIO,SUPERIOR,False,Castilla y León,INDUSTRIAS ALIMENTARIAS,Mujeres,79.7
MEDIO,MEDIO,True,Castilla y León,INFORMÁTICA Y COMUNICACIONES,Mujeres,79.1
BASICO,SUPERIOR,False,Castilla y León,INSTALACIÓN Y MANTENIMIENTO,Mujeres,90.3
SUPERIOR,SUPERIOR,True,Castilla y León,"MADERA, MUEBLE Y CORCHO",Mujeres,50.0
SUPERIOR,MEDIO,False,Castilla y León,QUÍMICA,Mujeres,75.1
SUPERIOR,SUPERIOR,True,Castilla y León,SANIDAD,Mujeres,85.1
SUPERIOR,SUPERIOR,True,Castilla y León,SEGURIDAD Y MEDIO AMBIENTE,Mujeres,79.0
BASICO,BASICO,True,Castilla y León,SERVICIOS SOCIOCULTURALES Y A LA COMUNIDAD,Mujeres,90.3
MEDIO,SUPERIOR,False,Castilla y León,"TEXTIL, CONFECCIÓN Y PIEL",Mujeres,89.7
BASICO,MEDIO,False,Castilla y León,TRANSPORTE Y MANTENIMIENTO DE VEHÍCULOS,Mujeres,91.5
MEDIO,MEDIO,True,Castilla La Mancha,ACTIVIDADES FÍSICAS Y DEPORTIVAS,Mujeres,97.5
MEDIO,MEDIO,True,Castilla La Mancha,ADMINISTRACIÓN Y GESTIÓN,Mujeres,97.4
BASICO,BASICO,True,Castilla La Mancha,AGRARIA,Mujeres,98.2
BASICO,BASICO,True,Castilla La Mancha,COMERCIO Y MARKETING,Mujeres,98.8
BASICO,BASICO,True,Castilla La Mancha,EDIFICACIÓN Y OBRA CIVIL,Mujeres,91.3
BASICO,SUPERIOR,False,Castilla La Mancha,ELECTRICIDAD Y ELECTRÓNICA,Mujeres,97.2
BASICO,MEDIO,False,Castilla La Mancha,ENERGÍA Y AGUA,Mujeres,98.7
MEDIO,MEDIO,True,Castilla La Mancha,FABRICACIÓN MECÁNICA,Mujeres,100.0
MEDIO,SUPERIOR,False,Castilla La Mancha,HOSTELERÍA Y TURISMO,Mujeres,98.4
BASICO,MEDIO,False,Castilla La Mancha,IMAGEN PERSONAL,Mujeres,98.6
SUPERIOR,MEDIO,False,Castilla La Mancha,IMAGEN Y SONIDO,Mujeres,94.7
MEDIO,BASICO,False,Castilla La Mancha,INDUSTRIAS ALIMENTARIAS,Mujeres,96.1
MEDIO,MEDIO,True,Castilla La Mancha,INFORMÁTICA Y COMUNICACIONES,Mujeres,96.1
SUPERIOR,BASICO,False,Castilla La Mancha,INSTALACIÓN Y MANTENIMIENTO,Mujeres,98.4
SUPERIOR,SUPERIOR,True,Castilla La Mancha,"MADERA, MUEBLE Y CORCHO",Mujeres,100.0
MEDIO,MEDIO,True,Castilla La Mancha,QUÍMICA,Mujeres,98.2
SUPERIOR,MEDIO,False,Castilla La Mancha,SANIDAD,Mujeres,98.6
MEDIO,SUPERIOR,False,Castilla La Mancha,SEGURIDAD Y MEDIO AMBIENTE,Mujeres,98.1
SUPERIOR,SUPERIOR,True,Castilla La Mancha,SERVICIOS SOCIOCULTURALES Y A LA COMUNIDAD,Mujeres,97.7
SUPERIOR,SUPERIOR,True,Castilla La Mancha,"TEXTIL, CONFECCIÓN Y PIEL",Mujeres,95.4
SUPERIOR,SUPERIOR,True,Castilla La Mancha,TRANSPORTE Y MANTENIMIENTO DE VEHÍCULOS,Mujeres,98.3
SUPERIOR,SUPERIOR,True,Comunitat Valenciana,ACTIVIDADES FÍSICAS Y DEPORTIVAS,Mujeres,91.9
SUPERIOR,SUPERIOR,True,Comunitat Valenciana,ADMINISTRACIÓN Y GESTIÓN,Mujeres,78.0
BASICO,MEDIO,False,Comunitat Valenciana,AGRARIA,Mujeres,74.4
MEDIO,SUPERIOR,False,Comunitat Valenciana,ARTES GRÁFICAS,Mujeres,79.3
MEDIO,BASICO,False,Comunitat Valenciana,ARTES Y ARTESANÍAS,Mujeres,77.4
MEDIO,SUPERIOR,False,Comunitat Valenciana,COMERCIO Y MARKETING,Mujeres,79.8
MEDIO,MEDIO,True,Comunitat Valenciana,EDIFICACIÓN Y OBRA CIVIL,Mujeres,64.1
MEDIO,SUPERIOR,False,Comunitat Valenciana,ELECTRICIDAD Y ELECTRÓNICA,Mujeres,68.2
SUPERIOR,SUPERIOR,True,Comunitat Valenciana,ENERGÍA Y AGUA,Mujeres,67.3
BASICO,BASICO,True,Comunitat Valenciana,FABRICACIÓN MECÁNICA,Mujeres,78.8
MEDIO,MEDIO,True,Comunitat Valenciana,HOSTELERÍA Y TURISMO,Mujeres,73.4
MEDIO,BASICO,False,Comunitat Valenciana,IMAGEN PERSONAL,Mujeres,79.2
BASICO,MEDIO,False,Comunitat Valenciana,IMAGEN Y SONIDO,Mujeres,83.9
BASICO,BASICO,True,Comunitat Valenciana,INDUSTRIAS ALIMENTARIAS,Mujeres,78.1
MEDIO,BASICO,False,Comunitat Valenciana,INFORMÁTICA Y COMUNICACIONES,Mujeres,68.1
SUPERIOR,MEDIO,False,Comunitat Valenciana,INSTALACIÓN Y MANTENIMIENTO,Mujeres,66.8
MEDIO,BASICO,False,Comunitat Valenciana,"MADERA, MUEBLE Y CORCHO",Mujeres,68.3
BASICO,BASICO,True,Comunitat Valenciana,MARÍTIMO-PESQUERA,Mujeres,81.1
MEDIO,SUPERIOR,False,Comunitat Valenciana,QUÍMICA,Mujeres,76.4
SUPERIOR,SUPERIOR,True,Comunitat Valenciana,SANIDAD,Mujeres,85.4
SUPERIOR,SUPERIOR,True,Comunitat Valenciana,SEGURIDAD Y MEDIO AMBIENTE,Mujeres,79.4
MEDIO,SUPERIOR,False,Comunitat Valenciana,SERVICIOS SOCIOCULTURALES Y A LA COMUNIDAD,Mujeres,80.3
SUPERIOR,SUPERIOR,True,Comunitat Valenciana,"TEXTIL, CONFECCIÓN Y PIEL",Mujeres,74.5
SUPERIOR,SUPERIOR,True,Comunitat Valenciana,TRANSPORTE Y MANTENIMIENTO DE VEHÍCULOS,Mujeres,76.5
MEDIO,SUPERIOR,False,Comunitat Valenciana,VIDRIO Y CERÁMICA,Mujeres,76.3
SUPERIOR,SUPERIOR,True,Extremadura,ACTIVIDADES FÍSICAS Y DEPORTIVAS,Mujeres,90.3
BASICO,BASICO,True,Extremadura,ADMINISTRACIÓN Y GESTIÓN,Mujeres,88.0
SUPERIOR,SUPERIOR,True,Extremadura,AGRARIA,Mujeres,97.5
MEDIO,MEDIO,True,Extremadura,ARTES GRÁFICAS,Mujeres,85.3
SUPERIOR,MEDIO,False,Extremadura,COMERCIO Y MARKETING,Mujeres,91.4
MEDIO,SUPERIOR,False,Extremadura,EDIFICACIÓN Y OBRA CIVIL,Mujeres,75.9
BASICO,MEDIO,False,Extremadura,ELECTRICIDAD Y ELECTRÓNICA,Mujeres,87.3
SUPERIOR,SUPERIOR,True,Extremadura,ENERGÍA Y AGUA,Mujeres,86.7
BASICO,MEDIO,False,Extremadura,FABRICACIÓN MECÁNICA,Mujeres,100.0
BASICO,MEDIO,False,Extremadura,HOSTELERÍA Y TURISMO,Mujeres,85.6
BASICO,BASICO,True,Extremadura,IMAGEN PERSONAL,Mujeres,91.2
SUPERIOR,SUPERIOR,True,Extremadura,IMAGEN Y SONIDO,Mujeres,81.0
SUPERIOR,MEDIO,False,Extremadura,INDUSTRIAS ALIMENTARIAS,Mujeres,90.0
SUPERIOR,MEDIO,False,Extremadura,INFORMÁTICA Y COMUNICACIONES,Mujeres,84.7
BASICO,MEDIO,False,Extremadura,INSTALACIÓN Y MANTENIMIENTO,Mujeres,100.0
BASICO,MEDIO,False,Extremadura,"MADERA, MUEBLE Y CORCHO",Mujeres,71.0
MEDIO,SUPERIOR,False,Extremadura,QUÍMICA,Mujeres,75.8
BASICO,MEDIO,False,Extremadura,SANIDAD,Mujeres,92.5
BASICO,MEDIO,False,Extremadura,SEGURIDAD Y MEDIO AMBIENTE,Mujeres,97.9
SUPERIOR,MEDIO,False,Extremadura,SERVICIOS SOCIOCULTURALES Y A LA COMUNIDAD,Mujeres,93.9
MEDIO,SUPERIOR,False,Extremadura,"TEXTIL, CONFECCIÓN Y PIEL",Mujeres,95.1
MEDIO,SUPERIOR,False,Extremadura,TRANSPORTE Y MANTENIMIENTO DE VEHÍCULOS,Mujeres,94.7
MEDIO,SUPERIOR,False,Galicia,ACTIVIDADES FÍSICAS Y DEPORTIVAS,Mujeres,94.1
SUPERIOR,SUPERIOR,True,Galicia,ADMINISTRACIÓN Y GESTIÓN,Mujeres,84.7
MEDIO,SUPERIOR,False,Galicia,AGRARIA,Mujeres,93.4
BASICO,BASICO,True,Galicia,ARTES GRÁFICAS,Mujeres,88.5
MEDIO,BASICO,False,Galicia,COMERCIO Y MARKETING,Mujeres,89.6
SUPERIOR,MEDIO,False,Galicia,EDIFICACIÓN Y OBRA CIVIL,Mujeres,81.5
MEDIO,BASICO,False,Galicia,ELECTRICIDAD Y ELECTRÓNICA,Mujeres,75.2
MEDIO,SUPERIOR,False,Galicia,ENERGÍA Y AGUA,Mujeres,73.2
SUPERIOR,SUPERIOR,True,Galicia,FABRICACIÓN MECÁNICA,Mujeres,70.7
MEDIO,MEDIO,True,Galicia,HOSTELERÍA Y TURISMO,Mujeres,88.0
MEDIO,SUPERIOR,False,Galicia,IMAGEN PERSONAL,Mujeres,86.5
SUPERIOR,SUPERIOR,True,Galicia,IMAGEN Y SONIDO,Mujeres,90.4
SUPERIOR,SUPERIOR,True,Galicia,INDUSTRIAS ALIMENTARIAS,Mujeres,76.8
MEDIO,SUPERIOR,False,Galicia,INFORMÁTICA Y COMUNICACIONES,Mujeres,79.2
MEDIO,SUPERIOR,False,Galicia,INSTALACIÓN Y MANTENIMIENTO,Mujeres,71.4
SUPERIOR,MEDIO,False,Galicia,"MADERA, MUEBLE Y CORCHO",Mujeres,78.1
SUPERIOR,MEDIO,False,Galicia,MARÍTIMO-PESQUERA,Mujeres,91.6
SUPERIOR,SUPERIOR,True,Galicia,QUÍMICA,Mujeres,79.8
SUPERIOR,MEDIO,False,Galicia,SANIDAD,Mujeres,92.6
BASICO,BASICO,True,Galicia,SEGURIDAD Y MEDIO AMBIENTE,Mujeres,87.6
SUPERIOR,MEDIO,False,Galicia,SERVICIOS SOCIOCULTURALES Y A LA COMUNIDAD,Mujeres,94.5
BASICO,SUPERIOR,False,Galicia,"TEXTIL, CONFECCIÓN Y PIEL",Mujeres,87.2
MEDIO,SUPERIOR,False,Galicia,TRANSPORTE Y MANTENIMIENTO DE VEHÍCULOS,Mujeres,85.0
BASICO,MEDIO,False,Comunidad de Madrid,ACTIVIDADES FÍSICAS Y DEPORTIVAS,Mujeres,87.3
MEDIO,SUPERIOR,False,Comunidad de Madrid,ADMINISTRACIÓN Y GESTIÓN,Mujeres,80.7
MEDIO,MEDIO,True,Comunidad de Madrid,AGRARIA,Mujeres,70.9
BASICO,MEDIO,False,Comunidad de Madrid,ARTES GRÁFICAS,Mujeres,93.0
SUPERIOR,BASICO,False,Comunidad de Madrid,COMERCIO Y MARKETING,Mujeres,85.6
SUPERIOR,SUPERIOR,True,Comunidad de Madrid,EDIFICACIÓN Y OBRA CIVIL,Mujeres,75.6
SUPERIOR,SUPERIOR,True,Comunidad de Madrid,ELECTRICIDAD Y ELECTRÓNICA,Mujeres,87.2
SUPERIOR,MEDIO,False,Comunidad de Madrid,ENERGÍA Y AGUA,Mujeres,53.4
BASICO,BASICO,True,Comunidad de Madrid,FABRICACIÓN MECÁNICA,Mujeres,70.2
MEDIO,MEDIO,True,Comunidad de Madrid,HOSTELERÍA Y TURISMO,Mujeres,80.7
SUPERIOR,MEDIO,False,Comunidad de Madrid,IMAGEN PERSONAL,Mujeres,89.9
BASICO,BASICO,True,Comunidad de Madrid,IMAGEN Y SONIDO,Mujeres,94.1
SUPERIOR,MEDIO,False,Comunidad de Madrid,INDUSTRIAS ALIMENTARIAS,Mujeres,77.3
BASICO,SUPERIOR,False,Comunidad de Madrid,INFORMÁTICA Y COMUNICACIONES,Mujeres,83.0
BASICO,MEDIO,False,Comunidad de Madrid,INSTALACIÓN Y MANTENIMIENTO,Mujeres,63.9
MEDIO,MEDIO,True,Comunidad de Madrid,"MADERA, MUEBLE Y CORCHO",Mujeres,94.5
SUPERIOR,SUPERIOR,True,Comunidad de Madrid,QUÍMICA,Mujeres,73.3
SUPERIOR,SUPERIOR,True,Comunidad de Madrid,SANIDAD,Mujeres,90.3
SUPERIOR,SUPERIOR,True,Comunidad de Madrid,SEGURIDAD Y MEDIO AMBIENTE,Mujeres,82.9
MEDIO,SUPERIOR,False,Comunidad de Madrid,SERVICIOS SOCIOCULTURALES Y A LA COMUNIDAD,Mujeres,88.8
SUPERIOR,SUPERIOR,True,Comunidad de Madrid,"TEXTIL, CONFECCIÓN Y PIEL",Mujeres,87.7
MEDIO,MEDIO,True,Comunidad de Madrid,TRANSPORTE Y MANTENIMIENTO DE VEHÍCULOS,Mujeres,85.9
MEDIO,MEDIO,True,Región de Murcia,ACTIVIDADES FÍSICAS Y DEPORTIVAS,Mujeres,90.4
SUPERIOR,SUPERIOR,True,Región de Murcia,ADMINISTRACIÓN Y GESTIÓN,Mujeres,86.3
MEDIO,SUPERIOR,False,Región de Murcia,AGRARIA,Mujeres,90.8
MEDIO,MEDIO,True,Región de Murcia,ARTES GRÁFICAS,Mujeres,55.4
SUPERIOR,MEDIO,False,Región de Murcia,COMERCIO Y MARKETING,Mujeres,90.0
BASICO,SUPERIOR,False,Región de Murcia,EDIFICACIÓN Y OBRA CIVIL,Mujeres,73.0
BASICO,MEDIO,False,Región de Murcia,ELECTRICIDAD Y ELECTRÓNICA,Mujeres,71.6
BASICO,BASICO,True,Región de Murcia,ENERGÍA Y AGUA,Mujeres,62.8
SUPERIOR,SUPERIOR,True,Región de Murcia,FABRICACIÓN MECÁNICA,Mujeres,82.6
MEDIO,SUPERIOR,False,Región de Murcia,HOSTELERÍA Y TURISMO,Mujeres,72.3
SUPERIOR,SUPERIOR,True,Región de Murcia,IMAGEN PERSONAL,Mujeres,84.1
SUPERIOR,SUPERIOR,True,Región de Murcia,IMAGEN Y SONIDO,Mujeres,93.2
SUPERIOR,BASICO,False,Región de Murcia,INDUSTRIAS ALIMENTARIAS,Mujeres,87.4
SUPERIOR,SUPERIOR,True,Región de Murcia,INFORMÁTICA Y COMUNICACIONES,Mujeres,78.5
BASICO,MEDIO,False,Región de Murcia,INSTALACIÓN Y MANTENIMIENTO,Mujeres,75.0
SUPERIOR,MEDIO,False,Región de Murcia,MARÍTIMO-PESQUERA,Mujeres,98.6
MEDIO,MEDIO,True,Región de Murcia,QUÍMICA,Mujeres,88.2
BASICO,BASICO,True,Región de Murcia,SANIDAD,Mujeres,89.2
MEDIO,BASICO,False,Región de Murcia,SEGURIDAD Y MEDIO AMBIENTE,Mujeres,82.9
SUPERIOR,SUPERIOR,True,Región de Murcia,SERVICIOS SOCIOCULTURALES Y A LA COMUNIDAD,Mujeres,92.4
MEDIO,SUPERIOR,False,Región de Murcia,"TEXTIL, CONFECCIÓN Y PIEL",Mujeres,92.5
SUPERIOR,BASICO,False,Región de Murcia,TRANSPORTE Y MANTENIMIENTO DE VEHÍCULOS,Mujeres,83.8
BASICO,SUPERIOR,False,Comunidad Foral de Navarra,ACTIVIDADES FÍSICAS Y DEPORTIVAS,Mujeres,98.5
MEDIO,MEDIO,True,Comunidad Foral de Navarra,ADMINISTRACIÓN Y GESTIÓN,Mujeres,93.1
MEDIO,MEDIO,True,Comunidad Foral de Navarra,AGRARIA,Mujeres,96.8
SUPERIOR,SUPERIOR,True,Comunidad Foral de Navarra,ARTES GRÁFICAS,Mujeres,97.5
SUPERIOR,BASICO,False,Comunidad Foral de Navarra,COMERCIO Y MARKETING,Mujeres,92.5
BASICO,MEDIO,False,Comunidad Foral de Navarra,EDIFICACIÓN Y OBRA CIVIL,Mujeres,83.2
MEDIO,SUPERIOR,False,Comunidad Foral de Navarra,ELECTRICIDAD Y ELECTRÓNICA,Mujeres,88.2
SUPERIOR,MEDIO,False,Comunidad Foral de Navarra,ENERGÍA Y AGUA,Mujeres,92.6
MEDIO,BASICO,False,Comunidad Foral de Navarra,FABRICACIÓN MECÁNICA,Mujeres,92.3
BASICO,SUPERIOR,False,Comunidad Foral de Navarra,HOSTELERÍA Y TURISMO,Mujeres,88.9
MEDIO,SUPERIOR,False,Comunidad Foral de Navarra,IMAGEN PERSONAL,Mujeres,88.5
MEDIO,BASICO,False,Comunidad Foral de Navarra,IMAGEN Y SONIDO,Mujeres,100.0
SUPERIOR,SUPERIOR,True,Comunidad Foral de Navarra,INDUSTRIAS ALIMENTARIAS,Mujeres,81.7
SUPERIOR,SUPERIOR,True,Comunidad Foral de Navarra,INFORMÁTICA Y COMUNICACIONES,Mujeres,79.1
BASICO,SUPERIOR,False,Comunidad Foral de Navarra,INSTALACIÓN Y MANTENIMIENTO,Mujeres,87.9
MEDIO,BASICO,False,Comunidad Foral de Navarra,"MADERA, MUEBLE Y CORCHO",Mujeres,100.0
MEDIO,MEDIO,True,Comunidad Foral de Navarra,QUÍMICA,Mujeres,96.4
SUPERIOR,SUPERIOR,True,Comunidad Foral de Navarra,SANIDAD,Mujeres,94.9
SUPERIOR,MEDIO,False,Comunidad Foral de Navarra,SEGURIDAD Y MEDIO AMBIENTE,Mujeres,96.4
SUPERIOR,MEDIO,False,Comunidad Foral de Navarra,SERVICIOS SOCIOCULTURALES Y A LA COMUNIDAD,Mujeres,93.5
MEDIO,BASICO,False,Comunidad Foral de Navarra,TRANSPORTE Y MANTENIMIENTO DE VEHÍCULOS,Mujeres,81.8
BASICO,SUPERIOR,False,País Vasco,ACTIVIDADES FÍSICAS Y DEPORTIVAS,Mujeres,98.6
SUPERIOR,SUPERIOR,True,País Vasco,ADMINISTRACIÓN Y GESTIÓN,Mujeres,97.0
MEDIO,MEDIO,True,País Vasco,AGRARIA,Mujeres,89.9
BASICO,MEDIO,False,País Vasco,ARTES GRÁFICAS,Mujeres,94.4
MEDIO,SUPERIOR,False,País Vasco,COMERCIO Y MARKETING,Mujeres,97.6
MEDIO,SUPERIOR,False,País Vasco,EDIFICACIÓN Y OBRA CIVIL,Mujeres,98.3
MEDIO,SUPERIOR,False,País Vasco,ELECTRICIDAD Y ELECTRÓNICA,Mujeres,94.3
SUPERIOR,MEDIO,False,País Vasco,ENERGÍA Y AGUA,Mujeres,84.6
MEDIO,MEDIO,True,País Vasco,FABRICACIÓN MECÁNICA,Mujeres,96.7
MEDIO,MEDIO,True,País Vasco,HOSTELERÍA Y TURISMO,Mujeres,95.8
SUPERIOR,SUPERIOR,True,País Vasco,IMAGEN PERSONAL,Mujeres,98.1
SUPERIOR,SUPERIOR,True,País Vasco,IMAGEN Y SONIDO,Mujeres,95.8
SUPERIOR,BASICO,False,País Vasco,INDUSTRIAS ALIMENTARIAS,Mujeres,92.9
MEDIO,MEDIO,True,País Vasco,INFORMÁTICA Y COMUNICACIONES,Mujeres,95.0
MEDIO,BASICO,False,País Vasco,INSTALACIÓN Y MANTENIMIENTO,Mujeres,97.0
SUPERIOR,MEDIO,False,País Vasco,"MADERA, MUEBLE Y CORCHO",Mujeres,100.0
MEDIO,SUPERIOR,False,País Vasco,MARÍTIMO-PESQUERA,Mujeres,100.0
MEDIO,SUPERIOR,False,País Vasco,QUÍMICA,Mujeres,97.3
SUPERIOR,MEDIO,False,País Vasco,SANIDAD,Mujeres,93.7
SUPERIOR,MEDIO,False,País Vasco,SEGURIDAD Y MEDIO AMBIENTE,Mujeres,91.9
SUPERIOR,SUPERIOR,True,País Vasco,SERVICIOS SOCIOCULTURALES Y A LA COMUNIDAD,Mujeres,97.3
SUPERIOR,SUPERIOR,True,País Vasco,"TEXTIL, CONFECCIÓN Y PIEL",Mujeres,93.8
MEDIO,MEDIO,True,País Vasco,TRANSPORTE Y MANTENIMIENTO DE VEHÍCULOS,Mujeres,98.6
BASICO,BASICO,True,La Rioja,ACTIVIDADES FÍSICAS Y DEPORTIVAS,Mujeres,91.0
MEDIO,SUPERIOR,False,La Rioja,ADMINISTRACIÓN Y GESTIÓN,Mujeres,87.9
MEDIO,SUPERIOR,False,La Rioja,AGRARIA,Mujeres,88.4
SUPERIOR,MEDIO,False,La Rioja,COMERCIO Y MARKETING,Mujeres,91.3
SUPERIOR,SUPERIOR,True,La Rioja,EDIFICACIÓN Y OBRA CIVIL,Mujeres,72.2
MEDIO,SUPERIOR,False,La Rioja,ELECTRICIDAD Y ELECTRÓNICA,Mujeres,82.7
MEDIO,MEDIO,True,La Rioja,ENERGÍA Y AGUA,Mujeres,100.0
SUPERIOR,SUPERIOR,True,La Rioja,FABRICACIÓN MECÁNICA,Mujeres,54.2
SUPERIOR,SUPERIOR,True,La Rioja,HOSTELERÍA Y TURISMO,Mujeres,93.6
BASICO,SUPERIOR,False,La Rioja,IMAGEN PERSONAL,Mujeres,91.9
BASICO,MEDIO,False,La Rioja,INDUSTRIAS ALIMENTARIAS,Mujeres,90.4
SUPERIOR,SUPERIOR,True,La Rioja,INFORMÁTICA Y COMUNICACIONES,Mujeres,90.4
SUPERIOR,BASICO,False,La Rioja,INSTALACIÓN Y MANTENIMIENTO,Mujeres,59.5
MEDIO,MEDIO,True,La Rioja,QUÍMICA,Mujeres,91.6
SUPERIOR,MEDIO,False,La Rioja,SANIDAD,Mujeres,89.9
MEDIO,SUPERIOR,False,La Rioja,SEGURIDAD Y MEDIO AMBIENTE,Mujeres,72.6
BASICO,SUPERIOR,False,La Rioja,SERVICIOS SOCIOCULTURALES Y A LA COMUNIDAD,Mujeres,91.6
BASICO,MEDIO,False,La Rioja,"TEXTIL, CONFECCIÓN Y PIEL",Mujeres,89.2
BASICO,BASICO,True,Ceuta,ACTIVIDADES FÍSICAS Y DEPORTIVAS,Mujeres,72.5
SUPERIOR,SUPERIOR,True,Ceuta,ADMINISTRACIÓN Y GESTIÓN,Mujeres,0.0
BASICO,SUPERIOR,False,Ceuta,AGRARIA,Mujeres,54.2
MEDIO,SUPERIOR,False,Ceuta,COMERCIO Y MARKETING,Mujeres,0.0
SUPERIOR,SUPERIOR,True,Ceuta,EDIFICACIÓN Y OBRA CIVIL,Mujeres,68.6
SUPERIOR,SUPERIOR,True,Ceuta,ELECTRICIDAD Y ELECTRÓNICA,Mujeres,100.0
SUPERIOR,MEDIO,False,Ceuta,ENERGÍA Y AGUA,Mujeres,100.0
MEDIO,MEDIO,True,Ceuta,HOSTELERÍA Y TURISMO,Mujeres,81.7
SUPERIOR,SUPERIOR,True,Ceuta,IMAGEN PERSONAL,Mujeres,81.0
SUPERIOR,MEDIO,False,Ceuta,IMAGEN Y SONIDO,Mujeres,90.9
SUPERIOR,MEDIO,False,Ceuta,INFORMÁTICA Y COMUNICACIONES,Mujeres,0.0
MEDIO,SUPERIOR,False,Ceuta,SANIDAD,Mujeres,63.9
SUPERIOR,MEDIO,False,Ceuta,SEGURIDAD Y MEDIO AMBIENTE,Mujeres,71.4
MEDIO,MEDIO,True,Ceuta,SERVICIOS SOCIOCULTURALES Y A LA COMUNIDAD,Mujeres,88.8
MEDIO,BASICO,False,Ceuta,TRANSPORTE Y MANTENIMIENTO DE VEHÍCULOS,Mujeres,100.0
SUPERIOR,SUPERIOR,True,Melilla,ACTIVIDADES FÍSICAS Y DEPORTIVAS,Mujeres,43.1
BASICO,BASICO,True,Melilla,ADMINISTRACIÓN Y GESTIÓN,Mujeres,64.2
BASICO,BASICO,True,Melilla,COMERCIO Y MARKETING,Mujeres,83.6
BASICO,MEDIO,False,Melilla,ELECTRICIDAD Y ELECTRÓNICA,Mujeres,100.0
MEDIO,BASICO,False,Melilla,HOSTELERÍA Y TURISMO,Mujeres,69.2
BASICO,SUPERIOR,False,Melilla,IMAGEN Y SONIDO,Mujeres,55.4
MEDIO,MEDIO,True,Melilla,INFORMÁTICA Y COMUNICACIONES,Mujeres,34.5
BASICO,BASICO,True,Melilla,SANIDAD,Mujeres,95.9
SUPERIOR,SUPERIOR,True,Melilla,SEGURIDAD Y MEDIO AMBIENTE,Mujeres,47.1
SUPERIOR,SUPERIOR,True,Melilla,SERVICIOS SOCIOCULTURALES Y A LA COMUNIDAD,Mujeres,90.8
SUPERIOR,SUPERIOR,True,Melilla,TRANSPORTE Y MANTENIMIENTO DE VEHÍCULOS,Mujeres,100.0
