Sexo,Comunidad autónoma,Familia profesional,Porcentajes total de módulos aprobados,nivel_educativo,Familia profesional_cod,Comunidad autónoma_cod,nivel_educativo_cod,cluster
AMBOS SEXOS,Andalucía,ACTIVIDADES FÍSICAS Y DEPORTIVAS,61.5,BASICO,0,0,0,0
AMBOS SEXOS,Andalucía,ADMINISTRACIÓN Y GESTIÓN,75.8,BASICO,1,0,0,0
AMBOS SEXOS,Andalucía,AGRARIA,73.5,BASICO,2,0,0,0
AMBOS SEXOS,Andalucía,ARTES GRÁFICAS,76.0,BASICO,3,0,0,0
AMBOS SEXOS,Andalucía,COMERCIO Y MARKETING,73.6,BASICO,5,0,0,0
AMBOS SEXOS,Andalucía,EDIFICACIÓN Y OBRA CIVIL,68.1,BASICO,6,0,0,0
AMBOS SEXOS,Andalucía,ELECTRICIDAD Y ELECTRÓNICA,73.7,BASICO,7,0,0,0
AMBOS SEXOS,Andalucía,FABRICACIÓN MECÁNICA,74.6,BASICO,9,0,0,0
AMBOS SEXOS,Andalucía,HOSTELERÍA Y TURISMO,72.7,BASICO,10,0,0,0
AMBOS SEXOS,Andalucía,IMAGEN PERSONAL,72.3,BASICO,11,0,0,0
AMBOS SEXOS,Andalucía,INDUSTRIAS ALIMENTARIAS,82.5,BASICO,13,0,0,0
AMBOS SEXOS,Andalucía,INFORMÁTICA Y COMUNICACIONES,74.9,BASICO,15,0,0,0
AMBOS SEXOS,Andalucía,"MADERA, MUEBLE Y CORCHO",68.9,BASICO,17,0,0,0
AMBOS SEXOS,Andalucía,SERVICIOS SOCIOCULTURALES Y A LA COMUNIDAD,76.6,BASICO,22,0,0,0
AMBOS SEXOS,Andalucía,"TEXTIL, CONFECCIÓN Y PIEL",68.2,BASICO,23,0,0,0
AMBOS SEXOS,Andalucía,TRANSPORTE Y MANTENIMIENTO DE VEHÍCULOS,69.9,BASICO,24,0,0,0
AMBOS SEXOS,Andalucía,VIDRIO Y CERÁMICA,72.2,BASICO,25,0,0,0
AMBOS SEXOS,Aragón,ADMINISTRACIÓN Y GESTIÓN,65.5,BASICO,1,1,0,0
AMBOS SEXOS,Aragón,AGRARIA,69.7,BASICO,2,1,0,0
AMBOS SEXOS,Aragón,ARTES GRÁFICAS,67.8,BASICO,3,1,0,0
AMBOS SEXOS,Aragón,COMERCIO Y MARKETING,72.4,BASICO,5,1,0,0
AMBOS SEXOS,Aragón,EDIFICACIÓN Y OBRA CIVIL,90.8,BASICO,6,1,0,0
AMBOS SEXOS,Aragón,ELECTRICIDAD Y ELECTRÓNICA,60.1,BASICO,7,1,0,0
AMBOS SEXOS,Aragón,FABRICACIÓN MECÁNICA,75.6,BASICO,9,1,0,0
AMBOS SEXOS,Aragón,HOSTELERÍA Y TURISMO,75.7,BASICO,10,1,0,0
AMBOS SEXOS,Aragón,IMAGEN PERSONAL,67.1,BASICO,11,1,0,0
AMBOS SEXOS,Aragón,INDUSTRIAS ALIMENTARIAS,69.3,BASICO,13,1,0,0
AMBOS SEXOS,Aragón,INFORMÁTICA Y COMUNICACIONES,71.2,BASICO,15,1,0,0
AMBOS SEXOS,Aragón,INSTALACIÓN Y MANTENIMIENTO,47.1,BASICO,16,1,0,0
AMBOS SEXOS,Aragón,"MADERA, MUEBLE Y CORCHO",72.6,BASICO,17,1,0,0
AMBOS SEXOS,Aragón,"TEXTIL, CONFECCIÓN Y PIEL",70.7,BASICO,23,1,0,0
AMBOS SEXOS,Aragón,TRANSPORTE Y MANTENIMIENTO DE VEHÍCULOS,72.6,BASICO,24,1,0,0
AMBOS SEXOS,Principado de Asturias,ADMINISTRACIÓN Y GESTIÓN,60.3,BASICO,1,16,0,0
AMBOS SEXOS,Principado de Asturias,AGRARIA,100.0,BASICO,2,16,0,0
AMBOS SEXOS,Principado de Asturias,COMERCIO Y MARKETING,54.4,BASICO,5,16,0,0
AMBOS SEXOS,Principado de Asturias,ELECTRICIDAD Y ELECTRÓNICA,48.3,BASICO,7,16,0,0
AMBOS SEXOS,Principado de Asturias,FABRICACIÓN MECÁNICA,61.1,BASICO,9,16,0,0
AMBOS SEXOS,Principado de Asturias,HOSTELERÍA Y TURISMO,68.3,BASICO,10,16,0,0
AMBOS SEXOS,Principado de Asturias,IMAGEN PERSONAL,58.5,BASICO,11,16,0,0
AMBOS SEXOS,Principado de Asturias,INFORMÁTICA Y COMUNICACIONES,66.3,BASICO,15,16,0,0
AMBOS SEXOS,Principado de Asturias,"MADERA, MUEBLE Y CORCHO",67.2,BASICO,17,16,0,0
AMBOS SEXOS,Principado de Asturias,TRANSPORTE Y MANTENIMIENTO DE VEHÍCULOS,60.4,BASICO,24,16,0,0
AMBOS SEXOS,Islas Baleares,ACTIVIDADES FÍSICAS Y DEPORTIVAS,78.8,BASICO,0,12,0,0
AMBOS SEXOS,Islas Baleares,ADMINISTRACIÓN Y GESTIÓN,74.4,BASICO,1,12,0,0
AMBOS SEXOS,Islas Baleares,AGRARIA,77.2,BASICO,2,12,0,0
AMBOS SEXOS,Islas Baleares,ARTES GRÁFICAS,96.1,BASICO,3,12,0,0
AMBOS SEXOS,Islas Baleares,COMERCIO Y MARKETING,80.1,BASICO,5,12,0,0
AMBOS SEXOS,Islas Baleares,ELECTRICIDAD Y ELECTRÓNICA,81.0,BASICO,7,12,0,0
AMBOS SEXOS,Islas Baleares,FABRICACIÓN MECÁNICA,75.5,BASICO,9,12,0,0
AMBOS SEXOS,Islas Baleares,HOSTELERÍA Y TURISMO,79.1,BASICO,10,12,0,0
AMBOS SEXOS,Islas Baleares,IMAGEN PERSONAL,75.5,BASICO,11,12,0,0
AMBOS SEXOS,Islas Baleares,INFORMÁTICA Y COMUNICACIONES,77.6,BASICO,15,12,0,0
AMBOS SEXOS,Islas Baleares,INSTALACIÓN Y MANTENIMIENTO,80.6,BASICO,16,12,0,0
AMBOS SEXOS,Islas Baleares,"MADERA, MUEBLE Y CORCHO",51.8,BASICO,17,12,0,0
AMBOS SEXOS,Islas Baleares,TRANSPORTE Y MANTENIMIENTO DE VEHÍCULOS,78.6,BASICO,24,12,0,0
AMBOS SEXOS,Canarias,ADMINISTRACIÓN Y GESTIÓN,66.6,BASICO,1,2,0,0
AMBOS SEXOS,Canarias,AGRARIA,66.2,BASICO,2,2,0,0
AMBOS SEXOS,Canarias,COMERCIO Y MARKETING,72.6,BASICO,5,2,0,0
AMBOS SEXOS,Canarias,EDIFICACIÓN Y OBRA CIVIL,64.2,BASICO,6,2,0,0
AMBOS SEXOS,Canarias,ELECTRICIDAD Y ELECTRÓNICA,62.1,BASICO,7,2,0,0
AMBOS SEXOS,Canarias,FABRICACIÓN MECÁNICA,62.2,BASICO,9,2,0,0
AMBOS SEXOS,Canarias,HOSTELERÍA Y TURISMO,71.8,BASICO,10,2,0,0
AMBOS SEXOS,Canarias,IMAGEN PERSONAL,65.9,BASICO,11,2,0,0
AMBOS SEXOS,Canarias,INFORMÁTICA Y COMUNICACIONES,67.4,BASICO,15,2,0,0
AMBOS SEXOS,Canarias,INSTALACIÓN Y MANTENIMIENTO,65.0,BASICO,16,2,0,0
AMBOS SEXOS,Canarias,"MADERA, MUEBLE Y CORCHO",68.5,BASICO,17,2,0,0
AMBOS SEXOS,Canarias,SERVICIOS SOCIOCULTURALES Y A LA COMUNIDAD,75.1,BASICO,22,2,0,0
AMBOS SEXOS,Canarias,"TEXTIL, CONFECCIÓN Y PIEL",64.9,BASICO,23,2,0,0
AMBOS SEXOS,Canarias,TRANSPORTE Y MANTENIMIENTO DE VEHÍCULOS,62.0,BASICO,24,2,0,0
AMBOS SEXOS,Cantabria,ADMINISTRACIÓN Y GESTIÓN,92.0,BASICO,1,3,0,0
AMBOS SEXOS,Cantabria,AGRARIA,87.9,BASICO,2,3,0,0
AMBOS SEXOS,Cantabria,ARTES GRÁFICAS,96.1,BASICO,3,3,0,0
AMBOS SEXOS,Cantabria,COMERCIO Y MARKETING,87.6,BASICO,5,3,0,0
AMBOS SEXOS,Cantabria,EDIFICACIÓN Y OBRA CIVIL,100.0,BASICO,6,3,0,0
AMBOS SEXOS,Cantabria,ELECTRICIDAD Y ELECTRÓNICA,78.1,BASICO,7,3,0,0
AMBOS SEXOS,Cantabria,FABRICACIÓN MECÁNICA,71.6,BASICO,9,3,0,0
AMBOS SEXOS,Cantabria,HOSTELERÍA Y TURISMO,78.8,BASICO,10,3,0,0
AMBOS SEXOS,Cantabria,IMAGEN PERSONAL,80.8,BASICO,11,3,0,0
AMBOS SEXOS,Cantabria,INDUSTRIAS ALIMENTARIAS,72.0,BASICO,13,3,0,0
AMBOS SEXOS,Cantabria,INFORMÁTICA Y COMUNICACIONES,92.4,BASICO,15,3,0,0
AMBOS SEXOS,Cantabria,"MADERA, MUEBLE Y CORCHO",86.4,BASICO,17,3,0,0
AMBOS SEXOS,Cantabria,"TEXTIL, CONFECCIÓN Y PIEL",88.0,BASICO,23,3,0,0
AMBOS SEXOS,Cantabria,TRANSPORTE Y MANTENIMIENTO DE VEHÍCULOS,71.2,BASICO,24,3,0,0
AMBOS SEXOS,Castilla y León,ADMINISTRACIÓN Y GESTIÓN,67.8,BASICO,1,5,0,0
AMBOS SEXOS,Castilla y León,AGRARIA,63.3,BASICO,2,5,0,0
AMBOS SEXOS,Castilla y León,COMERCIO Y MARKETING,70.5,BASICO,5,5,0,0
AMBOS SEXOS,Castilla y León,EDIFICACIÓN Y OBRA CIVIL,75.3,BASICO,6,5,0,0
AMBOS SEXOS,Castilla y León,ELECTRICIDAD Y ELECTRÓNICA,66.2,BASICO,7,5,0,0
AMBOS SEXOS,Castilla y León,FABRICACIÓN MECÁNICA,65.4,BASICO,9,5,0,0
AMBOS SEXOS,Castilla y León,HOSTELERÍA Y TURISMO,64.5,BASICO,10,5,0,0
AMBOS SEXOS,Castilla y León,IMAGEN PERSONAL,63.1,BASICO,11,5,0,0
AMBOS SEXOS,Castilla y León,INDUSTRIAS ALIMENTARIAS,54.9,BASICO,13,5,0,0
AMBOS SEXOS,Castilla y León,INFORMÁTICA Y COMUNICACIONES,66.1,BASICO,15,5,0,0
AMBOS SEXOS,Castilla y León,"MADERA, MUEBLE Y CORCHO",70.4,BASICO,17,5,0,0
AMBOS SEXOS,Castilla y León,"TEXTIL, CONFECCIÓN Y PIEL",67.6,BASICO,23,5,0,0
AMBOS SEXOS,Castilla y León,TRANSPORTE Y MANTENIMIENTO DE VEHÍCULOS,66.3,BASICO,24,5,0,0
AMBOS SEXOS,Castilla La Mancha,ACTIVIDADES FÍSICAS Y DEPORTIVAS,72.5,BASICO,0,4,0,0
AMBOS SEXOS,Castilla La Mancha,ADMINISTRACIÓN Y GESTIÓN,77.8,BASICO,1,4,0,0
AMBOS SEXOS,Castilla La Mancha,AGRARIA,73.8,BASICO,2,4,0,0
AMBOS SEXOS,Castilla La Mancha,ARTES GRÁFICAS,67.6,BASICO,3,4,0,0
AMBOS SEXOS,Castilla La Mancha,COMERCIO Y MARKETING,72.3,BASICO,5,4,0,0
AMBOS SEXOS,Castilla La Mancha,ELECTRICIDAD Y ELECTRÓNICA,72.7,BASICO,7,4,0,0
AMBOS SEXOS,Castilla La Mancha,FABRICACIÓN MECÁNICA,69.3,BASICO,9,4,0,0
AMBOS SEXOS,Castilla La Mancha,HOSTELERÍA Y TURISMO,75.5,BASICO,10,4,0,0
AMBOS SEXOS,Castilla La Mancha,IMAGEN PERSONAL,75.9,BASICO,11,4,0,0
AMBOS SEXOS,Castilla La Mancha,INDUSTRIAS ALIMENTARIAS,76.7,BASICO,13,4,0,0
AMBOS SEXOS,Castilla La Mancha,INFORMÁTICA Y COMUNICACIONES,74.8,BASICO,15,4,0,0
AMBOS SEXOS,Castilla La Mancha,INSTALACIÓN Y MANTENIMIENTO,70.0,BASICO,16,4,0,0
AMBOS SEXOS,Castilla La Mancha,"MADERA, MUEBLE Y CORCHO",89.2,BASICO,17,4,0,0
AMBOS SEXOS,Castilla La Mancha,"TEXTIL, CONFECCIÓN Y PIEL",61.9,BASICO,23,4,0,0
AMBOS SEXOS,Castilla La Mancha,TRANSPORTE Y MANTENIMIENTO DE VEHÍCULOS,67.9,BASICO,24,4,0,0
AMBOS SEXOS,Comunitat Valenciana,ACTIVIDADES FÍSICAS Y DEPORTIVAS,86.8,BASICO,0,9,0,0
AMBOS SEXOS,Comunitat Valenciana,ADMINISTRACIÓN Y GESTIÓN,79.8,BASICO,1,9,0,0
AMBOS SEXOS,Comunitat Valenciana,AGRARIA,77.4,BASICO,2,9,0,0
AMBOS SEXOS,Comunitat Valenciana,ARTES GRÁFICAS,78.0,BASICO,3,9,0,0
AMBOS SEXOS,Comunitat Valenciana,COMERCIO Y MARKETING,78.6,BASICO,5,9,0,0
AMBOS SEXOS,Comunitat Valenciana,EDIFICACIÓN Y OBRA CIVIL,65.6,BASICO,6,9,0,0
AMBOS SEXOS,Comunitat Valenciana,ELECTRICIDAD Y ELECTRÓNICA,75.3,BASICO,7,9,0,0
AMBOS SEXOS,Comunitat Valenciana,FABRICACIÓN MECÁNICA,74.3,BASICO,9,9,0,0
AMBOS SEXOS,Comunitat Valenciana,HOSTELERÍA Y TURISMO,76.2,BASICO,10,9,0,0
AMBOS SEXOS,Comunitat Valenciana,IMAGEN PERSONAL,75.9,BASICO,11,9,0,0
AMBOS SEXOS,Comunitat Valenciana,INDUSTRIAS ALIMENTARIAS,84.2,BASICO,13,9,0,0
AMBOS SEXOS,Comunitat Valenciana,INFORMÁTICA Y COMUNICACIONES,79.9,BASICO,15,9,0,0
AMBOS SEXOS,Comunitat Valenciana,INSTALACIÓN Y MANTENIMIENTO,67.2,BASICO,16,9,0,0
AMBOS SEXOS,Comunitat Valenciana,"MADERA, MUEBLE Y CORCHO",76.8,BASICO,17,9,0,0
AMBOS SEXOS,Comunitat Valenciana,MARÍTIMO-PESQUERA,61.0,BASICO,18,9,0,0
AMBOS SEXOS,Comunitat Valenciana,SERVICIOS SOCIOCULTURALES Y A LA COMUNIDAD,57.7,BASICO,22,9,0,0
AMBOS SEXOS,Comunitat Valenciana,"TEXTIL, CONFECCIÓN Y PIEL",77.6,BASICO,23,9,0,0
AMBOS SEXOS,Comunitat Valenciana,TRANSPORTE Y MANTENIMIENTO DE VEHÍCULOS,78.4,BASICO,24,9,0,0
AMBOS SEXOS,Comunitat Valenciana,VIDRIO Y CERÁMICA,81.5,BASICO,25,9,0,0
AMBOS SEXOS,Extremadura,ADMINISTRACIÓN Y GESTIÓN,73.6,BASICO,1,10,0,0
AMBOS SEXOS,Extremadura,AGRARIA,76.2,BASICO,2,10,0,0
AMBOS SEXOS,Extremadura,ARTES GRÁFICAS,72.3,BASICO,3,10,0,0
AMBOS SEXOS,Extremadura,COMERCIO Y MARKETING,74.5,BASICO,5,10,0,0
AMBOS SEXOS,Extremadura,EDIFICACIÓN Y OBRA CIVIL,75.1,BASICO,6,10,0,0
AMBOS SEXOS,Extremadura,ELECTRICIDAD Y ELECTRÓNICA,68.5,BASICO,7,10,0,0
AMBOS SEXOS,Extremadura,FABRICACIÓN MECÁNICA,67.9,BASICO,9,10,0,0
AMBOS SEXOS,Extremadura,HOSTELERÍA Y TURISMO,69.7,BASICO,10,10,0,0
AMBOS SEXOS,Extremadura,IMAGEN PERSONAL,64.9,BASICO,11,10,0,0
AMBOS SEXOS,Extremadura,INDUSTRIAS ALIMENTARIAS,78.6,BASICO,13,10,0,0
AMBOS SEXOS,Extremadura,INFORMÁTICA Y COMUNICACIONES,63.3,BASICO,15,10,0,0
AMBOS SEXOS,Extremadura,"MADERA, MUEBLE Y CORCHO",60.0,BASICO,17,10,0,0
AMBOS SEXOS,Extremadura,SERVICIOS SOCIOCULTURALES Y A LA COMUNIDAD,98.7,BASICO,22,10,0,1
AMBOS SEXOS,Extremadura,TRANSPORTE Y MANTENIMIENTO DE VEHÍCULOS,65.0,BASICO,24,10,0,0
AMBOS SEXOS,Galicia,ADMINISTRACIÓN Y GESTIÓN,80.2,BASICO,1,11,0,0
AMBOS SEXOS,Galicia,AGRARIA,79.5,BASICO,2,11,0,0
AMBOS SEXOS,Galicia,ARTES GRÁFICAS,81.6,BASICO,3,11,0,0
AMBOS SEXOS,Galicia,COMERCIO Y MARKETING,81.8,BASICO,5,11,0,0
AMBOS SEXOS,Galicia,EDIFICACIÓN Y OBRA CIVIL,67.7,BASICO,6,11,0,0
AMBOS SEXOS,Galicia,ELECTRICIDAD Y ELECTRÓNICA,76.1,BASICO,7,11,0,0
AMBOS SEXOS,Galicia,FABRICACIÓN MECÁNICA,76.3,BASICO,9,11,0,0
AMBOS SEXOS,Galicia,HOSTELERÍA Y TURISMO,84.4,BASICO,10,11,0,0
AMBOS SEXOS,Galicia,IMAGEN PERSONAL,70.8,BASICO,11,11,0,0
AMBOS SEXOS,Galicia,INDUSTRIAS ALIMENTARIAS,85.3,BASICO,13,11,0,0
AMBOS SEXOS,Galicia,INFORMÁTICA Y COMUNICACIONES,81.7,BASICO,15,11,0,0
AMBOS SEXOS,Galicia,INSTALACIÓN Y MANTENIMIENTO,69.6,BASICO,16,11,0,0
AMBOS SEXOS,Galicia,"MADERA, MUEBLE Y CORCHO",74.4,BASICO,17,11,0,0
AMBOS SEXOS,Galicia,MARÍTIMO-PESQUERA,88.2,BASICO,18,11,0,0
AMBOS SEXOS,Galicia,SERVICIOS SOCIOCULTURALES Y A LA COMUNIDAD,95.9,BASICO,22,11,0,0
AMBOS SEXOS,Galicia,"TEXTIL, CONFECCIÓN Y PIEL",53.2,BASICO,23,11,0,0
AMBOS SEXOS,Galicia,TRANSPORTE Y MANTENIMIENTO DE VEHÍCULOS,70.3,BASICO,24,11,0,0
AMBOS SEXOS,Comunidad de Madrid,ADMINISTRACIÓN Y GESTIÓN,65.4,BASICO,1,8,0,0
AMBOS SEXOS,Comunidad de Madrid,AGRARIA,72.7,BASICO,2,8,0,0
AMBOS SEXOS,Comunidad de Madrid,ARTES GRÁFICAS,68.9,BASICO,3,8,0,0
AMBOS SEXOS,Comunidad de Madrid,COMERCIO Y MARKETING,68.1,BASICO,5,8,0,0
AMBOS SEXOS,Comunidad de Madrid,ELECTRICIDAD Y ELECTRÓNICA,59.6,BASICO,7,8,0,0
AMBOS SEXOS,Comunidad de Madrid,FABRICACIÓN MECÁNICA,65.1,BASICO,9,8,0,0
AMBOS SEXOS,Comunidad de Madrid,HOSTELERÍA Y TURISMO,68.5,BASICO,10,8,0,0
AMBOS SEXOS,Comunidad de Madrid,IMAGEN PERSONAL,64.5,BASICO,11,8,0,0
AMBOS SEXOS,Comunidad de Madrid,INFORMÁTICA Y COMUNICACIONES,65.2,BASICO,15,8,0,0
AMBOS SEXOS,Comunidad de Madrid,"MADERA, MUEBLE Y CORCHO",73.1,BASICO,17,8,0,0
AMBOS SEXOS,Comunidad de Madrid,TRANSPORTE Y MANTENIMIENTO DE VEHÍCULOS,57.6,BASICO,24,8,0,0
AMBOS SEXOS,Región de Murcia,ADMINISTRACIÓN Y GESTIÓN,70.8,BASICO,1,17,0,0
AMBOS SEXOS,Región de Murcia,AGRARIA,79.6,BASICO,2,17,0,0
AMBOS SEXOS,Región de Murcia,ARTES GRÁFICAS,81.7,BASICO,3,17,0,0
AMBOS SEXOS,Región de Murcia,COMERCIO Y MARKETING,79.2,BASICO,5,17,0,0
AMBOS SEXOS,Región de Murcia,ELECTRICIDAD Y ELECTRÓNICA,67.5,BASICO,7,17,0,0
AMBOS SEXOS,Región de Murcia,FABRICACIÓN MECÁNICA,73.0,BASICO,9,17,0,0
AMBOS SEXOS,Región de Murcia,HOSTELERÍA Y TURISMO,74.9,BASICO,10,17,0,0
AMBOS SEXOS,Región de Murcia,IMAGEN PERSONAL,78.0,BASICO,11,17,0,0
AMBOS SEXOS,Región de Murcia,INDUSTRIAS ALIMENTARIAS,75.9,BASICO,13,17,0,0
AMBOS SEXOS,Región de Murcia,INFORMÁTICA Y COMUNICACIONES,71.9,BASICO,15,17,0,0
AMBOS SEXOS,Región de Murcia,INSTALACIÓN Y MANTENIMIENTO,65.0,BASICO,16,17,0,0
AMBOS SEXOS,Región de Murcia,"MADERA, MUEBLE Y CORCHO",59.6,BASICO,17,17,0,0
AMBOS SEXOS,Región de Murcia,"TEXTIL, CONFECCIÓN Y PIEL",39.8,BASICO,23,17,0,0
AMBOS SEXOS,Región de Murcia,TRANSPORTE Y MANTENIMIENTO DE VEHÍCULOS,69.2,BASICO,24,17,0,0
AMBOS SEXOS,Comunidad Foral de Navarra,ADMINISTRACIÓN Y GESTIÓN,93.4,BASICO,1,7,0,0
AMBOS SEXOS,Comunidad Foral de Navarra,AGRARIA,74.3,BASICO,2,7,0,0
AMBOS SEXOS,Comunidad Foral de Navarra,ARTES GRÁFICAS,69.1,BASICO,3,7,0,0
AMBOS SEXOS,Comunidad Foral de Navarra,COMERCIO Y MARKETING,74.1,BASICO,5,7,0,0
AMBOS SEXOS,Comunidad Foral de Navarra,EDIFICACIÓN Y OBRA CIVIL,60.2,BASICO,6,7,0,0
AMBOS SEXOS,Comunidad Foral de Navarra,ELECTRICIDAD Y ELECTRÓNICA,80.3,BASICO,7,7,0,0
AMBOS SEXOS,Comunidad Foral de Navarra,FABRICACIÓN MECÁNICA,80.1,BASICO,9,7,0,0
AMBOS SEXOS,Comunidad Foral de Navarra,HOSTELERÍA Y TURISMO,88.2,BASICO,10,7,0,0
AMBOS SEXOS,Comunidad Foral de Navarra,IMAGEN PERSONAL,83.7,BASICO,11,7,0,0
AMBOS SEXOS,Comunidad Foral de Navarra,INDUSTRIAS ALIMENTARIAS,50.5,BASICO,13,7,0,0
AMBOS SEXOS,Comunidad Foral de Navarra,INFORMÁTICA Y COMUNICACIONES,83.0,BASICO,15,7,0,0
AMBOS SEXOS,Comunidad Foral de Navarra,"MADERA, MUEBLE Y CORCHO",98.7,BASICO,17,7,0,0
AMBOS SEXOS,Comunidad Foral de Navarra,"TEXTIL, CONFECCIÓN Y PIEL",76.8,BASICO,23,7,0,0
AMBOS SEXOS,Comunidad Foral de Navarra,TRANSPORTE Y MANTENIMIENTO DE VEHÍCULOS,80.6,BASICO,24,7,0,0
AMBOS SEXOS,País Vasco,ADMINISTRACIÓN Y GESTIÓN,96.1,BASICO,1,15,0,0
AMBOS SEXOS,País Vasco,AGRARIA,88.8,BASICO,2,15,0,0
AMBOS SEXOS,País Vasco,ARTES GRÁFICAS,95.7,BASICO,3,15,0,0
AMBOS SEXOS,País Vasco,COMERCIO Y MARKETING,88.4,BASICO,5,15,0,0
AMBOS SEXOS,País Vasco,EDIFICACIÓN Y OBRA CIVIL,96.7,BASICO,6,15,0,0
AMBOS SEXOS,País Vasco,ELECTRICIDAD Y ELECTRÓNICA,80.3,BASICO,7,15,0,0
AMBOS SEXOS,País Vasco,FABRICACIÓN MECÁNICA,78.0,BASICO,9,15,0,0
AMBOS SEXOS,País Vasco,HOSTELERÍA Y TURISMO,79.8,BASICO,10,15,0,0
AMBOS SEXOS,País Vasco,IMAGEN PERSONAL,90.9,BASICO,11,15,0,0
AMBOS SEXOS,País Vasco,INDUSTRIAS ALIMENTARIAS,36.4,BASICO,13,15,0,0
AMBOS SEXOS,País Vasco,INFORMÁTICA Y COMUNICACIONES,91.7,BASICO,15,15,0,0
AMBOS SEXOS,País Vasco,INSTALACIÓN Y MANTENIMIENTO,84.7,BASICO,16,15,0,0
AMBOS SEXOS,País Vasco,"MADERA, MUEBLE Y CORCHO",78.4,BASICO,17,15,0,0
AMBOS SEXOS,País Vasco,SERVICIOS SOCIOCULTURALES Y A LA COMUNIDAD,95.9,BASICO,22,15,0,0
AMBOS SEXOS,País Vasco,"TEXTIL, CONFECCIÓN Y PIEL",56.0,BASICO,23,15,0,0
AMBOS SEXOS,País Vasco,TRANSPORTE Y MANTENIMIENTO DE VEHÍCULOS,85.5,BASICO,24,15,0,0
AMBOS SEXOS,La Rioja,ACTIVIDADES FÍSICAS Y DEPORTIVAS,61.5,BASICO,0,13,0,0
AMBOS SEXOS,La Rioja,ADMINISTRACIÓN Y GESTIÓN,70.8,BASICO,1,13,0,0
AMBOS SEXOS,La Rioja,AGRARIA,66.5,BASICO,2,13,0,0
AMBOS SEXOS,La Rioja,COMERCIO Y MARKETING,80.4,BASICO,5,13,0,0
AMBOS SEXOS,La Rioja,ELECTRICIDAD Y ELECTRÓNICA,59.5,BASICO,7,13,0,0
AMBOS SEXOS,La Rioja,FABRICACIÓN MECÁNICA,63.4,BASICO,9,13,0,0
AMBOS SEXOS,La Rioja,HOSTELERÍA Y TURISMO,58.6,BASICO,10,13,0,0
AMBOS SEXOS,La Rioja,IMAGEN PERSONAL,61.3,BASICO,11,13,0,0
AMBOS SEXOS,La Rioja,INFORMÁTICA Y COMUNICACIONES,61.0,BASICO,15,13,0,0
AMBOS SEXOS,La Rioja,"MADERA, MUEBLE Y CORCHO",78.2,BASICO,17,13,0,0
AMBOS SEXOS,La Rioja,SERVICIOS SOCIOCULTURALES Y A LA COMUNIDAD,46.9,BASICO,22,13,0,0
AMBOS SEXOS,La Rioja,"TEXTIL, CONFECCIÓN Y PIEL",85.3,BASICO,23,13,0,0
AMBOS SEXOS,La Rioja,TRANSPORTE Y MANTENIMIENTO DE VEHÍCULOS,74.7,BASICO,24,13,0,0
AMBOS SEXOS,Ceuta,ACTIVIDADES FÍSICAS Y DEPORTIVAS,93.0,BASICO,0,6,0,0
AMBOS SEXOS,Ceuta,ADMINISTRACIÓN Y GESTIÓN,0.0,BASICO,1,6,0,0
AMBOS SEXOS,Ceuta,AGRARIA,43.3,BASICO,2,6,0,0
AMBOS SEXOS,Ceuta,COMERCIO Y MARKETING,69.1,BASICO,5,6,0,0
AMBOS SEXOS,Ceuta,EDIFICACIÓN Y OBRA CIVIL,42.5,BASICO,6,6,0,0
AMBOS SEXOS,Ceuta,ELECTRICIDAD Y ELECTRÓNICA,58.4,BASICO,7,6,0,0
AMBOS SEXOS,Ceuta,HOSTELERÍA Y TURISMO,37.0,BASICO,10,6,0,0
AMBOS SEXOS,Ceuta,IMAGEN PERSONAL,72.9,BASICO,11,6,0,0
AMBOS SEXOS,Ceuta,INFORMÁTICA Y COMUNICACIONES,0.0,BASICO,15,6,0,0
AMBOS SEXOS,Ceuta,INSTALACIÓN Y MANTENIMIENTO,57.5,BASICO,16,6,0,0
AMBOS SEXOS,Ceuta,TRANSPORTE Y MANTENIMIENTO DE VEHÍCULOS,30.9,BASICO,24,6,0,0
AMBOS SEXOS,Melilla,ACTIVIDADES FÍSICAS Y DEPORTIVAS,64.0,BASICO,0,14,0,0
AMBOS SEXOS,Melilla,ADMINISTRACIÓN Y GESTIÓN,59.1,BASICO,1,14,0,0
AMBOS SEXOS,Melilla,ARTES GRÁFICAS,86.9,BASICO,3,14,0,0
AMBOS SEXOS,Melilla,COMERCIO Y MARKETING,56.8,BASICO,5,14,0,0
AMBOS SEXOS,Melilla,ELECTRICIDAD Y ELECTRÓNICA,36.6,BASICO,7,14,0,0
AMBOS SEXOS,Melilla,FABRICACIÓN MECÁNICA,58.3,BASICO,9,14,0,0
AMBOS SEXOS,Melilla,HOSTELERÍA Y TURISMO,57.1,BASICO,10,14,0,0
AMBOS SEXOS,Melilla,IMAGEN PERSONAL,59.2,BASICO,11,14,0,0
AMBOS SEXOS,Melilla,INFORMÁTICA Y COMUNICACIONES,63.4,BASICO,15,14,0,0
AMBOS SEXOS,Melilla,"MADERA, MUEBLE Y CORCHO",68.5,BASICO,17,14,0,0
AMBOS SEXOS,Melilla,TRANSPORTE Y MANTENIMIENTO DE VEHÍCULOS,47.7,BASICO,24,14,0,0
AMBOS SEXOS,Andalucía,ACTIVIDADES FÍSICAS Y DEPORTIVAS,88.5,MEDIO,0,0,1,1
AMBOS SEXOS,Andalucía,ADMINISTRACIÓN Y GESTIÓN,74.0,MEDIO,1,0,1,0
AMBOS SEXOS,Andalucía,AGRARIA,83.5,MEDIO,2,0,1,1
AMBOS SEXOS,Andalucía,ARTES GRÁFICAS,80.9,MEDIO,3,0,1,0
AMBOS SEXOS,Andalucía,COMERCIO Y MARKETING,79.3,MEDIO,5,0,1,0
AMBOS SEXOS,Andalucía,EDIFICACIÓN Y OBRA CIVIL,75.2,MEDIO,6,0,1,0
AMBOS SEXOS,Andalucía,ELECTRICIDAD Y ELECTRÓNICA,70.8,MEDIO,7,0,1,0
AMBOS SEXOS,Andalucía,ENERGÍA Y AGUA,100.0,MEDIO,8,0,1,1
AMBOS SEXOS,Andalucía,FABRICACIÓN MECÁNICA,70.5,MEDIO,9,0,1,0
AMBOS SEXOS,Andalucía,HOSTELERÍA Y TURISMO,75.5,MEDIO,10,0,1,0
AMBOS SEXOS,Andalucía,IMAGEN PERSONAL,77.7,MEDIO,11,0,1,0
AMBOS SEXOS,Andalucía,IMAGEN Y SONIDO,82.7,MEDIO,12,0,1,1
AMBOS SEXOS,Andalucía,INDUSTRIAS ALIMENTARIAS,78.8,MEDIO,13,0,1,1
AMBOS SEXOS,Andalucía,INDUSTRIAS EXTRACTIVAS,84.8,MEDIO,14,0,1,1
AMBOS SEXOS,Andalucía,INFORMÁTICA Y COMUNICACIONES,78.3,MEDIO,15,0,1,1
AMBOS SEXOS,Andalucía,INSTALACIÓN Y MANTENIMIENTO,73.0,MEDIO,16,0,1,0
AMBOS SEXOS,Andalucía,"MADERA, MUEBLE Y CORCHO",72.4,MEDIO,17,0,1,0
AMBOS SEXOS,Andalucía,MARÍTIMO-PESQUERA,84.8,MEDIO,18,0,1,1
AMBOS SEXOS,Andalucía,QUÍMICA,71.7,MEDIO,19,0,1,0
AMBOS SEXOS,Andalucía,SANIDAD,88.9,MEDIO,20,0,1,1
AMBOS SEXOS,Andalucía,SEGURIDAD Y MEDIO AMBIENTE,90.6,MEDIO,21,0,1,1
AMBOS SEXOS,Andalucía,SERVICIOS SOCIOCULTURALES Y A LA COMUNIDAD,87.0,MEDIO,22,0,1,1
AMBOS SEXOS,Andalucía,"TEXTIL, CONFECCIÓN Y PIEL",82.2,MEDIO,23,0,1,1
AMBOS SEXOS,Andalucía,TRANSPORTE Y MANTENIMIENTO DE VEHÍCULOS,70.9,MEDIO,24,0,1,0
AMBOS SEXOS,Aragón,ACTIVIDADES FÍSICAS Y DEPORTIVAS,88.6,MEDIO,0,1,1,1
AMBOS SEXOS,Aragón,ADMINISTRACIÓN Y GESTIÓN,72.7,MEDIO,1,1,1,0
AMBOS SEXOS,Aragón,AGRARIA,82.5,MEDIO,2,1,1,0
AMBOS SEXOS,Aragón,ARTES GRÁFICAS,85.0,MEDIO,3,1,1,1
AMBOS SEXOS,Aragón,COMERCIO Y MARKETING,79.1,MEDIO,5,1,1,0
AMBOS SEXOS,Aragón,EDIFICACIÓN Y OBRA CIVIL,77.3,MEDIO,6,1,1,0
AMBOS SEXOS,Aragón,ELECTRICIDAD Y ELECTRÓNICA,70.7,MEDIO,7,1,1,0
AMBOS SEXOS,Aragón,FABRICACIÓN MECÁNICA,72.7,MEDIO,9,1,1,0
AMBOS SEXOS,Aragón,HOSTELERÍA Y TURISMO,77.5,MEDIO,10,1,1,0
AMBOS SEXOS,Aragón,IMAGEN PERSONAL,86.0,MEDIO,11,1,1,1
AMBOS SEXOS,Aragón,IMAGEN Y SONIDO,89.3,MEDIO,12,1,1,1
AMBOS SEXOS,Aragón,INDUSTRIAS ALIMENTARIAS,73.6,MEDIO,13,1,1,0
AMBOS SEXOS,Aragón,INDUSTRIAS EXTRACTIVAS,92.6,MEDIO,14,1,1,1
AMBOS SEXOS,Aragón,INFORMÁTICA Y COMUNICACIONES,84.2,MEDIO,15,1,1,1
AMBOS SEXOS,Aragón,INSTALACIÓN Y MANTENIMIENTO,77.4,MEDIO,16,1,1,1
AMBOS SEXOS,Aragón,"MADERA, MUEBLE Y CORCHO",80.1,MEDIO,17,1,1,1
AMBOS SEXOS,Aragón,QUÍMICA,68.3,MEDIO,19,1,1,0
AMBOS SEXOS,Aragón,SANIDAD,73.7,MEDIO,20,1,1,0
AMBOS SEXOS,Aragón,SEGURIDAD Y MEDIO AMBIENTE,85.6,MEDIO,21,1,1,1
AMBOS SEXOS,Aragón,SERVICIOS SOCIOCULTURALES Y A LA COMUNIDAD,84.4,MEDIO,22,1,1,1
AMBOS SEXOS,Aragón,"TEXTIL, CONFECCIÓN Y PIEL",80.9,MEDIO,23,1,1,1
AMBOS SEXOS,Aragón,TRANSPORTE Y MANTENIMIENTO DE VEHÍCULOS,68.0,MEDIO,24,1,1,0
AMBOS SEXOS,Principado de Asturias,ACTIVIDADES FÍSICAS Y DEPORTIVAS,52.9,MEDIO,0,16,1,0
AMBOS SEXOS,Principado de Asturias,ADMINISTRACIÓN Y GESTIÓN,62.2,MEDIO,1,16,1,0
AMBOS SEXOS,Principado de Asturias,AGRARIA,71.0,MEDIO,2,16,1,0
AMBOS SEXOS,Principado de Asturias,ARTES GRÁFICAS,59.9,MEDIO,3,16,1,0
AMBOS SEXOS,Principado de Asturias,COMERCIO Y MARKETING,67.5,MEDIO,5,16,1,0
AMBOS SEXOS,Principado de Asturias,ELECTRICIDAD Y ELECTRÓNICA,63.9,MEDIO,7,16,1,0
AMBOS SEXOS,Principado de Asturias,FABRICACIÓN MECÁNICA,68.0,MEDIO,9,16,1,0
AMBOS SEXOS,Principado de Asturias,HOSTELERÍA Y TURISMO,63.1,MEDIO,10,16,1,0
AMBOS SEXOS,Principado de Asturias,IMAGEN PERSONAL,70.3,MEDIO,11,16,1,0
AMBOS SEXOS,Principado de Asturias,IMAGEN Y SONIDO,85.1,MEDIO,12,16,1,1
AMBOS SEXOS,Principado de Asturias,INDUSTRIAS ALIMENTARIAS,73.5,MEDIO,13,16,1,0
AMBOS SEXOS,Principado de Asturias,INFORMÁTICA Y COMUNICACIONES,74.5,MEDIO,15,16,1,0
AMBOS SEXOS,Principado de Asturias,INSTALACIÓN Y MANTENIMIENTO,66.7,MEDIO,16,16,1,0
AMBOS SEXOS,Principado de Asturias,"MADERA, MUEBLE Y CORCHO",66.9,MEDIO,17,16,1,0
AMBOS SEXOS,Principado de Asturias,MARÍTIMO-PESQUERA,72.7,MEDIO,18,16,1,0
AMBOS SEXOS,Principado de Asturias,QUÍMICA,74.3,MEDIO,19,16,1,0
AMBOS SEXOS,Principado de Asturias,SANIDAD,88.3,MEDIO,20,16,1,1
AMBOS SEXOS,Principado de Asturias,SERVICIOS SOCIOCULTURALES Y A LA COMUNIDAD,79.7,MEDIO,22,16,1,1
AMBOS SEXOS,Principado de Asturias,"TEXTIL, CONFECCIÓN Y PIEL",62.4,MEDIO,23,16,1,0
AMBOS SEXOS,Principado de Asturias,TRANSPORTE Y MANTENIMIENTO DE VEHÍCULOS,69.6,MEDIO,24,16,1,0
AMBOS SEXOS,Islas Baleares,ACTIVIDADES FÍSICAS Y DEPORTIVAS,86.5,MEDIO,0,12,1,1
AMBOS SEXOS,Islas Baleares,ADMINISTRACIÓN Y GESTIÓN,82.8,MEDIO,1,12,1,0
AMBOS SEXOS,Islas Baleares,AGRARIA,81.5,MEDIO,2,12,1,0
AMBOS SEXOS,Islas Baleares,ARTES GRÁFICAS,88.9,MEDIO,3,12,1,1
AMBOS SEXOS,Islas Baleares,COMERCIO Y MARKETING,80.6,MEDIO,5,12,1,0
AMBOS SEXOS,Islas Baleares,EDIFICACIÓN Y OBRA CIVIL,73.5,MEDIO,6,12,1,0
AMBOS SEXOS,Islas Baleares,ELECTRICIDAD Y ELECTRÓNICA,75.6,MEDIO,7,12,1,0
AMBOS SEXOS,Islas Baleares,FABRICACIÓN MECÁNICA,75.0,MEDIO,9,12,1,0
AMBOS SEXOS,Islas Baleares,HOSTELERÍA Y TURISMO,82.1,MEDIO,10,12,1,1
AMBOS SEXOS,Islas Baleares,IMAGEN PERSONAL,87.9,MEDIO,11,12,1,1
AMBOS SEXOS,Islas Baleares,IMAGEN Y SONIDO,88.6,MEDIO,12,12,1,1
AMBOS SEXOS,Islas Baleares,INDUSTRIAS ALIMENTARIAS,89.7,MEDIO,13,12,1,1
AMBOS SEXOS,Islas Baleares,INFORMÁTICA Y COMUNICACIONES,85.6,MEDIO,15,12,1,1
AMBOS SEXOS,Islas Baleares,INSTALACIÓN Y MANTENIMIENTO,76.9,MEDIO,16,12,1,0
AMBOS SEXOS,Islas Baleares,"MADERA, MUEBLE Y CORCHO",79.9,MEDIO,17,12,1,1
AMBOS SEXOS,Islas Baleares,MARÍTIMO-PESQUERA,71.2,MEDIO,18,12,1,0
AMBOS SEXOS,Islas Baleares,SANIDAD,88.6,MEDIO,20,12,1,1
AMBOS SEXOS,Islas Baleares,SEGURIDAD Y MEDIO AMBIENTE,96.6,MEDIO,21,12,1,1
AMBOS SEXOS,Islas Baleares,SERVICIOS SOCIOCULTURALES Y A LA COMUNIDAD,93.9,MEDIO,22,12,1,1
AMBOS SEXOS,Islas Baleares,TRANSPORTE Y MANTENIMIENTO DE VEHÍCULOS,87.1,MEDIO,24,12,1,1
AMBOS SEXOS,Canarias,ADMINISTRACIÓN Y GESTIÓN,72.4,MEDIO,1,2,1,0
AMBOS SEXOS,Canarias,AGRARIA,78.8,MEDIO,2,2,1,0
AMBOS SEXOS,Canarias,ARTES GRÁFICAS,66.6,MEDIO,3,2,1,0
AMBOS SEXOS,Canarias,COMERCIO Y MARKETING,80.7,MEDIO,5,2,1,0
AMBOS SEXOS,Canarias,EDIFICACIÓN Y OBRA CIVIL,75.1,MEDIO,6,2,1,0
AMBOS SEXOS,Canarias,ELECTRICIDAD Y ELECTRÓNICA,69.6,MEDIO,7,2,1,0
AMBOS SEXOS,Canarias,ENERGÍA Y AGUA,60.1,MEDIO,8,2,1,0
AMBOS SEXOS,Canarias,FABRICACIÓN MECÁNICA,78.2,MEDIO,9,2,1,0
AMBOS SEXOS,Canarias,HOSTELERÍA Y TURISMO,72.5,MEDIO,10,2,1,0
AMBOS SEXOS,Canarias,IMAGEN PERSONAL,74.8,MEDIO,11,2,1,0
AMBOS SEXOS,Canarias,IMAGEN Y SONIDO,72.3,MEDIO,12,2,1,0
AMBOS SEXOS,Canarias,INDUSTRIAS ALIMENTARIAS,75.1,MEDIO,13,2,1,0
AMBOS SEXOS,Canarias,INFORMÁTICA Y COMUNICACIONES,69.8,MEDIO,15,2,1,0
AMBOS SEXOS,Canarias,INSTALACIÓN Y MANTENIMIENTO,75.5,MEDIO,16,2,1,0
AMBOS SEXOS,Canarias,"MADERA, MUEBLE Y CORCHO",70.7,MEDIO,17,2,1,0
AMBOS SEXOS,Canarias,MARÍTIMO-PESQUERA,79.6,MEDIO,18,2,1,1
AMBOS SEXOS,Canarias,QUÍMICA,79.9,MEDIO,19,2,1,1
AMBOS SEXOS,Canarias,SANIDAD,86.5,MEDIO,20,2,1,1
AMBOS SEXOS,Canarias,SERVICIOS SOCIOCULTURALES Y A LA COMUNIDAD,86.3,MEDIO,22,2,1,1
AMBOS SEXOS,Canarias,"TEXTIL, CONFECCIÓN Y PIEL",75.9,MEDIO,23,2,1,1
AMBOS SEXOS,Canarias,TRANSPORTE Y MANTENIMIENTO DE VEHÍCULOS,69.6,MEDIO,24,2,1,0
AMBOS SEXOS,Cantabria,ACTIVIDADES FÍSICAS Y DEPORTIVAS,94.1,MEDIO,0,3,1,1
AMBOS SEXOS,Cantabria,ADMINISTRACIÓN Y GESTIÓN,89.8,MEDIO,1,3,1,1
AMBOS SEXOS,Cantabria,AGRARIA,77.7,MEDIO,2,3,1,0
AMBOS SEXOS,Cantabria,ARTES GRÁFICAS,95.1,MEDIO,3,3,1,1
AMBOS SEXOS,Cantabria,COMERCIO Y MARKETING,85.8,MEDIO,5,3,1,1
AMBOS SEXOS,Cantabria,EDIFICACIÓN Y OBRA CIVIL,93.8,MEDIO,6,3,1,1
AMBOS SEXOS,Cantabria,ELECTRICIDAD Y ELECTRÓNICA,81.6,MEDIO,7,3,1,1
AMBOS SEXOS,Cantabria,FABRICACIÓN MECÁNICA,79.0,MEDIO,9,3,1,0
AMBOS SEXOS,Cantabria,HOSTELERÍA Y TURISMO,84.1,MEDIO,10,3,1,1
AMBOS SEXOS,Cantabria,IMAGEN PERSONAL,89.8,MEDIO,11,3,1,1
AMBOS SEXOS,Cantabria,INDUSTRIAS ALIMENTARIAS,87.9,MEDIO,13,3,1,1
AMBOS SEXOS,Cantabria,INFORMÁTICA Y COMUNICACIONES,86.1,MEDIO,15,3,1,1
AMBOS SEXOS,Cantabria,INSTALACIÓN Y MANTENIMIENTO,82.7,MEDIO,16,3,1,1
AMBOS SEXOS,Cantabria,"MADERA, MUEBLE Y CORCHO",84.9,MEDIO,17,3,1,1
AMBOS SEXOS,Cantabria,MARÍTIMO-PESQUERA,77.9,MEDIO,18,3,1,1
AMBOS SEXOS,Cantabria,QUÍMICA,88.2,MEDIO,19,3,1,1
AMBOS SEXOS,Cantabria,SANIDAD,94.5,MEDIO,20,3,1,1
AMBOS SEXOS,Cantabria,SERVICIOS SOCIOCULTURALES Y A LA COMUNIDAD,89.6,MEDIO,22,3,1,1
AMBOS SEXOS,Cantabria,"TEXTIL, CONFECCIÓN Y PIEL",93.4,MEDIO,23,3,1,1
AMBOS SEXOS,Cantabria,TRANSPORTE Y MANTENIMIENTO DE VEHÍCULOS,76.5,MEDIO,24,3,1,1
AMBOS SEXOS,Castilla y León,ACTIVIDADES FÍSICAS Y DEPORTIVAS,75.4,MEDIO,0,5,1,0
AMBOS SEXOS,Castilla y León,ADMINISTRACIÓN Y GESTIÓN,71.7,MEDIO,1,5,1,0
AMBOS SEXOS,Castilla y León,AGRARIA,77.9,MEDIO,2,5,1,0
AMBOS SEXOS,Castilla y León,ARTES GRÁFICAS,67.4,MEDIO,3,5,1,0
AMBOS SEXOS,Castilla y León,COMERCIO Y MARKETING,69.8,MEDIO,5,5,1,0
AMBOS SEXOS,Castilla y León,EDIFICACIÓN Y OBRA CIVIL,60.9,MEDIO,6,5,1,0
AMBOS SEXOS,Castilla y León,ELECTRICIDAD Y ELECTRÓNICA,67.6,MEDIO,7,5,1,0
AMBOS SEXOS,Castilla y León,FABRICACIÓN MECÁNICA,72.2,MEDIO,9,5,1,0
AMBOS SEXOS,Castilla y León,HOSTELERÍA Y TURISMO,60.8,MEDIO,10,5,1,0
AMBOS SEXOS,Castilla y León,IMAGEN PERSONAL,70.6,MEDIO,11,5,1,0
AMBOS SEXOS,Castilla y León,IMAGEN Y SONIDO,89.4,MEDIO,12,5,1,1
AMBOS SEXOS,Castilla y León,INDUSTRIAS ALIMENTARIAS,80.5,MEDIO,13,5,1,1
AMBOS SEXOS,Castilla y León,INFORMÁTICA Y COMUNICACIONES,73.5,MEDIO,15,5,1,0
AMBOS SEXOS,Castilla y León,INSTALACIÓN Y MANTENIMIENTO,69.5,MEDIO,16,5,1,0
AMBOS SEXOS,Castilla y León,"MADERA, MUEBLE Y CORCHO",72.0,MEDIO,17,5,1,0
AMBOS SEXOS,Castilla y León,QUÍMICA,66.1,MEDIO,19,5,1,0
AMBOS SEXOS,Castilla y León,SANIDAD,77.4,MEDIO,20,5,1,1
AMBOS SEXOS,Castilla y León,SEGURIDAD Y MEDIO AMBIENTE,79.8,MEDIO,21,5,1,1
AMBOS SEXOS,Castilla y León,SERVICIOS SOCIOCULTURALES Y A LA COMUNIDAD,83.3,MEDIO,22,5,1,1
AMBOS SEXOS,Castilla y León,"TEXTIL, CONFECCIÓN Y PIEL",66.3,MEDIO,23,5,1,0
AMBOS SEXOS,Castilla y León,TRANSPORTE Y MANTENIMIENTO DE VEHÍCULOS,66.0,MEDIO,24,5,1,0
AMBOS SEXOS,Castilla La Mancha,ACTIVIDADES FÍSICAS Y DEPORTIVAS,95.8,MEDIO,0,4,1,1
AMBOS SEXOS,Castilla La Mancha,ADMINISTRACIÓN Y GESTIÓN,93.1,MEDIO,1,4,1,1
AMBOS SEXOS,Castilla La Mancha,AGRARIA,94.3,MEDIO,2,4,1,1
AMBOS SEXOS,Castilla La Mancha,ARTES GRÁFICAS,98.5,MEDIO,3,4,1,1
AMBOS SEXOS,Castilla La Mancha,COMERCIO Y MARKETING,95.1,MEDIO,5,4,1,1
AMBOS SEXOS,Castilla La Mancha,EDIFICACIÓN Y OBRA CIVIL,98.4,MEDIO,6,4,1,1
AMBOS SEXOS,Castilla La Mancha,ELECTRICIDAD Y ELECTRÓNICA,93.6,MEDIO,7,4,1,1
AMBOS SEXOS,Castilla La Mancha,FABRICACIÓN MECÁNICA,95.5,MEDIO,9,4,1,1
AMBOS SEXOS,Castilla La Mancha,HOSTELERÍA Y TURISMO,94.6,MEDIO,10,4,1,1
AMBOS SEXOS,Castilla La Mancha,IMAGEN PERSONAL,94.3,MEDIO,11,4,1,1
AMBOS SEXOS,Castilla La Mancha,IMAGEN Y SONIDO,93.2,MEDIO,12,4,1,1
AMBOS SEXOS,Castilla La Mancha,INDUSTRIAS ALIMENTARIAS,95.5,MEDIO,13,4,1,1
AMBOS SEXOS,Castilla La Mancha,INFORMÁTICA Y COMUNICACIONES,93.1,MEDIO,15,4,1,1
AMBOS SEXOS,Castilla La Mancha,INSTALACIÓN Y MANTENIMIENTO,97.7,MEDIO,16,4,1,1
AMBOS SEXOS,Castilla La Mancha,"MADERA, MUEBLE Y CORCHO",89.3,MEDIO,17,4,1,1
AMBOS SEXOS,Castilla La Mancha,QUÍMICA,95.5,MEDIO,19,4,1,1
AMBOS SEXOS,Castilla La Mancha,SANIDAD,97.9,MEDIO,20,4,1,1
AMBOS SEXOS,Castilla La Mancha,SEGURIDAD Y MEDIO AMBIENTE,97.6,MEDIO,21,4,1,1
AMBOS SEXOS,Castilla La Mancha,SERVICIOS SOCIOCULTURALES Y A LA COMUNIDAD,96.1,MEDIO,22,4,1,1
AMBOS SEXOS,Castilla La Mancha,"TEXTIL, CONFECCIÓN Y PIEL",98.6,MEDIO,23,4,1,1
AMBOS SEXOS,Castilla La Mancha,TRANSPORTE Y MANTENIMIENTO DE VEHÍCULOS,94.1,MEDIO,24,4,1,1
AMBOS SEXOS,Comunitat Valenciana,ACTIVIDADES FÍSICAS Y DEPORTIVAS,86.6,MEDIO,0,9,1,1
AMBOS SEXOS,Comunitat Valenciana,ADMINISTRACIÓN Y GESTIÓN,81.8,MEDIO,1,9,1,0
AMBOS SEXOS,Comunitat Valenciana,AGRARIA,79.3,MEDIO,2,9,1,0
AMBOS SEXOS,Comunitat Valenciana,ARTES GRÁFICAS,82.6,MEDIO,3,9,1,0
AMBOS SEXOS,Comunitat Valenciana,COMERCIO Y MARKETING,84.1,MEDIO,5,9,1,1
AMBOS SEXOS,Comunitat Valenciana,EDIFICACIÓN Y OBRA CIVIL,85.0,MEDIO,6,9,1,1
AMBOS SEXOS,Comunitat Valenciana,ELECTRICIDAD Y ELECTRÓNICA,73.2,MEDIO,7,9,1,0
AMBOS SEXOS,Comunitat Valenciana,ENERGÍA Y AGUA,74.1,MEDIO,8,9,1,0
AMBOS SEXOS,Comunitat Valenciana,FABRICACIÓN MECÁNICA,72.5,MEDIO,9,9,1,0
AMBOS SEXOS,Comunitat Valenciana,HOSTELERÍA Y TURISMO,74.0,MEDIO,10,9,1,0
AMBOS SEXOS,Comunitat Valenciana,IMAGEN PERSONAL,80.8,MEDIO,11,9,1,1
AMBOS SEXOS,Comunitat Valenciana,IMAGEN Y SONIDO,78.7,MEDIO,12,9,1,0
AMBOS SEXOS,Comunitat Valenciana,INDUSTRIAS ALIMENTARIAS,77.8,MEDIO,13,9,1,0
AMBOS SEXOS,Comunitat Valenciana,INFORMÁTICA Y COMUNICACIONES,82.2,MEDIO,15,9,1,1
AMBOS SEXOS,Comunitat Valenciana,INSTALACIÓN Y MANTENIMIENTO,70.0,MEDIO,16,9,1,0
AMBOS SEXOS,Comunitat Valenciana,"MADERA, MUEBLE Y CORCHO",72.0,MEDIO,17,9,1,0
AMBOS SEXOS,Comunitat Valenciana,MARÍTIMO-PESQUERA,84.3,MEDIO,18,9,1,1
AMBOS SEXOS,Comunitat Valenciana,QUÍMICA,78.2,MEDIO,19,9,1,1
AMBOS SEXOS,Comunitat Valenciana,SANIDAD,83.2,MEDIO,20,9,1,1
AMBOS SEXOS,Comunitat Valenciana,SEGURIDAD Y MEDIO AMBIENTE,81.8,MEDIO,21,9,1,1
AMBOS SEXOS,Comunitat Valenciana,SERVICIOS SOCIOCULTURALES Y A LA COMUNIDAD,86.5,MEDIO,22,9,1,1
AMBOS SEXOS,Comunitat Valenciana,"TEXTIL, CONFECCIÓN Y PIEL",88.2,MEDIO,23,9,1,1
AMBOS SEXOS,Comunitat Valenciana,TRANSPORTE Y MANTENIMIENTO DE VEHÍCULOS,75.3,MEDIO,24,9,1,1
AMBOS SEXOS,Comunitat Valenciana,VIDRIO Y CERÁMICA,74.4,MEDIO,25,9,1,1
AMBOS SEXOS,Extremadura,ACTIVIDADES FÍSICAS Y DEPORTIVAS,84.2,MEDIO,0,10,1,0
AMBOS SEXOS,Extremadura,ADMINISTRACIÓN Y GESTIÓN,77.7,MEDIO,1,10,1,0
AMBOS SEXOS,Extremadura,AGRARIA,83.5,MEDIO,2,10,1,0
AMBOS SEXOS,Extremadura,ARTES GRÁFICAS,92.1,MEDIO,3,10,1,1
AMBOS SEXOS,Extremadura,COMERCIO Y MARKETING,84.2,MEDIO,5,10,1,1
AMBOS SEXOS,Extremadura,EDIFICACIÓN Y OBRA CIVIL,75.0,MEDIO,6,10,1,0
AMBOS SEXOS,Extremadura,ELECTRICIDAD Y ELECTRÓNICA,71.5,MEDIO,7,10,1,0
AMBOS SEXOS,Extremadura,FABRICACIÓN MECÁNICA,77.7,MEDIO,9,10,1,0
AMBOS SEXOS,Extremadura,HOSTELERÍA Y TURISMO,67.1,MEDIO,10,10,1,0
AMBOS SEXOS,Extremadura,IMAGEN PERSONAL,84.6,MEDIO,11,10,1,1
AMBOS SEXOS,Extremadura,INDUSTRIAS ALIMENTARIAS,81.6,MEDIO,13,10,1,1
AMBOS SEXOS,Extremadura,INFORMÁTICA Y COMUNICACIONES,81.6,MEDIO,15,10,1,1
AMBOS SEXOS,Extremadura,INSTALACIÓN Y MANTENIMIENTO,71.3,MEDIO,16,10,1,0
AMBOS SEXOS,Extremadura,"MADERA, MUEBLE Y CORCHO",74.7,MEDIO,17,10,1,0
AMBOS SEXOS,Extremadura,QUÍMICA,70.1,MEDIO,19,10,1,0
AMBOS SEXOS,Extremadura,SANIDAD,86.1,MEDIO,20,10,1,1
AMBOS SEXOS,Extremadura,SEGURIDAD Y MEDIO AMBIENTE,88.1,MEDIO,21,10,1,1
AMBOS SEXOS,Extremadura,SERVICIOS SOCIOCULTURALES Y A LA COMUNIDAD,88.6,MEDIO,22,10,1,1
AMBOS SEXOS,Extremadura,TRANSPORTE Y MANTENIMIENTO DE VEHÍCULOS,68.8,MEDIO,24,10,1,0
AMBOS SEXOS,Galicia,ACTIVIDADES FÍSICAS Y DEPORTIVAS,86.3,MEDIO,0,11,1,1
AMBOS SEXOS,Galicia,ADMINISTRACIÓN Y GESTIÓN,73.4,MEDIO,1,11,1,0
AMBOS SEXOS,Galicia,AGRARIA,85.6,MEDIO,2,11,1,1
AMBOS SEXOS,Galicia,ARTES GRÁFICAS,76.9,MEDIO,3,11,1,0
AMBOS SEXOS,Galicia,COMERCIO Y MARKETING,84.1,MEDIO,5,11,1,1
AMBOS SEXOS,Galicia,EDIFICACIÓN Y OBRA CIVIL,72.2,MEDIO,6,11,1,0
AMBOS SEXOS,Galicia,ELECTRICIDAD Y ELECTRÓNICA,71.8,MEDIO,7,11,1,0
AMBOS SEXOS,Galicia,ENERGÍA Y AGUA,100.0,MEDIO,8,11,1,1
AMBOS SEXOS,Galicia,FABRICACIÓN MECÁNICA,70.4,MEDIO,9,11,1,0
AMBOS SEXOS,Galicia,HOSTELERÍA Y TURISMO,77.5,MEDIO,10,11,1,0
AMBOS SEXOS,Galicia,IMAGEN PERSONAL,80.5,MEDIO,11,11,1,1
AMBOS SEXOS,Galicia,IMAGEN Y SONIDO,80.1,MEDIO,12,11,1,1
AMBOS SEXOS,Galicia,INDUSTRIAS ALIMENTARIAS,80.3,MEDIO,13,11,1,1
AMBOS SEXOS,Galicia,INFORMÁTICA Y COMUNICACIONES,76.2,MEDIO,15,11,1,0
AMBOS SEXOS,Galicia,INSTALACIÓN Y MANTENIMIENTO,68.7,MEDIO,16,11,1,0
AMBOS SEXOS,Galicia,"MADERA, MUEBLE Y CORCHO",77.1,MEDIO,17,11,1,0
AMBOS SEXOS,Galicia,MARÍTIMO-PESQUERA,82.5,MEDIO,18,11,1,1
AMBOS SEXOS,Galicia,QUÍMICA,70.2,MEDIO,19,11,1,0
AMBOS SEXOS,Galicia,SANIDAD,87.3,MEDIO,20,11,1,1
AMBOS SEXOS,Galicia,SERVICIOS SOCIOCULTURALES Y A LA COMUNIDAD,88.8,MEDIO,22,11,1,1
AMBOS SEXOS,Galicia,"TEXTIL, CONFECCIÓN Y PIEL",88.2,MEDIO,23,11,1,1
AMBOS SEXOS,Galicia,TRANSPORTE Y MANTENIMIENTO DE VEHÍCULOS,74.5,MEDIO,24,11,1,1
AMBOS SEXOS,Comunidad de Madrid,ACTIVIDADES FÍSICAS Y DEPORTIVAS,82.7,MEDIO,0,8,1,0
AMBOS SEXOS,Comunidad de Madrid,ADMINISTRACIÓN Y GESTIÓN,75.3,MEDIO,1,8,1,0
AMBOS SEXOS,Comunidad de Madrid,AGRARIA,67.0,MEDIO,2,8,1,0
AMBOS SEXOS,Comunidad de Madrid,ARTES GRÁFICAS,78.0,MEDIO,3,8,1,0
AMBOS SEXOS,Comunidad de Madrid,COMERCIO Y MARKETING,82.1,MEDIO,5,8,1,0
AMBOS SEXOS,Comunidad de Madrid,EDIFICACIÓN Y OBRA CIVIL,86.8,MEDIO,6,8,1,1
AMBOS SEXOS,Comunidad de Madrid,ELECTRICIDAD Y ELECTRÓNICA,73.1,MEDIO,7,8,1,0
AMBOS SEXOS,Comunidad de Madrid,ENERGÍA Y AGUA,41.3,MEDIO,8,8,1,0
AMBOS SEXOS,Comunidad de Madrid,FABRICACIÓN MECÁNICA,56.2,MEDIO,9,8,1,0
AMBOS SEXOS,Comunidad de Madrid,HOSTELERÍA Y TURISMO,69.0,MEDIO,10,8,1,0
AMBOS SEXOS,Comunidad de Madrid,IMAGEN PERSONAL,75.8,MEDIO,11,8,1,0
AMBOS SEXOS,Comunidad de Madrid,IMAGEN Y SONIDO,86.6,MEDIO,12,8,1,1
AMBOS SEXOS,Comunidad de Madrid,INDUSTRIAS ALIMENTARIAS,55.0,MEDIO,13,8,1,0
AMBOS SEXOS,Comunidad de Madrid,INFORMÁTICA Y COMUNICACIONES,80.1,MEDIO,15,8,1,1
AMBOS SEXOS,Comunidad de Madrid,INSTALACIÓN Y MANTENIMIENTO,68.5,MEDIO,16,8,1,0
AMBOS SEXOS,Comunidad de Madrid,"MADERA, MUEBLE Y CORCHO",75.0,MEDIO,17,8,1,0
AMBOS SEXOS,Comunidad de Madrid,QUÍMICA,69.7,MEDIO,19,8,1,0
AMBOS SEXOS,Comunidad de Madrid,SANIDAD,81.1,MEDIO,20,8,1,1
AMBOS SEXOS,Comunidad de Madrid,SEGURIDAD Y MEDIO AMBIENTE,46.3,MEDIO,21,8,1,0
AMBOS SEXOS,Comunidad de Madrid,SERVICIOS SOCIOCULTURALES Y A LA COMUNIDAD,78.0,MEDIO,22,8,1,1
AMBOS SEXOS,Comunidad de Madrid,"TEXTIL, CONFECCIÓN Y PIEL",72.3,MEDIO,23,8,1,0
AMBOS SEXOS,Comunidad de Madrid,TRANSPORTE Y MANTENIMIENTO DE VEHÍCULOS,67.3,MEDIO,24,8,1,0
AMBOS SEXOS,Región de Murcia,ACTIVIDADES FÍSICAS Y DEPORTIVAS,84.7,MEDIO,0,17,1,0
AMBOS SEXOS,Región de Murcia,ADMINISTRACIÓN Y GESTIÓN,72.1,MEDIO,1,17,1,0
AMBOS SEXOS,Región de Murcia,AGRARIA,70.9,MEDIO,2,17,1,0
AMBOS SEXOS,Región de Murcia,ARTES GRÁFICAS,60.7,MEDIO,3,17,1,0
AMBOS SEXOS,Región de Murcia,COMERCIO Y MARKETING,74.7,MEDIO,5,17,1,0
AMBOS SEXOS,Región de Murcia,EDIFICACIÓN Y OBRA CIVIL,82.5,MEDIO,6,17,1,0
AMBOS SEXOS,Región de Murcia,ELECTRICIDAD Y ELECTRÓNICA,67.3,MEDIO,7,17,1,0
AMBOS SEXOS,Región de Murcia,FABRICACIÓN MECÁNICA,77.2,MEDIO,9,17,1,0
AMBOS SEXOS,Región de Murcia,HOSTELERÍA Y TURISMO,63.7,MEDIO,10,17,1,0
AMBOS SEXOS,Región de Murcia,IMAGEN PERSONAL,79.6,MEDIO,11,17,1,0
AMBOS SEXOS,Región de Murcia,IMAGEN Y SONIDO,78.2,MEDIO,12,17,1,0
AMBOS SEXOS,Región de Murcia,INDUSTRIAS ALIMENTARIAS,66.9,MEDIO,13,17,1,0
AMBOS SEXOS,Región de Murcia,INFORMÁTICA Y COMUNICACIONES,73.5,MEDIO,15,17,1,0
AMBOS SEXOS,Región de Murcia,INSTALACIÓN Y MANTENIMIENTO,70.0,MEDIO,16,17,1,0
AMBOS SEXOS,Región de Murcia,"MADERA, MUEBLE Y CORCHO",79.3,MEDIO,17,17,1,1
AMBOS SEXOS,Región de Murcia,MARÍTIMO-PESQUERA,70.5,MEDIO,18,17,1,0
AMBOS SEXOS,Región de Murcia,QUÍMICA,66.3,MEDIO,19,17,1,0
AMBOS SEXOS,Región de Murcia,SANIDAD,79.6,MEDIO,20,17,1,1
AMBOS SEXOS,Región de Murcia,SEGURIDAD Y MEDIO AMBIENTE,96.2,MEDIO,21,17,1,1
AMBOS SEXOS,Región de Murcia,SERVICIOS SOCIOCULTURALES Y A LA COMUNIDAD,83.0,MEDIO,22,17,1,1
AMBOS SEXOS,Región de Murcia,"TEXTIL, CONFECCIÓN Y PIEL",63.9,MEDIO,23,17,1,0
AMBOS SEXOS,Región de Murcia,TRANSPORTE Y MANTENIMIENTO DE VEHÍCULOS,63.7,MEDIO,24,17,1,0
AMBOS SEXOS,Comunidad Foral de Navarra,ACTIVIDADES FÍSICAS Y DEPORTIVAS,89.1,MEDIO,0,7,1,1
AMBOS SEXOS,Comunidad Foral de Navarra,ADMINISTRACIÓN Y GESTIÓN,90.4,MEDIO,1,7,1,1
AMBOS SEXOS,Comunidad Foral de Navarra,AGRARIA,90.2,MEDIO,2,7,1,1
AMBOS SEXOS,Comunidad Foral de Navarra,ARTES GRÁFICAS,78.2,MEDIO,3,7,1,0
AMBOS SEXOS,Comunidad Foral de Navarra,COMERCIO Y MARKETING,81.1,MEDIO,5,7,1,0
AMBOS SEXOS,Comunidad Foral de Navarra,ELECTRICIDAD Y ELECTRÓNICA,80.3,MEDIO,7,7,1,0
AMBOS SEXOS,Comunidad Foral de Navarra,ENERGÍA Y AGUA,74.7,MEDIO,8,7,1,0
AMBOS SEXOS,Comunidad Foral de Navarra,FABRICACIÓN MECÁNICA,84.3,MEDIO,9,7,1,1
AMBOS SEXOS,Comunidad Foral de Navarra,HOSTELERÍA Y TURISMO,71.9,MEDIO,10,7,1,0
AMBOS SEXOS,Comunidad Foral de Navarra,IMAGEN PERSONAL,85.1,MEDIO,11,7,1,1
AMBOS SEXOS,Comunidad Foral de Navarra,IMAGEN Y SONIDO,80.1,MEDIO,12,7,1,1
AMBOS SEXOS,Comunidad Foral de Navarra,INDUSTRIAS ALIMENTARIAS,79.7,MEDIO,13,7,1,1
AMBOS SEXOS,Comunidad Foral de Navarra,INDUSTRIAS EXTRACTIVAS,90.8,MEDIO,14,7,1,1
AMBOS SEXOS,Comunidad Foral de Navarra,INFORMÁTICA Y COMUNICACIONES,90.0,MEDIO,15,7,1,1
AMBOS SEXOS,Comunidad Foral de Navarra,INSTALACIÓN Y MANTENIMIENTO,83.2,MEDIO,16,7,1,1
AMBOS SEXOS,Comunidad Foral de Navarra,"MADERA, MUEBLE Y CORCHO",85.4,MEDIO,17,7,1,1
AMBOS SEXOS,Comunidad Foral de Navarra,QUÍMICA,84.4,MEDIO,19,7,1,1
AMBOS SEXOS,Comunidad Foral de Navarra,SANIDAD,94.3,MEDIO,20,7,1,1
AMBOS SEXOS,Comunidad Foral de Navarra,SERVICIOS SOCIOCULTURALES Y A LA COMUNIDAD,92.7,MEDIO,22,7,1,1
AMBOS SEXOS,Comunidad Foral de Navarra,"TEXTIL, CONFECCIÓN Y PIEL",92.5,MEDIO,23,7,1,1
AMBOS SEXOS,Comunidad Foral de Navarra,TRANSPORTE Y MANTENIMIENTO DE VEHÍCULOS,85.4,MEDIO,24,7,1,1
AMBOS SEXOS,País Vasco,ACTIVIDADES FÍSICAS Y DEPORTIVAS,91.8,MEDIO,0,15,1,1
AMBOS SEXOS,País Vasco,ADMINISTRACIÓN Y GESTIÓN,92.8,MEDIO,1,15,1,1
AMBOS SEXOS,País Vasco,AGRARIA,83.3,MEDIO,2,15,1,0
AMBOS SEXOS,País Vasco,ARTES GRÁFICAS,91.8,MEDIO,3,15,1,1
AMBOS SEXOS,País Vasco,COMERCIO Y MARKETING,93.3,MEDIO,5,15,1,1
AMBOS SEXOS,País Vasco,EDIFICACIÓN Y OBRA CIVIL,94.4,MEDIO,6,15,1,1
AMBOS SEXOS,País Vasco,ELECTRICIDAD Y ELECTRÓNICA,90.1,MEDIO,7,15,1,1
AMBOS SEXOS,País Vasco,FABRICACIÓN MECÁNICA,91.3,MEDIO,9,15,1,1
AMBOS SEXOS,País Vasco,HOSTELERÍA Y TURISMO,90.7,MEDIO,10,15,1,1
AMBOS SEXOS,País Vasco,IMAGEN PERSONAL,96.2,MEDIO,11,15,1,1
AMBOS SEXOS,País Vasco,IMAGEN Y SONIDO,99.1,MEDIO,12,15,1,1
AMBOS SEXOS,País Vasco,INDUSTRIAS ALIMENTARIAS,92.9,MEDIO,13,15,1,1
AMBOS SEXOS,País Vasco,INFORMÁTICA Y COMUNICACIONES,92.8,MEDIO,15,15,1,1
AMBOS SEXOS,País Vasco,INSTALACIÓN Y MANTENIMIENTO,92.5,MEDIO,16,15,1,1
AMBOS SEXOS,País Vasco,"MADERA, MUEBLE Y CORCHO",87.9,MEDIO,17,15,1,1
AMBOS SEXOS,País Vasco,MARÍTIMO-PESQUERA,89.5,MEDIO,18,15,1,1
AMBOS SEXOS,País Vasco,QUÍMICA,92.3,MEDIO,19,15,1,1
AMBOS SEXOS,País Vasco,SANIDAD,87.2,MEDIO,20,15,1,1
AMBOS SEXOS,País Vasco,SERVICIOS SOCIOCULTURALES Y A LA COMUNIDAD,96.4,MEDIO,22,15,1,1
AMBOS SEXOS,País Vasco,"TEXTIL, CONFECCIÓN Y PIEL",76.5,MEDIO,23,15,1,1
AMBOS SEXOS,País Vasco,TRANSPORTE Y MANTENIMIENTO DE VEHÍCULOS,90.0,MEDIO,24,15,1,1
AMBOS SEXOS,La Rioja,ACTIVIDADES FÍSICAS Y DEPORTIVAS,89.4,MEDIO,0,13,1,1
AMBOS SEXOS,La Rioja,ADMINISTRACIÓN Y GESTIÓN,77.7,MEDIO,1,13,1,0
AMBOS SEXOS,La Rioja,AGRARIA,69.4,MEDIO,2,13,1,0
AMBOS SEXOS,La Rioja,ARTES GRÁFICAS,81.2,MEDIO,3,13,1,0
AMBOS SEXOS,La Rioja,COMERCIO Y MARKETING,83.7,MEDIO,5,13,1,1
AMBOS SEXOS,La Rioja,EDIFICACIÓN Y OBRA CIVIL,84.0,MEDIO,6,13,1,1
AMBOS SEXOS,La Rioja,ELECTRICIDAD Y ELECTRÓNICA,73.9,MEDIO,7,13,1,0
AMBOS SEXOS,La Rioja,FABRICACIÓN MECÁNICA,69.8,MEDIO,9,13,1,0
AMBOS SEXOS,La Rioja,HOSTELERÍA Y TURISMO,76.1,MEDIO,10,13,1,0
AMBOS SEXOS,La Rioja,IMAGEN PERSONAL,74.9,MEDIO,11,13,1,0
AMBOS SEXOS,La Rioja,INDUSTRIAS ALIMENTARIAS,83.0,MEDIO,13,13,1,1
AMBOS SEXOS,La Rioja,INFORMÁTICA Y COMUNICACIONES,82.8,MEDIO,15,13,1,1
AMBOS SEXOS,La Rioja,INSTALACIÓN Y MANTENIMIENTO,79.5,MEDIO,16,13,1,1
AMBOS SEXOS,La Rioja,"MADERA, MUEBLE Y CORCHO",72.6,MEDIO,17,13,1,0
AMBOS SEXOS,La Rioja,QUÍMICA,91.4,MEDIO,19,13,1,1
AMBOS SEXOS,La Rioja,SANIDAD,74.6,MEDIO,20,13,1,0
AMBOS SEXOS,La Rioja,SERVICIOS SOCIOCULTURALES Y A LA COMUNIDAD,92.8,MEDIO,22,13,1,1
AMBOS SEXOS,La Rioja,TRANSPORTE Y MANTENIMIENTO DE VEHÍCULOS,76.8,MEDIO,24,13,1,1
AMBOS SEXOS,Ceuta,ACTIVIDADES FÍSICAS Y DEPORTIVAS,57.2,MEDIO,0,6,1,0
AMBOS SEXOS,Ceuta,ADMINISTRACIÓN Y GESTIÓN,0.0,MEDIO,1,6,1,0
AMBOS SEXOS,Ceuta,AGRARIA,47.0,MEDIO,2,6,1,0
AMBOS SEXOS,Ceuta,COMERCIO Y MARKETING,0.0,MEDIO,5,6,1,0
AMBOS SEXOS,Ceuta,EDIFICACIÓN Y OBRA CIVIL,75.8,MEDIO,6,6,1,0
AMBOS SEXOS,Ceuta,ELECTRICIDAD Y ELECTRÓNICA,56.0,MEDIO,7,6,1,0
AMBOS SEXOS,Ceuta,HOSTELERÍA Y TURISMO,57.0,MEDIO,10,6,1,0
AMBOS SEXOS,Ceuta,IMAGEN PERSONAL,65.1,MEDIO,11,6,1,0
AMBOS SEXOS,Ceuta,IMAGEN Y SONIDO,65.3,MEDIO,12,6,1,0
AMBOS SEXOS,Ceuta,INDUSTRIAS ALIMENTARIAS,82.8,MEDIO,13,6,1,1
AMBOS SEXOS,Ceuta,INFORMÁTICA Y COMUNICACIONES,0.0,MEDIO,15,6,1,0
AMBOS SEXOS,Ceuta,INSTALACIÓN Y MANTENIMIENTO,48.3,MEDIO,16,6,1,0
AMBOS SEXOS,Ceuta,SANIDAD,44.8,MEDIO,20,6,1,0
AMBOS SEXOS,Ceuta,SERVICIOS SOCIOCULTURALES Y A LA COMUNIDAD,72.0,MEDIO,22,6,1,0
AMBOS SEXOS,Ceuta,TRANSPORTE Y MANTENIMIENTO DE VEHÍCULOS,41.5,MEDIO,24,6,1,0
AMBOS SEXOS,Melilla,ACTIVIDADES FÍSICAS Y DEPORTIVAS,77.8,MEDIO,0,14,1,0
AMBOS SEXOS,Melilla,ADMINISTRACIÓN Y GESTIÓN,67.5,MEDIO,1,14,1,0
AMBOS SEXOS,Melilla,AGRARIA,71.0,MEDIO,2,14,1,0
AMBOS SEXOS,Melilla,COMERCIO Y MARKETING,55.6,MEDIO,5,14,1,0
AMBOS SEXOS,Melilla,ELECTRICIDAD Y ELECTRÓNICA,55.9,MEDIO,7,14,1,0
AMBOS SEXOS,Melilla,HOSTELERÍA Y TURISMO,69.5,MEDIO,10,14,1,0
AMBOS SEXOS,Melilla,IMAGEN PERSONAL,88.1,MEDIO,11,14,1,1
AMBOS SEXOS,Melilla,IMAGEN Y SONIDO,61.7,MEDIO,12,14,1,0
AMBOS SEXOS,Melilla,INFORMÁTICA Y COMUNICACIONES,74.2,MEDIO,15,14,1,0
AMBOS SEXOS,Melilla,INSTALACIÓN Y MANTENIMIENTO,57.4,MEDIO,16,14,1,0
AMBOS SEXOS,Melilla,SANIDAD,67.4,MEDIO,20,14,1,0
AMBOS SEXOS,Melilla,SERVICIOS SOCIOCULTURALES Y A LA COMUNIDAD,82.5,MEDIO,22,14,1,1
AMBOS SEXOS,Melilla,TRANSPORTE Y MANTENIMIENTO DE VEHÍCULOS,55.5,MEDIO,24,14,1,0
AMBOS SEXOS,Andalucía,ACTIVIDADES FÍSICAS Y DEPORTIVAS,96.5,SUPERIOR,0,0,2,1
AMBOS SEXOS,Andalucía,ADMINISTRACIÓN Y GESTIÓN,88.6,SUPERIOR,1,0,2,1
AMBOS SEXOS,Andalucía,AGRARIA,87.5,SUPERIOR,2,0,2,1
AMBOS SEXOS,Andalucía,ARTES GRÁFICAS,89.5,SUPERIOR,3,0,2,1
AMBOS SEXOS,Andalucía,COMERCIO Y MARKETING,90.4,SUPERIOR,5,0,2,1
AMBOS SEXOS,Andalucía,EDIFICACIÓN Y OBRA CIVIL,77.4,SUPERIOR,6,0,2,1
AMBOS SEXOS,Andalucía,ELECTRICIDAD Y ELECTRÓNICA,81.5,SUPERIOR,7,0,2,1
AMBOS SEXOS,Andalucía,ENERGÍA Y AGUA,83.9,SUPERIOR,8,0,2,1
AMBOS SEXOS,Andalucía,FABRICACIÓN MECÁNICA,82.1,SUPERIOR,9,0,2,1
AMBOS SEXOS,Andalucía,HOSTELERÍA Y TURISMO,86.2,SUPERIOR,10,0,2,1
AMBOS SEXOS,Andalucía,IMAGEN PERSONAL,92.4,SUPERIOR,11,0,2,1
AMBOS SEXOS,Andalucía,IMAGEN Y SONIDO,91.0,SUPERIOR,12,0,2,1
AMBOS SEXOS,Andalucía,INDUSTRIAS ALIMENTARIAS,83.4,SUPERIOR,13,0,2,1
AMBOS SEXOS,Andalucía,INFORMÁTICA Y COMUNICACIONES,82.9,SUPERIOR,15,0,2,1
AMBOS SEXOS,Andalucía,INSTALACIÓN Y MANTENIMIENTO,81.5,SUPERIOR,16,0,2,1
AMBOS SEXOS,Andalucía,"MADERA, MUEBLE Y CORCHO",83.3,SUPERIOR,17,0,2,1
AMBOS SEXOS,Andalucía,MARÍTIMO-PESQUERA,91.6,SUPERIOR,18,0,2,1
AMBOS SEXOS,Andalucía,QUÍMICA,85.0,SUPERIOR,19,0,2,1
AMBOS SEXOS,Andalucía,SANIDAD,97.4,SUPERIOR,20,0,2,1
AMBOS SEXOS,Andalucía,SEGURIDAD Y MEDIO AMBIENTE,89.4,SUPERIOR,21,0,2,1
AMBOS SEXOS,Andalucía,SERVICIOS SOCIOCULTURALES Y A LA COMUNIDAD,95.5,SUPERIOR,22,0,2,1
AMBOS SEXOS,Andalucía,"TEXTIL, CONFECCIÓN Y PIEL",91.7,SUPERIOR,23,0,2,1
AMBOS SEXOS,Andalucía,TRANSPORTE Y MANTENIMIENTO DE VEHÍCULOS,88.7,SUPERIOR,24,0,2,1
AMBOS SEXOS,Aragón,ACTIVIDADES FÍSICAS Y DEPORTIVAS,91.9,SUPERIOR,0,1,2,1
AMBOS SEXOS,Aragón,ADMINISTRACIÓN Y GESTIÓN,80.2,SUPERIOR,1,1,2,1
AMBOS SEXOS,Aragón,AGRARIA,81.3,SUPERIOR,2,1,2,1
AMBOS SEXOS,Aragón,ARTES GRÁFICAS,86.8,SUPERIOR,3,1,2,1
AMBOS SEXOS,Aragón,COMERCIO Y MARKETING,74.1,SUPERIOR,5,1,2,1
AMBOS SEXOS,Aragón,EDIFICACIÓN Y OBRA CIVIL,82.5,SUPERIOR,6,1,2,1
AMBOS SEXOS,Aragón,ELECTRICIDAD Y ELECTRÓNICA,84.1,SUPERIOR,7,1,2,1
AMBOS SEXOS,Aragón,ENERGÍA Y AGUA,89.1,SUPERIOR,8,1,2,1
AMBOS SEXOS,Aragón,FABRICACIÓN MECÁNICA,82.0,SUPERIOR,9,1,2,1
AMBOS SEXOS,Aragón,HOSTELERÍA Y TURISMO,79.2,SUPERIOR,10,1,2,1
AMBOS SEXOS,Aragón,IMAGEN PERSONAL,90.7,SUPERIOR,11,1,2,1
AMBOS SEXOS,Aragón,IMAGEN Y SONIDO,89.3,SUPERIOR,12,1,2,1
AMBOS SEXOS,Aragón,INDUSTRIAS ALIMENTARIAS,75.9,SUPERIOR,13,1,2,1
AMBOS SEXOS,Aragón,INFORMÁTICA Y COMUNICACIONES,81.1,SUPERIOR,15,1,2,1
AMBOS SEXOS,Aragón,INSTALACIÓN Y MANTENIMIENTO,87.6,SUPERIOR,16,1,2,1
AMBOS SEXOS,Aragón,"MADERA, MUEBLE Y CORCHO",82.5,SUPERIOR,17,1,2,1
AMBOS SEXOS,Aragón,QUÍMICA,86.6,SUPERIOR,19,1,2,1
AMBOS SEXOS,Aragón,SANIDAD,83.9,SUPERIOR,20,1,2,1
AMBOS SEXOS,Aragón,SEGURIDAD Y MEDIO AMBIENTE,93.0,SUPERIOR,21,1,2,1
AMBOS SEXOS,Aragón,SERVICIOS SOCIOCULTURALES Y A LA COMUNIDAD,94.4,SUPERIOR,22,1,2,1
AMBOS SEXOS,Aragón,"TEXTIL, CONFECCIÓN Y PIEL",92.7,SUPERIOR,23,1,2,1
AMBOS SEXOS,Aragón,TRANSPORTE Y MANTENIMIENTO DE VEHÍCULOS,86.3,SUPERIOR,24,1,2,1
AMBOS SEXOS,Principado de Asturias,ACTIVIDADES FÍSICAS Y DEPORTIVAS,91.1,SUPERIOR,0,16,2,1
AMBOS SEXOS,Principado de Asturias,ADMINISTRACIÓN Y GESTIÓN,81.4,SUPERIOR,1,16,2,1
AMBOS SEXOS,Principado de Asturias,AGRARIA,85.7,SUPERIOR,2,16,2,1
AMBOS SEXOS,Principado de Asturias,ARTES GRÁFICAS,65.9,SUPERIOR,3,16,2,1
AMBOS SEXOS,Principado de Asturias,COMERCIO Y MARKETING,81.9,SUPERIOR,5,16,2,1
AMBOS SEXOS,Principado de Asturias,EDIFICACIÓN Y OBRA CIVIL,68.3,SUPERIOR,6,16,2,1
AMBOS SEXOS,Principado de Asturias,ELECTRICIDAD Y ELECTRÓNICA,75.1,SUPERIOR,7,16,2,1
AMBOS SEXOS,Principado de Asturias,ENERGÍA Y AGUA,80.0,SUPERIOR,8,16,2,1
AMBOS SEXOS,Principado de Asturias,FABRICACIÓN MECÁNICA,71.3,SUPERIOR,9,16,2,1
AMBOS SEXOS,Principado de Asturias,HOSTELERÍA Y TURISMO,79.5,SUPERIOR,10,16,2,1
AMBOS SEXOS,Principado de Asturias,IMAGEN PERSONAL,82.4,SUPERIOR,11,16,2,1
AMBOS SEXOS,Principado de Asturias,IMAGEN Y SONIDO,80.5,SUPERIOR,12,16,2,1
AMBOS SEXOS,Principado de Asturias,INDUSTRIAS ALIMENTARIAS,85.0,SUPERIOR,13,16,2,1
AMBOS SEXOS,Principado de Asturias,INFORMÁTICA Y COMUNICACIONES,77.9,SUPERIOR,15,16,2,1
AMBOS SEXOS,Principado de Asturias,INSTALACIÓN Y MANTENIMIENTO,77.8,SUPERIOR,16,16,2,1
AMBOS SEXOS,Principado de Asturias,MARÍTIMO-PESQUERA,79.6,SUPERIOR,18,16,2,1
AMBOS SEXOS,Principado de Asturias,QUÍMICA,80.7,SUPERIOR,19,16,2,1
AMBOS SEXOS,Principado de Asturias,SANIDAD,92.9,SUPERIOR,20,16,2,1
AMBOS SEXOS,Principado de Asturias,SEGURIDAD Y MEDIO AMBIENTE,86.2,SUPERIOR,21,16,2,1
AMBOS SEXOS,Principado de Asturias,SERVICIOS SOCIOCULTURALES Y A LA COMUNIDAD,84.5,SUPERIOR,22,16,2,1
AMBOS SEXOS,Principado de Asturias,TRANSPORTE Y MANTENIMIENTO DE VEHÍCULOS,78.1,SUPERIOR,24,16,2,1
AMBOS SEXOS,Islas Baleares,ACTIVIDADES FÍSICAS Y DEPORTIVAS,94.3,SUPERIOR,0,12,2,1
AMBOS SEXOS,Islas Baleares,ADMINISTRACIÓN Y GESTIÓN,91.3,SUPERIOR,1,12,2,1
AMBOS SEXOS,Islas Baleares,AGRARIA,92.7,SUPERIOR,2,12,2,1
AMBOS SEXOS,Islas Baleares,ARTES GRÁFICAS,98.6,SUPERIOR,3,12,2,1
AMBOS SEXOS,Islas Baleares,COMERCIO Y MARKETING,96.2,SUPERIOR,5,12,2,1
AMBOS SEXOS,Islas Baleares,EDIFICACIÓN Y OBRA CIVIL,87.0,SUPERIOR,6,12,2,1
AMBOS SEXOS,Islas Baleares,ELECTRICIDAD Y ELECTRÓNICA,85.6,SUPERIOR,7,12,2,1
AMBOS SEXOS,Islas Baleares,ENERGÍA Y AGUA,97.3,SUPERIOR,8,12,2,1
AMBOS SEXOS,Islas Baleares,HOSTELERÍA Y TURISMO,92.8,SUPERIOR,10,12,2,1
AMBOS SEXOS,Islas Baleares,IMAGEN PERSONAL,93.3,SUPERIOR,11,12,2,1
AMBOS SEXOS,Islas Baleares,IMAGEN Y SONIDO,94.5,SUPERIOR,12,12,2,1
AMBOS SEXOS,Islas Baleares,INDUSTRIAS ALIMENTARIAS,87.2,SUPERIOR,13,12,2,1
AMBOS SEXOS,Islas Baleares,INFORMÁTICA Y COMUNICACIONES,90.4,SUPERIOR,15,12,2,1
AMBOS SEXOS,Islas Baleares,INSTALACIÓN Y MANTENIMIENTO,91.3,SUPERIOR,16,12,2,1
AMBOS SEXOS,Islas Baleares,"MADERA, MUEBLE Y CORCHO",99.1,SUPERIOR,17,12,2,1
AMBOS SEXOS,Islas Baleares,MARÍTIMO-PESQUERA,91.5,SUPERIOR,18,12,2,1
AMBOS SEXOS,Islas Baleares,QUÍMICA,86.5,SUPERIOR,19,12,2,1
AMBOS SEXOS,Islas Baleares,SANIDAD,90.4,SUPERIOR,20,12,2,1
AMBOS SEXOS,Islas Baleares,SERVICIOS SOCIOCULTURALES Y A LA COMUNIDAD,95.7,SUPERIOR,22,12,2,1
AMBOS SEXOS,Islas Baleares,TRANSPORTE Y MANTENIMIENTO DE VEHÍCULOS,90.9,SUPERIOR,24,12,2,1
AMBOS SEXOS,Canarias,ACTIVIDADES FÍSICAS Y DEPORTIVAS,88.5,SUPERIOR,0,2,2,1
AMBOS SEXOS,Canarias,ADMINISTRACIÓN Y GESTIÓN,88.0,SUPERIOR,1,2,2,1
AMBOS SEXOS,Canarias,AGRARIA,82.4,SUPERIOR,2,2,2,1
AMBOS SEXOS,Canarias,ARTES GRÁFICAS,79.4,SUPERIOR,3,2,2,1
AMBOS SEXOS,Canarias,COMERCIO Y MARKETING,91.5,SUPERIOR,5,2,2,1
AMBOS SEXOS,Canarias,EDIFICACIÓN Y OBRA CIVIL,83.4,SUPERIOR,6,2,2,1
AMBOS SEXOS,Canarias,ELECTRICIDAD Y ELECTRÓNICA,85.2,SUPERIOR,7,2,2,1
AMBOS SEXOS,Canarias,ENERGÍA Y AGUA,87.8,SUPERIOR,8,2,2,1
AMBOS SEXOS,Canarias,FABRICACIÓN MECÁNICA,75.1,SUPERIOR,9,2,2,1
AMBOS SEXOS,Canarias,HOSTELERÍA Y TURISMO,86.0,SUPERIOR,10,2,2,1
AMBOS SEXOS,Canarias,IMAGEN PERSONAL,93.2,SUPERIOR,11,2,2,1
AMBOS SEXOS,Canarias,IMAGEN Y SONIDO,89.6,SUPERIOR,12,2,2,1
AMBOS SEXOS,Canarias,INDUSTRIAS ALIMENTARIAS,83.9,SUPERIOR,13,2,2,1
AMBOS SEXOS,Canarias,INFORMÁTICA Y COMUNICACIONES,77.3,SUPERIOR,15,2,2,1
AMBOS SEXOS,Canarias,INSTALACIÓN Y MANTENIMIENTO,81.3,SUPERIOR,16,2,2,1
AMBOS SEXOS,Canarias,"MADERA, MUEBLE Y CORCHO",80.7,SUPERIOR,17,2,2,1
AMBOS SEXOS,Canarias,MARÍTIMO-PESQUERA,89.2,SUPERIOR,18,2,2,1
AMBOS SEXOS,Canarias,QUÍMICA,89.8,SUPERIOR,19,2,2,1
AMBOS SEXOS,Canarias,SANIDAD,95.1,SUPERIOR,20,2,2,1
AMBOS SEXOS,Canarias,SEGURIDAD Y MEDIO AMBIENTE,87.4,SUPERIOR,21,2,2,1
AMBOS SEXOS,Canarias,SERVICIOS SOCIOCULTURALES Y A LA COMUNIDAD,93.7,SUPERIOR,22,2,2,1
AMBOS SEXOS,Canarias,"TEXTIL, CONFECCIÓN Y PIEL",89.3,SUPERIOR,23,2,2,1
AMBOS SEXOS,Canarias,TRANSPORTE Y MANTENIMIENTO DE VEHÍCULOS,86.5,SUPERIOR,24,2,2,1
AMBOS SEXOS,Cantabria,ACTIVIDADES FÍSICAS Y DEPORTIVAS,94.9,SUPERIOR,0,3,2,1
AMBOS SEXOS,Cantabria,ADMINISTRACIÓN Y GESTIÓN,95.3,SUPERIOR,1,3,2,1
AMBOS SEXOS,Cantabria,AGRARIA,84.7,SUPERIOR,2,3,2,1
AMBOS SEXOS,Cantabria,ARTES GRÁFICAS,94.3,SUPERIOR,3,3,2,1
AMBOS SEXOS,Cantabria,COMERCIO Y MARKETING,94.8,SUPERIOR,5,3,2,1
AMBOS SEXOS,Cantabria,EDIFICACIÓN Y OBRA CIVIL,91.1,SUPERIOR,6,3,2,1
AMBOS SEXOS,Cantabria,ELECTRICIDAD Y ELECTRÓNICA,85.5,SUPERIOR,7,3,2,1
AMBOS SEXOS,Cantabria,ENERGÍA Y AGUA,94.8,SUPERIOR,8,3,2,1
AMBOS SEXOS,Cantabria,FABRICACIÓN MECÁNICA,89.8,SUPERIOR,9,3,2,1
AMBOS SEXOS,Cantabria,HOSTELERÍA Y TURISMO,90.4,SUPERIOR,10,3,2,1
AMBOS SEXOS,Cantabria,IMAGEN PERSONAL,91.2,SUPERIOR,11,3,2,1
AMBOS SEXOS,Cantabria,IMAGEN Y SONIDO,89.9,SUPERIOR,12,3,2,1
AMBOS SEXOS,Cantabria,INDUSTRIAS ALIMENTARIAS,85.1,SUPERIOR,13,3,2,1
AMBOS SEXOS,Cantabria,INFORMÁTICA Y COMUNICACIONES,87.3,SUPERIOR,15,3,2,1
AMBOS SEXOS,Cantabria,INSTALACIÓN Y MANTENIMIENTO,93.8,SUPERIOR,16,3,2,1
AMBOS SEXOS,Cantabria,"MADERA, MUEBLE Y CORCHO",93.3,SUPERIOR,17,3,2,1
AMBOS SEXOS,Cantabria,QUÍMICA,97.6,SUPERIOR,19,3,2,1
AMBOS SEXOS,Cantabria,SANIDAD,96.4,SUPERIOR,20,3,2,1
AMBOS SEXOS,Cantabria,SEGURIDAD Y MEDIO AMBIENTE,93.9,SUPERIOR,21,3,2,1
AMBOS SEXOS,Cantabria,SERVICIOS SOCIOCULTURALES Y A LA COMUNIDAD,96.5,SUPERIOR,22,3,2,1
AMBOS SEXOS,Cantabria,TRANSPORTE Y MANTENIMIENTO DE VEHÍCULOS,87.9,SUPERIOR,24,3,2,1
AMBOS SEXOS,Castilla y León,ACTIVIDADES FÍSICAS Y DEPORTIVAS,86.2,SUPERIOR,0,5,2,1
AMBOS SEXOS,Castilla y León,ADMINISTRACIÓN Y GESTIÓN,83.2,SUPERIOR,1,5,2,1
AMBOS SEXOS,Castilla y León,AGRARIA,86.5,SUPERIOR,2,5,2,1
AMBOS SEXOS,Castilla y León,ARTES GRÁFICAS,78.9,SUPERIOR,3,5,2,1
AMBOS SEXOS,Castilla y León,COMERCIO Y MARKETING,78.6,SUPERIOR,5,5,2,1
AMBOS SEXOS,Castilla y León,EDIFICACIÓN Y OBRA CIVIL,63.5,SUPERIOR,6,5,2,1
AMBOS SEXOS,Castilla y León,ELECTRICIDAD Y ELECTRÓNICA,77.5,SUPERIOR,7,5,2,1
AMBOS SEXOS,Castilla y León,ENERGÍA Y AGUA,85.8,SUPERIOR,8,5,2,1
AMBOS SEXOS,Castilla y León,FABRICACIÓN MECÁNICA,76.9,SUPERIOR,9,5,2,1
AMBOS SEXOS,Castilla y León,HOSTELERÍA Y TURISMO,76.9,SUPERIOR,10,5,2,1
AMBOS SEXOS,Castilla y León,IMAGEN PERSONAL,85.2,SUPERIOR,11,5,2,1
AMBOS SEXOS,Castilla y León,IMAGEN Y SONIDO,84.2,SUPERIOR,12,5,2,1
AMBOS SEXOS,Castilla y León,INDUSTRIAS ALIMENTARIAS,79.1,SUPERIOR,13,5,2,1
AMBOS SEXOS,Castilla y León,INFORMÁTICA Y COMUNICACIONES,77.7,SUPERIOR,15,5,2,1
AMBOS SEXOS,Castilla y León,INSTALACIÓN Y MANTENIMIENTO,85.8,SUPERIOR,16,5,2,1
AMBOS SEXOS,Castilla y León,"MADERA, MUEBLE Y CORCHO",74.3,SUPERIOR,17,5,2,1
AMBOS SEXOS,Castilla y León,QUÍMICA,77.5,SUPERIOR,19,5,2,1
AMBOS SEXOS,Castilla y León,SANIDAD,84.3,SUPERIOR,20,5,2,1
AMBOS SEXOS,Castilla y León,SEGURIDAD Y MEDIO AMBIENTE,76.7,SUPERIOR,21,5,2,1
AMBOS SEXOS,Castilla y León,SERVICIOS SOCIOCULTURALES Y A LA COMUNIDAD,89.5,SUPERIOR,22,5,2,1
AMBOS SEXOS,Castilla y León,"TEXTIL, CONFECCIÓN Y PIEL",90.5,SUPERIOR,23,5,2,1
AMBOS SEXOS,Castilla y León,TRANSPORTE Y MANTENIMIENTO DE VEHÍCULOS,90.5,SUPERIOR,24,5,2,1
AMBOS SEXOS,Castilla La Mancha,ACTIVIDADES FÍSICAS Y DEPORTIVAS,97.7,SUPERIOR,0,4,2,1
AMBOS SEXOS,Castilla La Mancha,ADMINISTRACIÓN Y GESTIÓN,97.3,SUPERIOR,1,4,2,1
AMBOS SEXOS,Castilla La Mancha,AGRARIA,97.4,SUPERIOR,2,4,2,1
AMBOS SEXOS,Castilla La Mancha,COMERCIO Y MARKETING,98.2,SUPERIOR,5,4,2,1
AMBOS SEXOS,Castilla La Mancha,EDIFICACIÓN Y OBRA CIVIL,95.3,SUPERIOR,6,4,2,1
AMBOS SEXOS,Castilla La Mancha,ELECTRICIDAD Y ELECTRÓNICA,97.3,SUPERIOR,7,4,2,1
AMBOS SEXOS,Castilla La Mancha,ENERGÍA Y AGUA,98.7,SUPERIOR,8,4,2,1
AMBOS SEXOS,Castilla La Mancha,FABRICACIÓN MECÁNICA,98.7,SUPERIOR,9,4,2,1
AMBOS SEXOS,Castilla La Mancha,HOSTELERÍA Y TURISMO,97.9,SUPERIOR,10,4,2,1
AMBOS SEXOS,Castilla La Mancha,IMAGEN PERSONAL,98.6,SUPERIOR,11,4,2,1
AMBOS SEXOS,Castilla La Mancha,IMAGEN Y SONIDO,93.3,SUPERIOR,12,4,2,1
AMBOS SEXOS,Castilla La Mancha,INDUSTRIAS ALIMENTARIAS,97.5,SUPERIOR,13,4,2,1
AMBOS SEXOS,Castilla La Mancha,INFORMÁTICA Y COMUNICACIONES,96.8,SUPERIOR,15,4,2,1
AMBOS SEXOS,Castilla La Mancha,INSTALACIÓN Y MANTENIMIENTO,98.5,SUPERIOR,16,4,2,1
AMBOS SEXOS,Castilla La Mancha,"MADERA, MUEBLE Y CORCHO",86.6,SUPERIOR,17,4,2,1
AMBOS SEXOS,Castilla La Mancha,QUÍMICA,98.5,SUPERIOR,19,4,2,1
AMBOS SEXOS,Castilla La Mancha,SANIDAD,98.4,SUPERIOR,20,4,2,1
AMBOS SEXOS,Castilla La Mancha,SEGURIDAD Y MEDIO AMBIENTE,98.1,SUPERIOR,21,4,2,1
AMBOS SEXOS,Castilla La Mancha,SERVICIOS SOCIOCULTURALES Y A LA COMUNIDAD,97.6,SUPERIOR,22,4,2,1
AMBOS SEXOS,Castilla La Mancha,"TEXTIL, CONFECCIÓN Y PIEL",95.9,SUPERIOR,23,4,2,1
AMBOS SEXOS,Castilla La Mancha,TRANSPORTE Y MANTENIMIENTO DE VEHÍCULOS,96.9,SUPERIOR,24,4,2,1
AMBOS SEXOS,Comunitat Valenciana,ACTIVIDADES FÍSICAS Y DEPORTIVAS,90.7,SUPERIOR,0,9,2,1
AMBOS SEXOS,Comunitat Valenciana,ADMINISTRACIÓN Y GESTIÓN,79.0,SUPERIOR,1,9,2,1
AMBOS SEXOS,Comunitat Valenciana,AGRARIA,74.3,SUPERIOR,2,9,2,1
AMBOS SEXOS,Comunitat Valenciana,ARTES GRÁFICAS,77.0,SUPERIOR,3,9,2,1
AMBOS SEXOS,Comunitat Valenciana,ARTES Y ARTESANÍAS,78.8,SUPERIOR,4,9,2,1
AMBOS SEXOS,Comunitat Valenciana,COMERCIO Y MARKETING,79.0,SUPERIOR,5,9,2,1
AMBOS SEXOS,Comunitat Valenciana,EDIFICACIÓN Y OBRA CIVIL,64.9,SUPERIOR,6,9,2,1
AMBOS SEXOS,Comunitat Valenciana,ELECTRICIDAD Y ELECTRÓNICA,70.2,SUPERIOR,7,9,2,1
AMBOS SEXOS,Comunitat Valenciana,ENERGÍA Y AGUA,65.4,SUPERIOR,8,9,2,1
AMBOS SEXOS,Comunitat Valenciana,FABRICACIÓN MECÁNICA,73.1,SUPERIOR,9,9,2,1
AMBOS SEXOS,Comunitat Valenciana,HOSTELERÍA Y TURISMO,71.9,SUPERIOR,10,9,2,1
AMBOS SEXOS,Comunitat Valenciana,IMAGEN PERSONAL,78.9,SUPERIOR,11,9,2,1
AMBOS SEXOS,Comunitat Valenciana,IMAGEN Y SONIDO,81.4,SUPERIOR,12,9,2,1
AMBOS SEXOS,Comunitat Valenciana,INDUSTRIAS ALIMENTARIAS,76.5,SUPERIOR,13,9,2,1
AMBOS SEXOS,Comunitat Valenciana,INFORMÁTICA Y COMUNICACIONES,70.6,SUPERIOR,15,9,2,1
AMBOS SEXOS,Comunitat Valenciana,INSTALACIÓN Y MANTENIMIENTO,74.7,SUPERIOR,16,9,2,1
AMBOS SEXOS,Comunitat Valenciana,"MADERA, MUEBLE Y CORCHO",60.1,SUPERIOR,17,9,2,1
AMBOS SEXOS,Comunitat Valenciana,MARÍTIMO-PESQUERA,79.0,SUPERIOR,18,9,2,1
AMBOS SEXOS,Comunitat Valenciana,QUÍMICA,77.2,SUPERIOR,19,9,2,1
AMBOS SEXOS,Comunitat Valenciana,SANIDAD,84.9,SUPERIOR,20,9,2,1
AMBOS SEXOS,Comunitat Valenciana,SEGURIDAD Y MEDIO AMBIENTE,78.8,SUPERIOR,21,9,2,1
AMBOS SEXOS,Comunitat Valenciana,SERVICIOS SOCIOCULTURALES Y A LA COMUNIDAD,79.9,SUPERIOR,22,9,2,1
AMBOS SEXOS,Comunitat Valenciana,"TEXTIL, CONFECCIÓN Y PIEL",72.6,SUPERIOR,23,9,2,1
AMBOS SEXOS,Comunitat Valenciana,TRANSPORTE Y MANTENIMIENTO DE VEHÍCULOS,73.6,SUPERIOR,24,9,2,1
AMBOS SEXOS,Comunitat Valenciana,VIDRIO Y CERÁMICA,67.7,SUPERIOR,25,9,2,1
AMBOS SEXOS,Extremadura,ACTIVIDADES FÍSICAS Y DEPORTIVAS,89.6,SUPERIOR,0,10,2,1
AMBOS SEXOS,Extremadura,ADMINISTRACIÓN Y GESTIÓN,86.5,SUPERIOR,1,10,2,1
AMBOS SEXOS,Extremadura,AGRARIA,89.7,SUPERIOR,2,10,2,1
AMBOS SEXOS,Extremadura,ARTES GRÁFICAS,77.2,SUPERIOR,3,10,2,1
AMBOS SEXOS,Extremadura,COMERCIO Y MARKETING,89.1,SUPERIOR,5,10,2,1
AMBOS SEXOS,Extremadura,EDIFICACIÓN Y OBRA CIVIL,72.5,SUPERIOR,6,10,2,1
AMBOS SEXOS,Extremadura,ELECTRICIDAD Y ELECTRÓNICA,78.1,SUPERIOR,7,10,2,1
AMBOS SEXOS,Extremadura,ENERGÍA Y AGUA,82.2,SUPERIOR,8,10,2,1
AMBOS SEXOS,Extremadura,FABRICACIÓN MECÁNICA,93.8,SUPERIOR,9,10,2,1
AMBOS SEXOS,Extremadura,HOSTELERÍA Y TURISMO,81.5,SUPERIOR,10,10,2,1
AMBOS SEXOS,Extremadura,IMAGEN PERSONAL,91.4,SUPERIOR,11,10,2,1
AMBOS SEXOS,Extremadura,IMAGEN Y SONIDO,79.3,SUPERIOR,12,10,2,1
AMBOS SEXOS,Extremadura,INDUSTRIAS ALIMENTARIAS,87.4,SUPERIOR,13,10,2,1
AMBOS SEXOS,Extremadura,INFORMÁTICA Y COMUNICACIONES,76.0,SUPERIOR,15,10,2,1
AMBOS SEXOS,Extremadura,INSTALACIÓN Y MANTENIMIENTO,71.5,SUPERIOR,16,10,2,1
AMBOS SEXOS,Extremadura,"MADERA, MUEBLE Y CORCHO",71.8,SUPERIOR,17,10,2,1
AMBOS SEXOS,Extremadura,QUÍMICA,77.5,SUPERIOR,19,10,2,1
AMBOS SEXOS,Extremadura,SANIDAD,91.8,SUPERIOR,20,10,2,1
AMBOS SEXOS,Extremadura,SEGURIDAD Y MEDIO AMBIENTE,98.5,SUPERIOR,21,10,2,1
AMBOS SEXOS,Extremadura,SERVICIOS SOCIOCULTURALES Y A LA COMUNIDAD,93.6,SUPERIOR,22,10,2,1
AMBOS SEXOS,Extremadura,"TEXTIL, CONFECCIÓN Y PIEL",95.9,SUPERIOR,23,10,2,1
AMBOS SEXOS,Extremadura,TRANSPORTE Y MANTENIMIENTO DE VEHÍCULOS,85.3,SUPERIOR,24,10,2,1
AMBOS SEXOS,Galicia,ACTIVIDADES FÍSICAS Y DEPORTIVAS,92.8,SUPERIOR,0,11,2,1
AMBOS SEXOS,Galicia,ADMINISTRACIÓN Y GESTIÓN,82.7,SUPERIOR,1,11,2,1
AMBOS SEXOS,Galicia,AGRARIA,88.6,SUPERIOR,2,11,2,1
AMBOS SEXOS,Galicia,ARTES GRÁFICAS,88.5,SUPERIOR,3,11,2,1
AMBOS SEXOS,Galicia,COMERCIO Y MARKETING,88.2,SUPERIOR,5,11,2,1
AMBOS SEXOS,Galicia,EDIFICACIÓN Y OBRA CIVIL,74.2,SUPERIOR,6,11,2,1
AMBOS SEXOS,Galicia,ELECTRICIDAD Y ELECTRÓNICA,81.7,SUPERIOR,7,11,2,1
AMBOS SEXOS,Galicia,ENERGÍA Y AGUA,80.2,SUPERIOR,8,11,2,1
AMBOS SEXOS,Galicia,FABRICACIÓN MECÁNICA,82.1,SUPERIOR,9,11,2,1
AMBOS SEXOS,Galicia,HOSTELERÍA Y TURISMO,86.4,SUPERIOR,10,11,2,1
AMBOS SEXOS,Galicia,IMAGEN PERSONAL,85.5,SUPERIOR,11,11,2,1
AMBOS SEXOS,Galicia,IMAGEN Y SONIDO,87.6,SUPERIOR,12,11,2,1
AMBOS SEXOS,Galicia,INDUSTRIAS ALIMENTARIAS,74.1,SUPERIOR,13,11,2,1
AMBOS SEXOS,Galicia,INFORMÁTICA Y COMUNICACIONES,78.8,SUPERIOR,15,11,2,1
AMBOS SEXOS,Galicia,INSTALACIÓN Y MANTENIMIENTO,85.1,SUPERIOR,16,11,2,1
AMBOS SEXOS,Galicia,"MADERA, MUEBLE Y CORCHO",79.6,SUPERIOR,17,11,2,1
AMBOS SEXOS,Galicia,MARÍTIMO-PESQUERA,88.7,SUPERIOR,18,11,2,1
AMBOS SEXOS,Galicia,QUÍMICA,81.5,SUPERIOR,19,11,2,1
AMBOS SEXOS,Galicia,SANIDAD,92.7,SUPERIOR,20,11,2,1
AMBOS SEXOS,Galicia,SEGURIDAD Y MEDIO AMBIENTE,85.1,SUPERIOR,21,11,2,1
AMBOS SEXOS,Galicia,SERVICIOS SOCIOCULTURALES Y A LA COMUNIDAD,94.0,SUPERIOR,22,11,2,1
AMBOS SEXOS,Galicia,"TEXTIL, CONFECCIÓN Y PIEL",85.8,SUPERIOR,23,11,2,1
AMBOS SEXOS,Galicia,TRANSPORTE Y MANTENIMIENTO DE VEHÍCULOS,88.9,SUPERIOR,24,11,2,1
AMBOS SEXOS,Comunidad de Madrid,ACTIVIDADES FÍSICAS Y DEPORTIVAS,88.7,SUPERIOR,0,8,2,1
AMBOS SEXOS,Comunidad de Madrid,ADMINISTRACIÓN Y GESTIÓN,80.4,SUPERIOR,1,8,2,1
AMBOS SEXOS,Comunidad de Madrid,AGRARIA,65.9,SUPERIOR,2,8,2,1
AMBOS SEXOS,Comunidad de Madrid,ARTES GRÁFICAS,92.1,SUPERIOR,3,8,2,1
AMBOS SEXOS,Comunidad de Madrid,COMERCIO Y MARKETING,84.7,SUPERIOR,5,8,2,1
AMBOS SEXOS,Comunidad de Madrid,EDIFICACIÓN Y OBRA CIVIL,77.0,SUPERIOR,6,8,2,1
AMBOS SEXOS,Comunidad de Madrid,ELECTRICIDAD Y ELECTRÓNICA,83.3,SUPERIOR,7,8,2,1
AMBOS SEXOS,Comunidad de Madrid,ENERGÍA Y AGUA,74.6,SUPERIOR,8,8,2,1
AMBOS SEXOS,Comunidad de Madrid,FABRICACIÓN MECÁNICA,72.2,SUPERIOR,9,8,2,1
AMBOS SEXOS,Comunidad de Madrid,HOSTELERÍA Y TURISMO,79.1,SUPERIOR,10,8,2,1
AMBOS SEXOS,Comunidad de Madrid,IMAGEN PERSONAL,89.6,SUPERIOR,11,8,2,1
AMBOS SEXOS,Comunidad de Madrid,IMAGEN Y SONIDO,92.7,SUPERIOR,12,8,2,1
AMBOS SEXOS,Comunidad de Madrid,INDUSTRIAS ALIMENTARIAS,75.7,SUPERIOR,13,8,2,1
AMBOS SEXOS,Comunidad de Madrid,INFORMÁTICA Y COMUNICACIONES,84.6,SUPERIOR,15,8,2,1
AMBOS SEXOS,Comunidad de Madrid,INSTALACIÓN Y MANTENIMIENTO,74.3,SUPERIOR,16,8,2,1
AMBOS SEXOS,Comunidad de Madrid,"MADERA, MUEBLE Y CORCHO",85.2,SUPERIOR,17,8,2,1
AMBOS SEXOS,Comunidad de Madrid,QUÍMICA,72.2,SUPERIOR,19,8,2,1
AMBOS SEXOS,Comunidad de Madrid,SANIDAD,90.2,SUPERIOR,20,8,2,1
AMBOS SEXOS,Comunidad de Madrid,SEGURIDAD Y MEDIO AMBIENTE,75.8,SUPERIOR,21,8,2,1
AMBOS SEXOS,Comunidad de Madrid,SERVICIOS SOCIOCULTURALES Y A LA COMUNIDAD,88.8,SUPERIOR,22,8,2,1
AMBOS SEXOS,Comunidad de Madrid,"TEXTIL, CONFECCIÓN Y PIEL",86.6,SUPERIOR,23,8,2,1
AMBOS SEXOS,Comunidad de Madrid,TRANSPORTE Y MANTENIMIENTO DE VEHÍCULOS,82.2,SUPERIOR,24,8,2,1
AMBOS SEXOS,Región de Murcia,ACTIVIDADES FÍSICAS Y DEPORTIVAS,89.3,SUPERIOR,0,17,2,1
AMBOS SEXOS,Región de Murcia,ADMINISTRACIÓN Y GESTIÓN,85.2,SUPERIOR,1,17,2,1
AMBOS SEXOS,Región de Murcia,AGRARIA,87.4,SUPERIOR,2,17,2,1
AMBOS SEXOS,Región de Murcia,ARTES GRÁFICAS,58.8,SUPERIOR,3,17,2,0
AMBOS SEXOS,Región de Murcia,COMERCIO Y MARKETING,87.8,SUPERIOR,5,17,2,1
AMBOS SEXOS,Región de Murcia,EDIFICACIÓN Y OBRA CIVIL,70.3,SUPERIOR,6,17,2,1
AMBOS SEXOS,Región de Murcia,ELECTRICIDAD Y ELECTRÓNICA,80.1,SUPERIOR,7,17,2,1
AMBOS SEXOS,Región de Murcia,ENERGÍA Y AGUA,80.0,SUPERIOR,8,17,2,1
AMBOS SEXOS,Región de Murcia,FABRICACIÓN MECÁNICA,76.6,SUPERIOR,9,17,2,1
AMBOS SEXOS,Región de Murcia,HOSTELERÍA Y TURISMO,76.5,SUPERIOR,10,17,2,1
AMBOS SEXOS,Región de Murcia,IMAGEN PERSONAL,84.6,SUPERIOR,11,17,2,1
AMBOS SEXOS,Región de Murcia,IMAGEN Y SONIDO,92.8,SUPERIOR,12,17,2,1
AMBOS SEXOS,Región de Murcia,INDUSTRIAS ALIMENTARIAS,85.2,SUPERIOR,13,17,2,1
AMBOS SEXOS,Región de Murcia,INFORMÁTICA Y COMUNICACIONES,79.1,SUPERIOR,15,17,2,1
AMBOS SEXOS,Región de Murcia,INSTALACIÓN Y MANTENIMIENTO,77.6,SUPERIOR,16,17,2,1
AMBOS SEXOS,Región de Murcia,MARÍTIMO-PESQUERA,78.7,SUPERIOR,18,17,2,1
AMBOS SEXOS,Región de Murcia,QUÍMICA,89.4,SUPERIOR,19,17,2,1
AMBOS SEXOS,Región de Murcia,SANIDAD,89.1,SUPERIOR,20,17,2,1
AMBOS SEXOS,Región de Murcia,SEGURIDAD Y MEDIO AMBIENTE,83.0,SUPERIOR,21,17,2,1
AMBOS SEXOS,Región de Murcia,SERVICIOS SOCIOCULTURALES Y A LA COMUNIDAD,91.8,SUPERIOR,22,17,2,1
AMBOS SEXOS,Región de Murcia,"TEXTIL, CONFECCIÓN Y PIEL",92.2,SUPERIOR,23,17,2,1
AMBOS SEXOS,Región de Murcia,TRANSPORTE Y MANTENIMIENTO DE VEHÍCULOS,88.0,SUPERIOR,24,17,2,1
AMBOS SEXOS,Comunidad Foral de Navarra,ACTIVIDADES FÍSICAS Y DEPORTIVAS,94.9,SUPERIOR,0,7,2,1
AMBOS SEXOS,Comunidad Foral de Navarra,ADMINISTRACIÓN Y GESTIÓN,92.3,SUPERIOR,1,7,2,1
AMBOS SEXOS,Comunidad Foral de Navarra,AGRARIA,93.7,SUPERIOR,2,7,2,1
AMBOS SEXOS,Comunidad Foral de Navarra,ARTES GRÁFICAS,88.2,SUPERIOR,3,7,2,1
AMBOS SEXOS,Comunidad Foral de Navarra,COMERCIO Y MARKETING,90.4,SUPERIOR,5,7,2,1
AMBOS SEXOS,Comunidad Foral de Navarra,EDIFICACIÓN Y OBRA CIVIL,77.7,SUPERIOR,6,7,2,1
AMBOS SEXOS,Comunidad Foral de Navarra,ELECTRICIDAD Y ELECTRÓNICA,85.2,SUPERIOR,7,7,2,1
AMBOS SEXOS,Comunidad Foral de Navarra,ENERGÍA Y AGUA,87.8,SUPERIOR,8,7,2,1
AMBOS SEXOS,Comunidad Foral de Navarra,FABRICACIÓN MECÁNICA,86.1,SUPERIOR,9,7,2,1
AMBOS SEXOS,Comunidad Foral de Navarra,HOSTELERÍA Y TURISMO,86.9,SUPERIOR,10,7,2,1
AMBOS SEXOS,Comunidad Foral de Navarra,IMAGEN PERSONAL,88.8,SUPERIOR,11,7,2,1
AMBOS SEXOS,Comunidad Foral de Navarra,IMAGEN Y SONIDO,88.5,SUPERIOR,12,7,2,1
AMBOS SEXOS,Comunidad Foral de Navarra,INDUSTRIAS ALIMENTARIAS,79.8,SUPERIOR,13,7,2,1
AMBOS SEXOS,Comunidad Foral de Navarra,INFORMÁTICA Y COMUNICACIONES,85.0,SUPERIOR,15,7,2,1
AMBOS SEXOS,Comunidad Foral de Navarra,INSTALACIÓN Y MANTENIMIENTO,87.5,SUPERIOR,16,7,2,1
AMBOS SEXOS,Comunidad Foral de Navarra,"MADERA, MUEBLE Y CORCHO",94.4,SUPERIOR,17,7,2,1
AMBOS SEXOS,Comunidad Foral de Navarra,QUÍMICA,93.4,SUPERIOR,19,7,2,1
AMBOS SEXOS,Comunidad Foral de Navarra,SANIDAD,94.9,SUPERIOR,20,7,2,1
AMBOS SEXOS,Comunidad Foral de Navarra,SEGURIDAD Y MEDIO AMBIENTE,94.2,SUPERIOR,21,7,2,1
AMBOS SEXOS,Comunidad Foral de Navarra,SERVICIOS SOCIOCULTURALES Y A LA COMUNIDAD,92.5,SUPERIOR,22,7,2,1
AMBOS SEXOS,Comunidad Foral de Navarra,TRANSPORTE Y MANTENIMIENTO DE VEHÍCULOS,91.9,SUPERIOR,24,7,2,1
AMBOS SEXOS,País Vasco,ACTIVIDADES FÍSICAS Y DEPORTIVAS,98.1,SUPERIOR,0,15,2,1
AMBOS SEXOS,País Vasco,ADMINISTRACIÓN Y GESTIÓN,96.1,SUPERIOR,1,15,2,1
AMBOS SEXOS,País Vasco,AGRARIA,89.1,SUPERIOR,2,15,2,1
AMBOS SEXOS,País Vasco,ARTES GRÁFICAS,94.0,SUPERIOR,3,15,2,1
AMBOS SEXOS,País Vasco,COMERCIO Y MARKETING,96.3,SUPERIOR,5,15,2,1
AMBOS SEXOS,País Vasco,EDIFICACIÓN Y OBRA CIVIL,96.8,SUPERIOR,6,15,2,1
AMBOS SEXOS,País Vasco,ELECTRICIDAD Y ELECTRÓNICA,94.1,SUPERIOR,7,15,2,1
AMBOS SEXOS,País Vasco,ENERGÍA Y AGUA,91.9,SUPERIOR,8,15,2,1
AMBOS SEXOS,País Vasco,FABRICACIÓN MECÁNICA,96.0,SUPERIOR,9,15,2,1
AMBOS SEXOS,País Vasco,HOSTELERÍA Y TURISMO,94.9,SUPERIOR,10,15,2,1
AMBOS SEXOS,País Vasco,IMAGEN PERSONAL,98.1,SUPERIOR,11,15,2,1
AMBOS SEXOS,País Vasco,IMAGEN Y SONIDO,95.3,SUPERIOR,12,15,2,1
AMBOS SEXOS,País Vasco,INDUSTRIAS ALIMENTARIAS,96.5,SUPERIOR,13,15,2,1
AMBOS SEXOS,País Vasco,INFORMÁTICA Y COMUNICACIONES,94.6,SUPERIOR,15,15,2,1
AMBOS SEXOS,País Vasco,INSTALACIÓN Y MANTENIMIENTO,94.7,SUPERIOR,16,15,2,1
AMBOS SEXOS,País Vasco,"MADERA, MUEBLE Y CORCHO",91.2,SUPERIOR,17,15,2,1
AMBOS SEXOS,País Vasco,MARÍTIMO-PESQUERA,94.5,SUPERIOR,18,15,2,1
AMBOS SEXOS,País Vasco,QUÍMICA,97.1,SUPERIOR,19,15,2,1
AMBOS SEXOS,País Vasco,SANIDAD,93.9,SUPERIOR,20,15,2,1
AMBOS SEXOS,País Vasco,SEGURIDAD Y MEDIO AMBIENTE,92.6,SUPERIOR,21,15,2,1
AMBOS SEXOS,País Vasco,SERVICIOS SOCIOCULTURALES Y A LA COMUNIDAD,97.1,SUPERIOR,22,15,2,1
AMBOS SEXOS,País Vasco,"TEXTIL, CONFECCIÓN Y PIEL",94.0,SUPERIOR,23,15,2,1
AMBOS SEXOS,País Vasco,TRANSPORTE Y MANTENIMIENTO DE VEHÍCULOS,96.2,SUPERIOR,24,15,2,1
AMBOS SEXOS,La Rioja,ACTIVIDADES FÍSICAS Y DEPORTIVAS,83.9,SUPERIOR,0,13,2,1
AMBOS SEXOS,La Rioja,ADMINISTRACIÓN Y GESTIÓN,86.4,SUPERIOR,1,13,2,1
AMBOS SEXOS,La Rioja,AGRARIA,67.5,SUPERIOR,2,13,2,1
AMBOS SEXOS,La Rioja,COMERCIO Y MARKETING,88.4,SUPERIOR,5,13,2,1
AMBOS SEXOS,La Rioja,EDIFICACIÓN Y OBRA CIVIL,80.5,SUPERIOR,6,13,2,1
AMBOS SEXOS,La Rioja,ELECTRICIDAD Y ELECTRÓNICA,80.4,SUPERIOR,7,13,2,1
AMBOS SEXOS,La Rioja,ENERGÍA Y AGUA,98.2,SUPERIOR,8,13,2,1
AMBOS SEXOS,La Rioja,FABRICACIÓN MECÁNICA,84.7,SUPERIOR,9,13,2,1
AMBOS SEXOS,La Rioja,HOSTELERÍA Y TURISMO,90.5,SUPERIOR,10,13,2,1
AMBOS SEXOS,La Rioja,IMAGEN PERSONAL,89.5,SUPERIOR,11,13,2,1
AMBOS SEXOS,La Rioja,INDUSTRIAS ALIMENTARIAS,81.2,SUPERIOR,13,13,2,1
AMBOS SEXOS,La Rioja,INFORMÁTICA Y COMUNICACIONES,86.9,SUPERIOR,15,13,2,1
AMBOS SEXOS,La Rioja,INSTALACIÓN Y MANTENIMIENTO,85.5,SUPERIOR,16,13,2,1
AMBOS SEXOS,La Rioja,QUÍMICA,90.2,SUPERIOR,19,13,2,1
AMBOS SEXOS,La Rioja,SANIDAD,90.1,SUPERIOR,20,13,2,1
AMBOS SEXOS,La Rioja,SEGURIDAD Y MEDIO AMBIENTE,70.8,SUPERIOR,21,13,2,1
AMBOS SEXOS,La Rioja,SERVICIOS SOCIOCULTURALES Y A LA COMUNIDAD,92.0,SUPERIOR,22,13,2,1
AMBOS SEXOS,La Rioja,"TEXTIL, CONFECCIÓN Y PIEL",88.5,SUPERIOR,23,13,2,1
AMBOS SEXOS,La Rioja,TRANSPORTE Y MANTENIMIENTO DE VEHÍCULOS,89.8,SUPERIOR,24,13,2,1
AMBOS SEXOS,Ceuta,ACTIVIDADES FÍSICAS Y DEPORTIVAS,79.7,SUPERIOR,0,6,2,1
AMBOS SEXOS,Ceuta,ADMINISTRACIÓN Y GESTIÓN,0.0,SUPERIOR,1,6,2,0
AMBOS SEXOS,Ceuta,AGRARIA,58.8,SUPERIOR,2,6,2,0
AMBOS SEXOS,Ceuta,COMERCIO Y MARKETING,0.0,SUPERIOR,5,6,2,0
AMBOS SEXOS,Ceuta,EDIFICACIÓN Y OBRA CIVIL,63.7,SUPERIOR,6,6,2,1
AMBOS SEXOS,Ceuta,ELECTRICIDAD Y ELECTRÓNICA,69.3,SUPERIOR,7,6,2,1
AMBOS SEXOS,Ceuta,ENERGÍA Y AGUA,84.7,SUPERIOR,8,6,2,1
AMBOS SEXOS,Ceuta,HOSTELERÍA Y TURISMO,76.7,SUPERIOR,10,6,2,1
AMBOS SEXOS,Ceuta,IMAGEN PERSONAL,78.3,SUPERIOR,11,6,2,1
AMBOS SEXOS,Ceuta,IMAGEN Y SONIDO,85.9,SUPERIOR,12,6,2,1
AMBOS SEXOS,Ceuta,INFORMÁTICA Y COMUNICACIONES,0.0,SUPERIOR,15,6,2,0
AMBOS SEXOS,Ceuta,SANIDAD,66.3,SUPERIOR,20,6,2,1
AMBOS SEXOS,Ceuta,SEGURIDAD Y MEDIO AMBIENTE,59.7,SUPERIOR,21,6,2,1
AMBOS SEXOS,Ceuta,SERVICIOS SOCIOCULTURALES Y A LA COMUNIDAD,87.4,SUPERIOR,22,6,2,1
AMBOS SEXOS,Ceuta,TRANSPORTE Y MANTENIMIENTO DE VEHÍCULOS,55.3,SUPERIOR,24,6,2,1
AMBOS SEXOS,Melilla,ACTIVIDADES FÍSICAS Y DEPORTIVAS,60.8,SUPERIOR,0,14,2,0
AMBOS SEXOS,Melilla,ADMINISTRACIÓN Y GESTIÓN,68.4,SUPERIOR,1,14,2,1
AMBOS SEXOS,Melilla,COMERCIO Y MARKETING,85.9,SUPERIOR,5,14,2,1
AMBOS SEXOS,Melilla,ELECTRICIDAD Y ELECTRÓNICA,81.1,SUPERIOR,7,14,2,1
AMBOS SEXOS,Melilla,HOSTELERÍA Y TURISMO,73.7,SUPERIOR,10,14,2,1
AMBOS SEXOS,Melilla,IMAGEN Y SONIDO,73.9,SUPERIOR,12,14,2,1
AMBOS SEXOS,Melilla,INFORMÁTICA Y COMUNICACIONES,59.5,SUPERIOR,15,14,2,1
AMBOS SEXOS,Melilla,SANIDAD,92.5,SUPERIOR,20,14,2,1
AMBOS SEXOS,Melilla,SEGURIDAD Y MEDIO AMBIENTE,48.3,SUPERIOR,21,14,2,0
AMBOS SEXOS,Melilla,SERVICIOS SOCIOCULTURALES Y A LA COMUNIDAD,90.8,SUPERIOR,22,14,2,1
AMBOS SEXOS,Melilla,TRANSPORTE Y MANTENIMIENTO DE VEHÍCULOS,74.7,SUPERIOR,24,14,2,1
